,cod_transacao,cod_calendario,cod_operacoes,cod_produto,quantidade_produto,cod_cliente,cod_servico,quantidade_servico,data_criacao,data_alteracao
0,5e3784cf,110,5,201,3,aaa7dca8,,,2026-07-15,2026-07-15
1,ee5d2395,553,3,201,4,bc297930,,,2026-07-15,2026-07-15
2,ac18119d,111,3,205,4,63369e6c,,,2026-07-15,2026-07-15
3,7a1daf2c,231,1,204,3,9efecf41,,,2026-07-15,2026-07-15
4,52afe41c,131,4,204,3,ef5f41ce,,,2026-07-15,2026-07-15
5,be128d1a,532,4,202,4,f7817da3,,,2026-07-15,2026-07-15
6,ab1dba15,114,1,204,4,5ae61d1c,,,2026-07-15,2026-07-15
7,7c0dd84c,395,4,203,4,62bfa0d9,,,2026-07-15,2026-07-15
8,f51e3cb3,121,6,203,3,a638b4b0,,,2026-07-15,2026-07-15
9,e0525049,34,2,201,2,e6d45de3,,,2026-07-15,2026-07-15
10,2c14627c,452,3,205,3,7ad06864,,,2026-07-15,2026-07-15
11,f97a5cf0,213,5,205,4,3f26afe9,,,2026-07-15,2026-07-15
12,6fc648dd,455,1,204,4,c49ff99c,,,2026-07-15,2026-07-15
13,39b555b7,588,6,203,4,d2599bb6,,,2026-07-15,2026-07-15
14,80b3c857,403,6,203,5,c4cdb41c,,,2026-07-15,2026-07-15
15,f0634e7e,373,7,201,1,112f9cab,,,2026-07-15,2026-07-15
16,5e4a9964,346,1,204,2,fc9cf0b8,,,2026-07-15,2026-07-15
17,cd693daa,509,1,205,2,aece207c,,,2026-07-15,2026-07-15
18,a904df73,668,2,204,5,e5d0ffbb,,,2026-07-15,2026-07-15
19,53da15ce,383,2,205,5,b4ca029a,,,2026-07-15,2026-07-15
20,b3756ff2,657,1,202,2,d2c89978,,,2026-07-15,2026-07-15
21,d27c4f92,606,6,205,2,69b06aa6,,,2026-07-15,2026-07-15
22,aad528bd,216,2,205,5,99fed753,,,2026-07-15,2026-07-15
23,0d76b547,10,3,202,3,6f2a321a,,,2026-07-15,2026-07-15
24,808033fc,674,2,205,3,b51ae2f1,,,2026-07-15,2026-07-15
25,a9f9f0fc,252,4,204,3,9349d295,,,2026-07-15,2026-07-15
26,f342064e,529,6,202,5,8125c6f0,,,2026-07-15,2026-07-15
27,d1523c57,589,2,205,5,9efecf41,,,2026-07-15,2026-07-15
28,bc8106a5,233,2,201,3,77c6d634,,,2026-07-15,2026-07-15
29,17494522,197,3,201,2,aaa7dca8,,,2026-07-15,2026-07-15
30,58f7c635,378,5,202,1,ac2c30bf,,,2026-07-15,2026-07-15
31,5cf6d5d4,671,5,201,1,c1b30594,,,2026-07-15,2026-07-15
32,e4d41709,631,3,204,3,70bfbcda,,,2026-07-15,2026-07-15
33,aac6a3d4,134,2,203,3,f399f8e1,,,2026-07-15,2026-07-15
34,d8d1232f,64,7,204,2,641c61ac,,,2026-07-15,2026-07-15
35,770479a8,364,1,201,3,8d3cc46f,,,2026-07-15,2026-07-15
36,e6d227b4,293,6,204,1,e3ec02d4,,,2026-07-15,2026-07-15
37,9f8fe2e5,196,3,201,5,1aaa9d3a,,,2026-07-15,2026-07-15
38,f8ed5da1,179,3,202,4,a638b4b0,,,2026-07-15,2026-07-15
39,4238b640,34,6,203,1,ae76cc5c,,,2026-07-15,2026-07-15
40,b9e96593,378,7,205,4,f12d0983,,,2026-07-15,2026-07-15
41,60f76f7d,381,1,202,1,d92199d8,,,2026-07-15,2026-07-15
42,0fff82d2,171,1,201,1,ae0deda5,,,2026-07-15,2026-07-15
43,2f0bd4dc,572,4,204,3,e1e17a72,,,2026-07-15,2026-07-15
44,115de18e,35,2,204,1,63baf574,,,2026-07-15,2026-07-15
45,ec6f8a8b,296,1,204,3,63baf574,,,2026-07-15,2026-07-15
46,9effe7e9,124,3,204,2,247dccf1,,,2026-07-15,2026-07-15
47,81e27f16,684,6,201,4,6780333b,,,2026-07-15,2026-07-15
48,782a83a2,206,6,203,1,0d484e5f,,,2026-07-15,2026-07-15
49,692cff51,416,1,205,2,442d941c,,,2026-07-15,2026-07-15
50,d8fe17cc,46,5,204,4,a84540d1,,,2026-07-15,2026-07-15
51,0feedfda,413,1,201,3,822c1444,,,2026-07-15,2026-07-15
52,e30afe28,490,3,205,4,bd47b713,,,2026-07-15,2026-07-15
53,efc99b44,595,4,202,2,5e4299db,,,2026-07-15,2026-07-15
54,99b4cf56,470,2,203,5,69b06aa6,,,2026-07-15,2026-07-15
55,1a065a6c,215,4,202,4,0cfefde4,,,2026-07-15,2026-07-15
56,4cedf0fb,415,1,204,4,9dd48364,,,2026-07-15,2026-07-15
57,6172e065,364,3,205,3,cee867e3,,,2026-07-15,2026-07-15
58,cc8d199d,499,7,202,4,5482a297,,,2026-07-15,2026-07-15
59,cd952caa,48,5,201,2,42d0014c,,,2026-07-15,2026-07-15
60,8bf0e23a,706,4,205,3,dd3198d1,,,2026-07-15,2026-07-15
61,3c8bb1bc,468,6,204,4,0b6ae467,,,2026-07-15,2026-07-15
62,b0d84a3a,521,7,202,3,aaa7dca8,,,2026-07-15,2026-07-15
63,e5c5caa7,637,3,203,3,6b3185b0,,,2026-07-15,2026-07-15
64,2f9e752f,723,5,201,1,4392286c,,,2026-07-15,2026-07-15
65,9ef87ac8,533,7,205,3,8111bc07,,,2026-07-15,2026-07-15
66,4bb5c007,274,1,204,1,95ec6e5b,,,2026-07-15,2026-07-15
67,51c52584,28,3,204,5,92f2fd13,,,2026-07-15,2026-07-15
68,4692a824,325,7,202,1,6b3185b0,,,2026-07-15,2026-07-15
69,a3552a13,295,4,204,1,5f2ab070,,,2026-07-15,2026-07-15
70,6422808c,291,1,204,1,2d45f6bd,,,2026-07-15,2026-07-15
71,dc3df0f8,137,3,203,4,bc297930,,,2026-07-15,2026-07-15
72,7625f937,140,4,203,3,6a0cd270,,,2026-07-15,2026-07-15
73,9de151b1,296,7,201,1,43b89e78,,,2026-07-15,2026-07-15
74,222b308e,8,5,203,1,1242762d,,,2026-07-15,2026-07-15
75,915af065,530,5,202,5,e89b35ce,,,2026-07-15,2026-07-15
76,6c581271,613,5,205,2,53648c48,,,2026-07-15,2026-07-15
77,1f196082,688,6,205,5,d8a2bbd7,,,2026-07-15,2026-07-15
78,0d16987f,197,7,201,5,03f0acfa,,,2026-07-15,2026-07-15
79,0e74c772,122,2,202,2,dd88df46,,,2026-07-15,2026-07-15
80,618222f5,100,7,205,4,8b319808,,,2026-07-15,2026-07-15
81,b46d1724,632,7,204,5,3fc80484,,,2026-07-15,2026-07-15
82,b0161ad9,257,3,203,3,7b748fb3,,,2026-07-15,2026-07-15
83,963a4f4b,634,5,202,4,112f9cab,,,2026-07-15,2026-07-15
84,c470e18f,544,3,202,3,abeb982e,,,2026-07-15,2026-07-15
85,5b212881,552,3,203,1,45c95088,,,2026-07-15,2026-07-15
86,93f1d633,722,7,202,4,e1e17a72,,,2026-07-15,2026-07-15
87,e1d33f51,322,1,202,2,f2fc7978,,,2026-07-15,2026-07-15
88,138c00d9,170,1,204,4,3832abbc,,,2026-07-15,2026-07-15
89,fa469546,42,5,204,1,cd901af9,,,2026-07-15,2026-07-15
90,44b9ca80,397,5,204,2,6ee48559,,,2026-07-15,2026-07-15
91,5079faa0,522,3,203,5,a84540d1,,,2026-07-15,2026-07-15
92,77128118,372,7,204,5,25faaa82,,,2026-07-15,2026-07-15
93,04c0d80c,144,1,205,2,aefc1727,,,2026-07-15,2026-07-15
94,53e5a56b,511,4,203,3,de084e17,,,2026-07-15,2026-07-15
95,5ff27231,560,5,205,3,01974f0f,,,2026-07-15,2026-07-15
96,dddc8547,441,2,202,3,ee98f97e,,,2026-07-15,2026-07-15
97,f21985f1,670,5,204,1,ae76cc5c,,,2026-07-15,2026-07-15
98,3402ace1,185,6,205,2,0fcaa55a,,,2026-07-15,2026-07-15
99,827123a8,241,5,202,4,32029984,,,2026-07-15,2026-07-15
100,644c28c1,14,1,204,2,6e76c557,,,2026-07-15,2026-07-15
101,c4fffd26,135,5,202,3,c84a0390,,,2026-07-15,2026-07-15
102,4c117875,40,2,204,4,f971e386,,,2026-07-15,2026-07-15
103,c89452ae,41,2,201,2,50987e86,,,2026-07-15,2026-07-15
104,9a67a483,204,4,204,2,247dccf1,,,2026-07-15,2026-07-15
105,bca328db,594,4,202,1,ac535caa,,,2026-07-15,2026-07-15
106,5ff4b345,162,2,202,5,10f10b2b,,,2026-07-15,2026-07-15
107,14557544,597,6,201,2,3f26afe9,,,2026-07-15,2026-07-15
108,7a474e40,361,2,202,2,fdb588e8,,,2026-07-15,2026-07-15
109,3d806d7c,299,4,201,1,ac2c30bf,,,2026-07-15,2026-07-15
110,263ca1f2,51,2,203,1,e75bb09b,,,2026-07-15,2026-07-15
111,cda33dc7,541,1,204,2,b716556b,,,2026-07-15,2026-07-15
112,2a4b2a8f,539,2,205,3,367ca016,,,2026-07-15,2026-07-15
113,aa6754b0,416,4,205,4,7bc42b05,,,2026-07-15,2026-07-15
114,839bc417,212,7,203,4,195b4c1c,,,2026-07-15,2026-07-15
115,f9c32f5c,461,7,204,3,7a5bc5c2,,,2026-07-15,2026-07-15
116,f16e82e4,509,6,205,3,aaa7dca8,,,2026-07-15,2026-07-15
117,4518f7ba,534,7,202,2,944084a9,,,2026-07-15,2026-07-15
118,8a1b26ec,595,3,204,1,62bfa0d9,,,2026-07-15,2026-07-15
119,dc9333b2,585,5,205,5,021c675d,,,2026-07-15,2026-07-15
120,e381c158,221,3,202,1,ec486749,,,2026-07-15,2026-07-15
121,67c30385,82,1,203,4,367ca016,,,2026-07-15,2026-07-15
122,0e996854,444,5,201,3,f169683e,,,2026-07-15,2026-07-15
123,cd5f7b97,53,3,202,4,13a46227,,,2026-07-15,2026-07-15
124,cbd95032,699,2,201,4,548dc0b3,,,2026-07-15,2026-07-15
125,21fcc79b,242,1,204,1,718406a2,,,2026-07-15,2026-07-15
126,900b8fa0,127,3,201,2,4363b8d6,,,2026-07-15,2026-07-15
127,3b942e89,507,4,202,3,3110a49a,,,2026-07-15,2026-07-15
128,eb8fa5d5,281,6,201,3,e6d45de3,,,2026-07-15,2026-07-15
129,c860f6ff,232,5,201,5,5905a3e7,,,2026-07-15,2026-07-15
130,890431a4,307,7,201,3,7704f92c,,,2026-07-15,2026-07-15
131,0085606c,581,1,204,5,e03caed0,,,2026-07-15,2026-07-15
132,f1f50ceb,633,4,202,4,0fcaa55a,,,2026-07-15,2026-07-15
133,5d7501d7,97,2,202,3,fdb588e8,,,2026-07-15,2026-07-15
134,833cdb50,263,6,201,2,bde42cc1,,,2026-07-15,2026-07-15
135,7f4b2823,380,3,202,2,4db20d32,,,2026-07-15,2026-07-15
136,34229b09,170,5,204,2,91c9bcd7,,,2026-07-15,2026-07-15
137,3f9e93c8,16,2,203,3,27c530c5,,,2026-07-15,2026-07-15
138,413532fd,375,4,203,2,6b71e7b7,,,2026-07-15,2026-07-15
139,ebcdc596,258,6,205,3,57be6156,,,2026-07-15,2026-07-15
140,d3724092,344,4,203,1,943eab83,,,2026-07-15,2026-07-15
141,13c13901,719,6,201,1,f399f8e1,,,2026-07-15,2026-07-15
142,eed31a57,116,2,201,1,9efecf41,,,2026-07-15,2026-07-15
143,554131df,217,1,205,1,63369e6c,,,2026-07-15,2026-07-15
144,a9366da0,195,3,203,3,367ca016,,,2026-07-15,2026-07-15
145,9f5f8a59,528,3,205,5,0a18e760,,,2026-07-15,2026-07-15
146,2ebc5051,266,4,201,1,ef5f41ce,,,2026-07-15,2026-07-15
147,f8c9b241,387,3,202,3,ada44e5b,,,2026-07-15,2026-07-15
148,a7878836,264,4,205,2,2d45f6bd,,,2026-07-15,2026-07-15
149,beccee1d,720,1,201,2,e224a8c6,,,2026-07-15,2026-07-15
150,6ec3d258,84,6,203,4,163d0b32,,,2026-07-15,2026-07-15
151,da459853,613,3,201,4,e03caed0,,,2026-07-15,2026-07-15
152,a8c8dc55,89,7,203,5,25b7eced,,,2026-07-15,2026-07-15
153,7f574a65,492,6,201,4,a638b4b0,,,2026-07-15,2026-07-15
154,25baa6ac,123,4,204,3,6b6d0941,,,2026-07-15,2026-07-15
155,ef3789ba,494,7,205,5,7fddfb89,,,2026-07-15,2026-07-15
156,268356cb,220,2,205,4,c05e9193,,,2026-07-15,2026-07-15
157,0141d035,352,5,203,1,19a61dd4,,,2026-07-15,2026-07-15
158,f2f6f013,99,5,205,2,b730e9e6,,,2026-07-15,2026-07-15
159,f9d39dc4,642,3,202,1,c6934f84,,,2026-07-15,2026-07-15
160,b21eed68,96,3,203,2,6a0cd270,,,2026-07-15,2026-07-15
161,b114ab39,92,1,201,3,6e76c557,,,2026-07-15,2026-07-15
162,375a4641,319,6,205,3,3cc541a7,,,2026-07-15,2026-07-15
163,937b054d,642,2,201,3,a93aa731,,,2026-07-15,2026-07-15
164,f922d852,190,5,203,1,9ac47356,,,2026-07-15,2026-07-15
165,eb4cd65f,686,6,202,3,3c63e5d3,,,2026-07-15,2026-07-15
166,c35cff58,467,7,201,1,2a9b3aaa,,,2026-07-15,2026-07-15
167,728ea4ee,389,2,204,1,fdb588e8,,,2026-07-15,2026-07-15
168,38960189,219,1,202,2,e75bb09b,,,2026-07-15,2026-07-15
169,b80adc13,509,1,205,4,4ba49536,,,2026-07-15,2026-07-15
170,3eea8b6f,37,6,204,5,d8edbef1,,,2026-07-15,2026-07-15
171,f0e27cee,452,2,201,1,1f937553,,,2026-07-15,2026-07-15
172,9e8a8831,374,5,204,4,2dcdeda3,,,2026-07-15,2026-07-15
173,6dad9676,30,2,202,1,f399f8e1,,,2026-07-15,2026-07-15
174,d4a386ee,653,6,201,3,f169683e,,,2026-07-15,2026-07-15
175,e1d2a782,177,5,204,4,a8a7db6d,,,2026-07-15,2026-07-15
176,7ddbc961,602,3,203,2,a79b76cb,,,2026-07-15,2026-07-15
177,f1c7f75d,169,5,205,2,5ae61d1c,,,2026-07-15,2026-07-15
178,d5fe46f5,180,1,205,3,38daf3c5,,,2026-07-15,2026-07-15
179,e19b4597,595,1,202,2,38daf3c5,,,2026-07-15,2026-07-15
180,28351f1a,505,4,202,3,aefc1727,,,2026-07-15,2026-07-15
181,e8193f23,318,4,202,1,6f28469e,,,2026-07-15,2026-07-15
182,6c43989b,271,2,202,2,1e4cea7e,,,2026-07-15,2026-07-15
183,750d0e93,17,3,203,2,9e7dae2e,,,2026-07-15,2026-07-15
184,2776f915,84,4,205,5,6b71e7b7,,,2026-07-15,2026-07-15
185,6fb3ba57,61,3,205,1,827ac471,,,2026-07-15,2026-07-15
186,94f67855,381,5,205,5,7643c1ee,,,2026-07-15,2026-07-15
187,47c12a5c,118,1,201,1,77449c06,,,2026-07-15,2026-07-15
188,f7ff828a,640,5,201,5,b730e9e6,,,2026-07-15,2026-07-15
189,64de867b,105,5,205,3,ef5f41ce,,,2026-07-15,2026-07-15
190,ea830dfe,685,1,202,4,ce1b52ae,,,2026-07-15,2026-07-15
191,6c124db9,691,4,203,4,dd410d5f,,,2026-07-15,2026-07-15
192,4023dafd,338,5,202,2,5f2ab070,,,2026-07-15,2026-07-15
193,634ea134,627,6,204,2,3832abbc,,,2026-07-15,2026-07-15
194,61468985,621,2,201,5,718406a2,,,2026-07-15,2026-07-15
195,1068fe62,380,1,202,2,10f10b2b,,,2026-07-15,2026-07-15
196,7fc5e88c,229,1,205,2,1e59121b,,,2026-07-15,2026-07-15
197,1713f34e,163,6,205,5,4907af8c,,,2026-07-15,2026-07-15
198,4f18c6b1,245,3,201,1,4ce20b01,,,2026-07-15,2026-07-15
199,86c1fb00,673,1,201,4,6568690c,,,2026-07-15,2026-07-15
200,667e8407,95,2,203,5,5e4299db,,,2026-07-15,2026-07-15
201,c5924cbb,44,6,203,3,4d5e252e,,,2026-07-15,2026-07-15
202,afd13b1d,522,6,204,3,4db20d32,,,2026-07-15,2026-07-15
203,a14ab02f,686,2,205,1,d8b06558,,,2026-07-15,2026-07-15
204,81a76ac4,102,7,204,5,0a18e760,,,2026-07-15,2026-07-15
205,6ad1a82d,451,5,203,2,2a9b3aaa,,,2026-07-15,2026-07-15
206,ca5c5852,290,2,202,3,c50cc14e,,,2026-07-15,2026-07-15
207,a8d48f69,43,1,202,5,822c1444,,,2026-07-15,2026-07-15
208,042a5820,611,2,205,2,e75bb09b,,,2026-07-15,2026-07-15
209,76501569,320,3,204,4,53648c48,,,2026-07-15,2026-07-15
210,8ae468c8,313,3,203,5,eb3c1fb7,,,2026-07-15,2026-07-15
211,7cb151f8,162,5,202,1,c1b30594,,,2026-07-15,2026-07-15
212,05c42e9f,689,7,205,5,3c63e5d3,,,2026-07-15,2026-07-15
213,e5ec6108,616,6,203,5,b244f9d6,,,2026-07-15,2026-07-15
214,60cf8e83,575,3,204,3,01974f0f,,,2026-07-15,2026-07-15
215,b03580b4,187,7,203,4,c3a6c571,,,2026-07-15,2026-07-15
216,de7573d3,27,5,204,5,f27a730c,,,2026-07-15,2026-07-15
217,44926dcd,614,4,204,1,5a5bf759,,,2026-07-15,2026-07-15
218,48d74955,428,3,205,5,92f2fd13,,,2026-07-15,2026-07-15
219,bb08227c,94,2,202,2,b4065ef4,,,2026-07-15,2026-07-15
220,8b35b18f,570,5,203,3,e89b35ce,,,2026-07-15,2026-07-15
221,3400152b,632,7,202,3,58954ba4,,,2026-07-15,2026-07-15
222,42689428,262,3,202,5,6ef9ace3,,,2026-07-15,2026-07-15
223,b544357e,228,5,201,2,641c61ac,,,2026-07-15,2026-07-15
224,82d3de08,631,4,205,4,25faaa82,,,2026-07-15,2026-07-15
225,2f18ffb7,91,4,203,2,7fddfb89,,,2026-07-15,2026-07-15
226,005bfa1e,201,1,203,2,b03540b1,,,2026-07-15,2026-07-15
227,4c18dc1d,679,2,203,1,74258308,,,2026-07-15,2026-07-15
228,b1e3ae18,286,1,201,4,3d6a9dc8,,,2026-07-15,2026-07-15
229,dccbe9b6,441,5,201,1,86613e2d,,,2026-07-15,2026-07-15
230,484c9d0f,471,3,203,1,5a5bf759,,,2026-07-15,2026-07-15
231,cee5d197,26,5,204,5,1e6e7fcd,,,2026-07-15,2026-07-15
232,c9a31615,574,5,201,5,0b454108,,,2026-07-15,2026-07-15
233,6c03ac9d,337,3,201,1,fa578b09,,,2026-07-15,2026-07-15
234,c34e29d7,383,2,203,5,719fa89e,,,2026-07-15,2026-07-15
235,0e86b9d5,377,7,201,3,8ad52b25,,,2026-07-15,2026-07-15
236,a0d4bfa1,306,4,204,5,c475f6fc,,,2026-07-15,2026-07-15
237,e20fe6c5,426,1,205,3,72bc630e,,,2026-07-15,2026-07-15
238,ef13f6de,701,6,204,1,e942aab7,,,2026-07-15,2026-07-15
239,2ff3992e,396,1,205,4,718406a2,,,2026-07-15,2026-07-15
240,bf49ee35,641,2,201,4,bed1ac6c,,,2026-07-15,2026-07-15
241,579011e9,536,1,201,5,970e594b,,,2026-07-15,2026-07-15
242,ace17cbd,680,4,202,1,ce1b52ae,,,2026-07-15,2026-07-15
243,409fe01e,108,6,201,2,a79b76cb,,,2026-07-15,2026-07-15
244,a6249edf,199,7,204,4,a1ba575a,,,2026-07-15,2026-07-15
245,f21abeec,439,3,201,4,99fed753,,,2026-07-15,2026-07-15
246,fbed127a,127,2,205,5,c3a6c571,,,2026-07-15,2026-07-15
247,0a4a549e,79,7,204,2,f27bb490,,,2026-07-15,2026-07-15
248,c7fe318f,685,5,201,1,036ada7f,,,2026-07-15,2026-07-15
249,40f387cc,388,3,205,4,c6934f84,,,2026-07-15,2026-07-15
250,fde769f6,178,1,205,4,c50cc14e,,,2026-07-15,2026-07-15
251,ecda91ba,319,1,205,5,b755ebae,,,2026-07-15,2026-07-15
252,023257ea,426,7,204,4,750687ab,,,2026-07-15,2026-07-15
253,9825d6f0,229,5,204,1,cb8ec133,,,2026-07-15,2026-07-15
254,9e05385a,75,7,203,5,2dcdeda3,,,2026-07-15,2026-07-15
255,52165fd1,152,2,204,2,1dc2bf91,,,2026-07-15,2026-07-15
256,9babe44e,664,5,203,2,fdb588e8,,,2026-07-15,2026-07-15
257,224d027c,632,5,204,4,208d275a,,,2026-07-15,2026-07-15
258,653875e8,460,1,201,5,fb5ef791,,,2026-07-15,2026-07-15
259,f97e5068,365,3,205,1,d1cd1e4d,,,2026-07-15,2026-07-15
260,432939c5,401,3,205,2,fb87e33d,,,2026-07-15,2026-07-15
261,533d0aae,593,5,204,3,8d3cc46f,,,2026-07-15,2026-07-15
262,10428405,407,6,203,1,750687ab,,,2026-07-15,2026-07-15
263,53a9db42,79,2,205,5,bd4a772f,,,2026-07-15,2026-07-15
264,3baa9ee9,392,4,204,5,92f2fd13,,,2026-07-15,2026-07-15
265,78172594,114,2,201,3,369a8438,,,2026-07-15,2026-07-15
266,1c70676e,722,4,202,3,a30580a1,,,2026-07-15,2026-07-15
267,408a5728,523,5,205,3,a040e169,,,2026-07-15,2026-07-15
268,8a855994,172,1,202,4,750687ab,,,2026-07-15,2026-07-15
269,163a1386,515,4,201,2,bb9d2955,,,2026-07-15,2026-07-15
270,2e9bdcf6,220,7,201,1,718406a2,,,2026-07-15,2026-07-15
271,bf9d633b,539,5,204,5,021c675d,,,2026-07-15,2026-07-15
272,f3e4f7b3,213,7,203,4,a426a28e,,,2026-07-15,2026-07-15
273,1494339b,487,6,203,1,6a0cd270,,,2026-07-15,2026-07-15
274,de62d11e,392,3,205,1,b427b66b,,,2026-07-15,2026-07-15
275,8d518440,490,6,204,4,c50cc14e,,,2026-07-15,2026-07-15
276,22fb58bb,320,4,205,3,20f9eb9c,,,2026-07-15,2026-07-15
277,09a247a4,583,3,203,4,550393a0,,,2026-07-15,2026-07-15
278,01e2dec0,636,3,205,4,70bfbcda,,,2026-07-15,2026-07-15
279,76ee97bc,258,5,201,1,c50cc14e,,,2026-07-15,2026-07-15
280,8ca698a4,164,1,204,2,8b414a94,,,2026-07-15,2026-07-15
281,c1cbe61e,704,5,202,3,7fddfb89,,,2026-07-15,2026-07-15
282,5efa1372,151,1,205,1,2c42c662,,,2026-07-15,2026-07-15
283,3b30fc60,123,6,204,4,7e1de19d,,,2026-07-15,2026-07-15
284,519c7589,210,7,203,5,bb9d2955,,,2026-07-15,2026-07-15
285,b92fad9a,54,2,203,2,970e594b,,,2026-07-15,2026-07-15
286,9145bf49,488,5,205,4,5f2ab070,,,2026-07-15,2026-07-15
287,d28796e1,141,7,201,4,a638b4b0,,,2026-07-15,2026-07-15
288,9aad50cf,57,7,201,5,8ad52b25,,,2026-07-15,2026-07-15
289,72cec9ba,449,6,203,5,1aaa9d3a,,,2026-07-15,2026-07-15
290,e7dfa3f8,316,3,203,5,f0924da4,,,2026-07-15,2026-07-15
291,f2c1f151,567,4,205,1,0fbfd231,,,2026-07-15,2026-07-15
292,c7130b69,352,1,203,4,7e1de19d,,,2026-07-15,2026-07-15
293,5b562dc0,79,3,202,2,7fddfb89,,,2026-07-15,2026-07-15
294,5d3b479d,336,6,201,4,45c95088,,,2026-07-15,2026-07-15
295,fb1d61b1,623,6,204,4,852032b7,,,2026-07-15,2026-07-15
296,7ae1b484,263,4,202,3,14a4c03c,,,2026-07-15,2026-07-15
297,92072efd,332,7,202,1,719fa89e,,,2026-07-15,2026-07-15
298,6d88af27,621,6,202,2,5a5bf759,,,2026-07-15,2026-07-15
299,b0116943,412,4,201,5,0fbfd231,,,2026-07-15,2026-07-15
300,1e86a38c,506,7,205,5,2dcdeda3,,,2026-07-15,2026-07-15
301,ce602779,43,1,203,2,42d0014c,,,2026-07-15,2026-07-15
302,e65b71f6,490,6,203,4,8b319808,,,2026-07-15,2026-07-15
303,a42b8563,470,1,204,5,86613e2d,,,2026-07-15,2026-07-15
304,daac9f93,2,2,205,3,ada44e5b,,,2026-07-15,2026-07-15
305,b8a896ec,441,2,201,5,0d484e5f,,,2026-07-15,2026-07-15
306,d0572ca9,180,7,205,2,021c675d,,,2026-07-15,2026-07-15
307,1e823421,593,6,202,2,5dff7cb7,,,2026-07-15,2026-07-15
308,7c846af1,334,3,202,3,1b14dcc9,,,2026-07-15,2026-07-15
309,dc96087c,726,7,202,3,641c61ac,,,2026-07-15,2026-07-15
310,8cf51ba6,456,5,201,3,5424e422,,,2026-07-15,2026-07-15
311,6ba47657,721,3,204,2,57be6156,,,2026-07-15,2026-07-15
312,3d2a1b57,321,5,205,5,77449c06,,,2026-07-15,2026-07-15
313,b302790c,687,2,204,2,62bfa0d9,,,2026-07-15,2026-07-15
314,ea9db023,481,4,201,3,e9238f3f,,,2026-07-15,2026-07-15
315,5e863539,660,4,201,2,87830e43,,,2026-07-15,2026-07-15
316,e4aa8473,719,2,205,4,ae0deda5,,,2026-07-15,2026-07-15
317,d65d4753,157,7,203,2,c4cdb41c,,,2026-07-15,2026-07-15
318,368856dc,615,1,202,1,bed1ac6c,,,2026-07-15,2026-07-15
319,6f9a15f9,66,7,201,5,7e1de19d,,,2026-07-15,2026-07-15
320,3f56b06a,167,2,205,3,c4993de9,,,2026-07-15,2026-07-15
321,5c75b25a,470,1,205,1,2e179883,,,2026-07-15,2026-07-15
322,73e988cc,386,1,204,2,d92199d8,,,2026-07-15,2026-07-15
323,dde3b15f,282,1,205,1,3a1572cc,,,2026-07-15,2026-07-15
324,47c9c6eb,347,7,203,4,b716556b,,,2026-07-15,2026-07-15
325,2520f0c9,728,4,205,4,ac2c30bf,,,2026-07-15,2026-07-15
326,e4357d83,286,2,201,5,b03540b1,,,2026-07-15,2026-07-15
327,104e4d04,693,7,205,5,3184736b,,,2026-07-15,2026-07-15
328,0027b229,449,2,205,5,b3125078,,,2026-07-15,2026-07-15
329,20d6afcd,276,1,205,4,77449c06,,,2026-07-15,2026-07-15
330,f1139d5a,284,5,204,2,4c309170,,,2026-07-15,2026-07-15
331,3203ed70,10,2,201,5,3832abbc,,,2026-07-15,2026-07-15
332,39d5969c,455,7,203,1,c4993de9,,,2026-07-15,2026-07-15
333,b34227f4,118,1,202,2,11f3df17,,,2026-07-15,2026-07-15
334,81e63399,257,6,203,5,3832abbc,,,2026-07-15,2026-07-15
335,d95a2070,129,5,202,3,fa578b09,,,2026-07-15,2026-07-15
336,c82fa3c5,13,5,203,4,6e76c557,,,2026-07-15,2026-07-15
337,6c7acf3d,449,7,203,5,9dd48364,,,2026-07-15,2026-07-15
338,7680ca97,185,4,202,3,d8b06558,,,2026-07-15,2026-07-15
339,8114ed22,15,7,203,4,f27a730c,,,2026-07-15,2026-07-15
340,5c096527,523,7,203,1,1dc2bf91,,,2026-07-15,2026-07-15
341,24e67e9b,159,5,205,3,c1b30594,,,2026-07-15,2026-07-15
342,51ad7a9e,245,3,202,5,86613e2d,,,2026-07-15,2026-07-15
343,e2757b07,651,6,201,2,ada44e5b,,,2026-07-15,2026-07-15
344,e37ca43e,182,4,204,3,a84540d1,,,2026-07-15,2026-07-15
345,5f906539,543,4,202,5,6601ea7f,,,2026-07-15,2026-07-15
346,46252548,475,7,201,1,e52f5ed8,,,2026-07-15,2026-07-15
347,ebc7a192,330,7,203,1,3929633d,,,2026-07-15,2026-07-15
348,355ec36e,310,6,205,3,41c72cdb,,,2026-07-15,2026-07-15
349,092fc718,176,1,204,3,25faaa82,,,2026-07-15,2026-07-15
350,b90087de,493,2,205,3,5482a297,,,2026-07-15,2026-07-15
351,149731dd,362,1,205,2,ba285e29,,,2026-07-15,2026-07-15
352,ea0f7a8b,51,4,203,2,cb8ec133,,,2026-07-15,2026-07-15
353,688c4f98,655,4,204,3,641c61ac,,,2026-07-15,2026-07-15
354,f0054428,585,3,205,1,ccde9baa,,,2026-07-15,2026-07-15
355,ed96b8e3,342,4,201,2,1aaa9d3a,,,2026-07-15,2026-07-15
356,7cc8fcd7,199,6,204,2,35acd685,,,2026-07-15,2026-07-15
357,8e8dea30,553,5,201,3,8a51bc70,,,2026-07-15,2026-07-15
358,66f982f1,65,7,203,1,e9238f3f,,,2026-07-15,2026-07-15
359,f4181862,481,2,201,4,3f26afe9,,,2026-07-15,2026-07-15
360,ef7de717,704,2,201,3,f248f0c6,,,2026-07-15,2026-07-15
361,524dabfc,252,4,201,4,3d6a9dc8,,,2026-07-15,2026-07-15
362,73995020,403,6,202,4,247dccf1,,,2026-07-15,2026-07-15
363,1eefc3aa,454,4,204,4,01974f0f,,,2026-07-15,2026-07-15
364,1a861e4f,283,1,205,3,bc297930,,,2026-07-15,2026-07-15
365,8e4a0731,505,1,203,4,bc297930,,,2026-07-15,2026-07-15
366,8ccb30a5,350,4,201,3,5424e422,,,2026-07-15,2026-07-15
367,44cc7c1d,323,1,203,4,5482a297,,,2026-07-15,2026-07-15
368,38adc626,7,7,201,2,0d4d4804,,,2026-07-15,2026-07-15
369,bdb53f93,248,5,202,1,dd3198d1,,,2026-07-15,2026-07-15
370,e0c10430,120,7,204,2,66299238,,,2026-07-15,2026-07-15
371,33cd3f26,494,1,201,3,7f1bca00,,,2026-07-15,2026-07-15
372,11d065bf,690,4,204,3,2dcdeda3,,,2026-07-15,2026-07-15
373,fb9f1bf1,652,6,203,1,315f550b,,,2026-07-15,2026-07-15
374,1193ca33,626,6,202,5,89eec31c,,,2026-07-15,2026-07-15
375,6cc9c66e,15,5,205,5,5dff7cb7,,,2026-07-15,2026-07-15
376,b9583139,400,2,204,2,63369e6c,,,2026-07-15,2026-07-15
377,514c4dbe,379,7,201,1,4d5e252e,,,2026-07-15,2026-07-15
378,843e199f,276,7,201,3,dfe6e1ff,,,2026-07-15,2026-07-15
379,0bd4c531,568,6,201,2,6f28469e,,,2026-07-15,2026-07-15
380,8c23a1b3,661,1,201,5,58954ba4,,,2026-07-15,2026-07-15
381,6c28264f,609,1,203,4,ef75b4bf,,,2026-07-15,2026-07-15
382,99c643ab,351,3,205,3,0fcaa55a,,,2026-07-15,2026-07-15
383,287d1a39,336,3,204,3,ec5b641f,,,2026-07-15,2026-07-15
384,366aeb30,300,1,203,1,f2fc7978,,,2026-07-15,2026-07-15
385,0ea57675,1,1,205,3,3a0f258a,,,2026-07-15,2026-07-15
386,56159450,191,2,204,5,487a1dd7,,,2026-07-15,2026-07-15
387,0f1e4f8d,324,7,205,5,ee98f97e,,,2026-07-15,2026-07-15
388,112a0bcf,343,4,205,3,ae18638f,,,2026-07-15,2026-07-15
389,1cd3644a,166,6,203,1,d2c89978,,,2026-07-15,2026-07-15
390,2b4612da,402,5,204,5,4bc76ae2,,,2026-07-15,2026-07-15
391,c6ed08c5,25,7,204,3,66299238,,,2026-07-15,2026-07-15
392,8892c082,518,2,204,4,1a601f48,,,2026-07-15,2026-07-15
393,632289a2,189,5,201,1,e89b35ce,,,2026-07-15,2026-07-15
394,f1480c1c,445,4,205,4,9e7dae2e,,,2026-07-15,2026-07-15
395,166b2d6e,86,5,201,5,ec486749,,,2026-07-15,2026-07-15
396,47032d38,522,4,202,3,3184736b,,,2026-07-15,2026-07-15
397,f7572efd,524,2,205,1,0b454108,,,2026-07-15,2026-07-15
398,d36bcc7d,351,3,203,1,74258308,,,2026-07-15,2026-07-15
399,77d0d231,378,7,202,1,f248f0c6,,,2026-07-15,2026-07-15
400,cdfd5b22,265,3,201,3,4d5e252e,,,2026-07-15,2026-07-15
401,ce650c93,528,3,205,2,27c530c5,,,2026-07-15,2026-07-15
402,4ae67f47,560,1,201,3,550393a0,,,2026-07-15,2026-07-15
403,06b4b039,454,7,205,2,4739f6d9,,,2026-07-15,2026-07-15
404,7e751efc,571,2,202,1,4907af8c,,,2026-07-15,2026-07-15
405,c3429dce,602,5,201,2,37354f22,,,2026-07-15,2026-07-15
406,29b15293,485,4,203,3,718406a2,,,2026-07-15,2026-07-15
407,b4a3e565,244,6,205,1,7a5bc5c2,,,2026-07-15,2026-07-15
408,b1f5aef6,414,2,204,4,ff079788,,,2026-07-15,2026-07-15
409,e3153997,293,5,204,3,37354f22,,,2026-07-15,2026-07-15
410,b10a5582,33,4,203,5,38daf3c5,,,2026-07-15,2026-07-15
411,648e85b9,465,2,203,2,72bc630e,,,2026-07-15,2026-07-15
412,6f0fc1e7,402,1,201,2,e224a8c6,,,2026-07-15,2026-07-15
413,c2db08da,631,1,202,2,ede49010,,,2026-07-15,2026-07-15
414,1816fb7f,462,3,205,3,a1ba575a,,,2026-07-15,2026-07-15
415,85de2f8e,422,6,203,3,5ae61d1c,,,2026-07-15,2026-07-15
416,92279cc8,447,5,205,1,7f1bca00,,,2026-07-15,2026-07-15
417,b3a515bf,526,2,201,1,4960cc67,,,2026-07-15,2026-07-15
418,e1dfdcf1,52,4,204,4,b4ca029a,,,2026-07-15,2026-07-15
419,371bb818,333,5,201,3,3a1756fa,,,2026-07-15,2026-07-15
420,c8121ac6,187,3,203,5,56205f69,,,2026-07-15,2026-07-15
421,80f84ae8,496,7,202,4,74258308,,,2026-07-15,2026-07-15
422,e29aaa8d,501,5,204,5,57221ec9,,,2026-07-15,2026-07-15
423,e67f488c,349,7,202,1,e224a8c6,,,2026-07-15,2026-07-15
424,74a712e4,486,2,203,5,ccde9baa,,,2026-07-15,2026-07-15
425,858d6de3,697,6,201,3,c05e9193,,,2026-07-15,2026-07-15
426,facbc2c9,537,5,202,2,aefc1727,,,2026-07-15,2026-07-15
427,56fea3ee,498,5,202,4,92f2fd13,,,2026-07-15,2026-07-15
428,3658995b,479,6,203,2,c3a6c571,,,2026-07-15,2026-07-15
429,9942a60c,433,1,202,1,1d9305e2,,,2026-07-15,2026-07-15
430,746c74a9,502,4,204,2,5e3a2195,,,2026-07-15,2026-07-15
431,9deb924c,407,2,202,1,8d3cc46f,,,2026-07-15,2026-07-15
432,b0875d7b,209,6,202,5,ce1b52ae,,,2026-07-15,2026-07-15
433,a93d8a91,4,4,201,1,52368d16,,,2026-07-15,2026-07-15
434,e3d207ef,31,5,205,2,e03caed0,,,2026-07-15,2026-07-15
435,0478041d,152,4,203,3,b7effad0,,,2026-07-15,2026-07-15
436,9b5a4989,497,7,202,2,11f3df17,,,2026-07-15,2026-07-15
437,077b7b0f,630,7,205,4,e89b35ce,,,2026-07-15,2026-07-15
438,e26e7559,704,7,205,5,6b71e7b7,,,2026-07-15,2026-07-15
439,0f625c0a,10,5,204,3,ae18638f,,,2026-07-15,2026-07-15
440,2592ff46,471,4,204,4,3d657bb9,,,2026-07-15,2026-07-15
441,ba34d31b,559,6,202,2,bd5892a8,,,2026-07-15,2026-07-15
442,d553ab0f,251,2,205,5,7a5bc5c2,,,2026-07-15,2026-07-15
443,47801f9c,128,2,205,2,f7817da3,,,2026-07-15,2026-07-15
444,6336b315,61,7,202,2,1d9305e2,,,2026-07-15,2026-07-15
445,b9c63565,699,3,204,1,99fed753,,,2026-07-15,2026-07-15
446,7ad35db1,690,1,203,3,3832abbc,,,2026-07-15,2026-07-15
447,c5e85e93,286,7,203,2,822c1444,,,2026-07-15,2026-07-15
448,12049b63,573,2,204,3,8125c6f0,,,2026-07-15,2026-07-15
449,d72d611d,601,1,201,1,1d498af8,,,2026-07-15,2026-07-15
450,e315b7a3,109,7,205,1,b68bef7e,,,2026-07-15,2026-07-15
451,6d172d1c,152,6,203,1,082d21de,,,2026-07-15,2026-07-15
452,36f69455,688,2,201,1,b755ebae,,,2026-07-15,2026-07-15
453,e3735224,290,4,201,3,289b72c4,,,2026-07-15,2026-07-15
454,4a0c5003,173,4,205,2,3a0f258a,,,2026-07-15,2026-07-15
455,f737cadc,354,2,205,3,7e1de19d,,,2026-07-15,2026-07-15
456,f3831b58,561,7,205,1,a008a294,,,2026-07-15,2026-07-15
457,0ac0a996,119,1,205,2,c05e9193,,,2026-07-15,2026-07-15
458,00c981ac,262,6,203,1,b716556b,,,2026-07-15,2026-07-15
459,4db8839d,626,1,201,2,ca496ce9,,,2026-07-15,2026-07-15
460,9257bef3,607,1,202,5,5f2ab070,,,2026-07-15,2026-07-15
461,160186a6,1,6,204,4,5ae61d1c,,,2026-07-15,2026-07-15
462,54f9d20c,633,3,203,2,38daf3c5,,,2026-07-15,2026-07-15
463,521154e5,135,4,204,5,163d0b32,,,2026-07-15,2026-07-15
464,40861534,367,6,205,1,c4cdb41c,,,2026-07-15,2026-07-15
465,1690f4cd,386,3,205,1,50641c23,,,2026-07-15,2026-07-15
466,87402612,103,4,201,4,6b6d0941,,,2026-07-15,2026-07-15
467,423f63f1,215,6,205,5,7e1de19d,,,2026-07-15,2026-07-15
468,58d80200,639,7,205,5,9e7dae2e,,,2026-07-15,2026-07-15
469,1bb15af2,263,5,202,5,163d0b32,,,2026-07-15,2026-07-15
470,583b0e41,333,3,204,1,a4e3426c,,,2026-07-15,2026-07-15
471,8203f668,156,4,202,3,1f937553,,,2026-07-15,2026-07-15
472,b902868f,443,2,203,5,3f491b77,,,2026-07-15,2026-07-15
473,4ac45b91,163,3,201,1,442d941c,,,2026-07-15,2026-07-15
474,6c44ded5,650,5,201,5,19a61dd4,,,2026-07-15,2026-07-15
475,127d87a0,691,5,203,3,0fbfd231,,,2026-07-15,2026-07-15
476,c83dc5c9,490,6,204,2,32029984,,,2026-07-15,2026-07-15
477,a8fd2be5,437,7,203,5,15a65ae5,,,2026-07-15,2026-07-15
478,265d3d68,72,6,201,1,1f937553,,,2026-07-15,2026-07-15
479,f9b0edc8,496,5,202,2,9349d295,,,2026-07-15,2026-07-15
480,6ef812c5,87,2,203,5,b68bef7e,,,2026-07-15,2026-07-15
481,f22a63c5,225,7,205,5,a93aa731,,,2026-07-15,2026-07-15
482,ee3371e9,392,4,203,4,86613e2d,,,2026-07-15,2026-07-15
483,dbea43f2,272,4,205,3,7704f92c,,,2026-07-15,2026-07-15
484,301cb213,320,6,203,4,ec486749,,,2026-07-15,2026-07-15
485,4cbe1fae,392,1,201,2,0d4d4804,,,2026-07-15,2026-07-15
486,feea3f98,347,2,204,1,15a65ae5,,,2026-07-15,2026-07-15
487,fcea729c,70,4,204,4,e75bb09b,,,2026-07-15,2026-07-15
488,c46bbbfc,307,3,203,5,a040e169,,,2026-07-15,2026-07-15
489,402fce55,274,3,203,3,fb87e33d,,,2026-07-15,2026-07-15
490,5a806e4d,515,1,201,3,bc297930,,,2026-07-15,2026-07-15
491,fa4abd55,26,5,201,5,2a9b3aaa,,,2026-07-15,2026-07-15
492,bc50002f,31,3,201,3,2d4fce37,,,2026-07-15,2026-07-15
493,e147dc5e,532,1,201,1,7704f92c,,,2026-07-15,2026-07-15
494,1b4c4cb1,76,7,205,2,a71b0343,,,2026-07-15,2026-07-15
495,0f8f937d,21,1,205,1,febfde98,,,2026-07-15,2026-07-15
496,addf2e34,16,5,203,4,b427b66b,,,2026-07-15,2026-07-15
497,69fdc205,472,1,202,4,b68bef7e,,,2026-07-15,2026-07-15
498,a05de576,112,6,203,4,5a53b8e9,,,2026-07-15,2026-07-15
499,7796f21b,513,1,203,1,6ef9ace3,,,2026-07-15,2026-07-15
500,857d034f,210,7,205,3,b4065ef4,,,2026-07-15,2026-07-15
501,1935da44,675,4,204,3,5e4299db,,,2026-07-15,2026-07-15
502,16c0d9ff,128,5,204,2,c7ead2cc,,,2026-07-15,2026-07-15
503,e792ab9a,202,4,204,4,4c309170,,,2026-07-15,2026-07-15
504,dfc698a8,274,4,205,2,943eab83,,,2026-07-15,2026-07-15
505,82162287,499,7,204,1,d1cd1e4d,,,2026-07-15,2026-07-15
506,d2dce642,50,2,203,1,68f3c4e5,,,2026-07-15,2026-07-15
507,e9e489cc,389,6,203,1,cedf6f69,,,2026-07-15,2026-07-15
508,7b351948,472,7,205,3,d88f6a7f,,,2026-07-15,2026-07-15
509,529d0fdf,428,1,203,3,9349d295,,,2026-07-15,2026-07-15
510,8c4999a0,265,5,201,1,719fa89e,,,2026-07-15,2026-07-15
511,dd605d67,399,3,204,5,548dc0b3,,,2026-07-15,2026-07-15
512,66939bd5,301,5,204,1,1df1fe50,,,2026-07-15,2026-07-15
513,023da781,608,2,202,2,4392286c,,,2026-07-15,2026-07-15
514,2cb9b906,308,3,205,1,91c9bcd7,,,2026-07-15,2026-07-15
515,6503338a,450,3,203,1,96379792,,,2026-07-15,2026-07-15
516,4d4bc137,15,2,203,1,f27bb490,,,2026-07-15,2026-07-15
517,c1ea729b,400,1,202,4,3a0f258a,,,2026-07-15,2026-07-15
518,5e340d9a,173,6,203,5,4392286c,,,2026-07-15,2026-07-15
519,7194df88,459,3,205,3,082d21de,,,2026-07-15,2026-07-15
520,4b0031d6,10,3,201,4,f12d0983,,,2026-07-15,2026-07-15
521,62a510f2,347,4,204,1,ba285e29,,,2026-07-15,2026-07-15
522,0f297437,136,7,201,3,fa578b09,,,2026-07-15,2026-07-15
523,fff4d6de,579,2,204,5,d9c08140,,,2026-07-15,2026-07-15
524,da701fce,354,1,202,4,3fc80484,,,2026-07-15,2026-07-15
525,7ce4a4b4,523,3,201,1,7704f92c,,,2026-07-15,2026-07-15
526,0762b255,218,7,204,1,2d45f6bd,,,2026-07-15,2026-07-15
527,198cb79f,229,3,203,5,61fab6f7,,,2026-07-15,2026-07-15
528,ba58f4aa,487,5,202,5,42d0014c,,,2026-07-15,2026-07-15
529,4ce73a5e,719,1,203,4,bed1ac6c,,,2026-07-15,2026-07-15
530,eb72401f,54,1,203,2,03f0acfa,,,2026-07-15,2026-07-15
531,dfbd8341,201,6,202,4,487a1dd7,,,2026-07-15,2026-07-15
532,712e6859,453,5,202,4,8993064a,,,2026-07-15,2026-07-15
533,e21f239b,475,7,205,5,6e76c557,,,2026-07-15,2026-07-15
534,b8894664,442,3,205,4,89eec31c,,,2026-07-15,2026-07-15
535,f4625a64,639,5,203,3,95f70b4e,,,2026-07-15,2026-07-15
536,f1a63700,594,5,202,5,b7effad0,,,2026-07-15,2026-07-15
537,b1ac0b8c,167,3,202,3,c3a6c571,,,2026-07-15,2026-07-15
538,d61b8c1b,384,5,205,4,e75bb09b,,,2026-07-15,2026-07-15
539,2592586b,533,7,204,1,f22bf066,,,2026-07-15,2026-07-15
540,2f506e01,3,6,203,3,6e76c557,,,2026-07-15,2026-07-15
541,6e48f012,492,7,204,4,b68bef7e,,,2026-07-15,2026-07-15
542,10fc5730,142,4,201,2,e6d45de3,,,2026-07-15,2026-07-15
543,07ec637e,305,4,202,5,ccde9baa,,,2026-07-15,2026-07-15
544,f648881d,60,3,201,1,63369e6c,,,2026-07-15,2026-07-15
545,769c50a2,18,4,203,5,d8edbef1,,,2026-07-15,2026-07-15
546,0549e652,423,3,202,1,f18b66c1,,,2026-07-15,2026-07-15
547,438df743,52,7,203,3,0fbb521a,,,2026-07-15,2026-07-15
548,73b89898,85,1,205,3,2d45f6bd,,,2026-07-15,2026-07-15
549,b55575d6,486,5,204,1,8a51bc70,,,2026-07-15,2026-07-15
550,58e026f4,151,3,204,2,550393a0,,,2026-07-15,2026-07-15
551,2d630d61,221,4,205,4,e224a8c6,,,2026-07-15,2026-07-15
552,c410339a,364,4,202,5,4db20d32,,,2026-07-15,2026-07-15
553,7d41f58c,673,3,203,2,cc9f65a9,,,2026-07-15,2026-07-15
554,61ccebf6,650,1,203,4,4960cc67,,,2026-07-15,2026-07-15
555,2ac0979a,710,7,204,3,3c63e5d3,,,2026-07-15,2026-07-15
556,a6cae71f,527,7,201,3,247dccf1,,,2026-07-15,2026-07-15
557,5e46721d,181,3,205,5,e03caed0,,,2026-07-15,2026-07-15
558,ef5e94ef,218,5,203,4,43b89e78,,,2026-07-15,2026-07-15
559,ab053818,4,5,204,4,f27bb490,,,2026-07-15,2026-07-15
560,ec8fb4a4,562,4,202,4,3a0f258a,,,2026-07-15,2026-07-15
561,693c03ef,708,3,202,2,4739f6d9,,,2026-07-15,2026-07-15
562,29b87c4b,500,2,204,5,52368d16,,,2026-07-15,2026-07-15
563,6aa61d3d,84,7,204,1,827ac471,,,2026-07-15,2026-07-15
564,838ee7df,188,3,204,5,3d6a9dc8,,,2026-07-15,2026-07-15
565,cd3d937d,120,3,204,5,7e22a2b5,,,2026-07-15,2026-07-15
566,4a346245,703,1,201,3,ec5b641f,,,2026-07-15,2026-07-15
567,dd27536e,391,7,201,3,1d498af8,,,2026-07-15,2026-07-15
568,726751f3,614,6,201,1,89c3a817,,,2026-07-15,2026-07-15
569,2df03055,579,5,201,5,ba285e29,,,2026-07-15,2026-07-15
570,bf057c62,576,1,202,3,6ee48559,,,2026-07-15,2026-07-15
571,1af0291b,345,4,204,4,14a4c03c,,,2026-07-15,2026-07-15
572,8fbab972,525,4,201,5,ce1b52ae,,,2026-07-15,2026-07-15
573,7e43863e,601,4,203,2,6f28469e,,,2026-07-15,2026-07-15
574,74bc8850,160,1,202,2,0968f5a7,,,2026-07-15,2026-07-15
575,f17751e0,62,3,201,2,63baf574,,,2026-07-15,2026-07-15
576,8aa6a17a,635,6,205,4,50987e86,,,2026-07-15,2026-07-15
577,521a8184,72,7,203,5,e5d0ffbb,,,2026-07-15,2026-07-15
578,881bb267,663,1,201,1,205742d2,,,2026-07-15,2026-07-15
579,e1ff8706,120,4,201,3,dfcfee6c,,,2026-07-15,2026-07-15
580,99791ae4,689,4,201,3,68f3c4e5,,,2026-07-15,2026-07-15
581,28272140,80,3,205,5,0d484e5f,,,2026-07-15,2026-07-15
582,80f35130,82,6,203,5,43b89e78,,,2026-07-15,2026-07-15
583,29adea61,583,4,203,1,9dd48364,,,2026-07-15,2026-07-15
584,71c8da74,56,1,205,3,ac535caa,,,2026-07-15,2026-07-15
585,089ac53a,456,7,205,5,d1cd1e4d,,,2026-07-15,2026-07-15
586,f6c4b9d9,620,7,202,3,a638b4b0,,,2026-07-15,2026-07-15
587,d5f3c07e,589,4,204,4,60c38ae4,,,2026-07-15,2026-07-15
588,00e4cb17,216,5,201,2,4e431688,,,2026-07-15,2026-07-15
589,a981c777,620,7,203,3,c50cc14e,,,2026-07-15,2026-07-15
590,4032f13f,383,6,202,2,df28e3f0,,,2026-07-15,2026-07-15
591,14b7901b,301,6,203,5,5ae61d1c,,,2026-07-15,2026-07-15
592,0f19e5a5,162,3,205,3,f0924da4,,,2026-07-15,2026-07-15
593,aae77b77,544,1,204,3,57221ec9,,,2026-07-15,2026-07-15
594,6c00d132,634,1,203,3,91c9bcd7,,,2026-07-15,2026-07-15
595,0d029cea,265,5,201,4,641c61ac,,,2026-07-15,2026-07-15
596,95342e96,55,7,205,4,1dc2bf91,,,2026-07-15,2026-07-15
597,dff42f6c,182,2,205,5,aefc1727,,,2026-07-15,2026-07-15
598,83036b58,44,1,205,4,03f0acfa,,,2026-07-15,2026-07-15
599,975f6a2f,433,4,202,4,49fdea5f,,,2026-07-15,2026-07-15
600,a4b43998,418,6,202,5,a93aa731,,,2026-07-15,2026-07-15
601,9c2ec74b,624,2,202,5,e03caed0,,,2026-07-15,2026-07-15
602,e9977950,436,3,201,4,aaa7dca8,,,2026-07-15,2026-07-15
603,b33f45f0,68,6,203,2,0fcaa55a,,,2026-07-15,2026-07-15
604,91e632d9,696,5,204,4,87830e43,,,2026-07-15,2026-07-15
605,c0af3674,647,4,204,4,163d0b32,,,2026-07-15,2026-07-15
606,b317d68b,268,3,202,4,cb8ec133,,,2026-07-15,2026-07-15
607,30fe68fd,262,4,204,5,852032b7,,,2026-07-15,2026-07-15
608,19cf3f73,320,4,202,3,6568690c,,,2026-07-15,2026-07-15
609,035a8c9e,347,2,203,1,ee98f97e,,,2026-07-15,2026-07-15
610,efb5b2ed,240,7,203,1,6568690c,,,2026-07-15,2026-07-15
611,4b20703a,124,5,204,2,e1e17a72,,,2026-07-15,2026-07-15
612,625354e2,170,1,201,5,3a1572cc,,,2026-07-15,2026-07-15
613,f6ba5080,572,3,204,2,18d773af,,,2026-07-15,2026-07-15
614,72c44c41,521,3,202,4,91c9bcd7,,,2026-07-15,2026-07-15
615,e5ec833f,242,3,201,3,895b017c,,,2026-07-15,2026-07-15
616,a55d9fbb,571,4,202,3,70bfbcda,,,2026-07-15,2026-07-15
617,5706e37b,123,2,204,2,ccde9baa,,,2026-07-15,2026-07-15
618,d689eb8c,399,3,203,1,20f9eb9c,,,2026-07-15,2026-07-15
619,c3ea693e,122,3,201,3,ede49010,,,2026-07-15,2026-07-15
620,0463daa2,3,5,203,1,3d6a9dc8,,,2026-07-15,2026-07-15
621,c7a02e5e,676,6,205,1,f6ab1ed5,,,2026-07-15,2026-07-15
622,82587932,56,2,204,3,d2c89978,,,2026-07-15,2026-07-15
623,78db6ea5,92,7,202,3,19a61dd4,,,2026-07-15,2026-07-15
624,970e14b6,192,1,201,1,15a65ae5,,,2026-07-15,2026-07-15
625,aae8c1c6,598,2,201,3,a30580a1,,,2026-07-15,2026-07-15
626,d0b76ac3,201,3,203,4,bb9d2955,,,2026-07-15,2026-07-15
627,5a2e4226,42,6,203,1,43cbe6fa,,,2026-07-15,2026-07-15
628,4a69a579,211,6,204,3,1e59121b,,,2026-07-15,2026-07-15
629,3a2b1eb0,475,1,203,4,91a6c884,,,2026-07-15,2026-07-15
630,d6502bd7,631,5,201,2,1b14dcc9,,,2026-07-15,2026-07-15
631,78fe5a5e,693,2,204,2,ba285e29,,,2026-07-15,2026-07-15
632,1da1efcb,210,7,203,1,6b71e7b7,,,2026-07-15,2026-07-15
633,70522e1b,164,3,203,5,c578c38f,,,2026-07-15,2026-07-15
634,72819a71,380,4,205,5,465c1c13,,,2026-07-15,2026-07-15
635,0ea2dd9b,491,5,203,5,0d4d4804,,,2026-07-15,2026-07-15
636,9f90a5c3,439,1,201,4,ff142568,,,2026-07-15,2026-07-15
637,b3227a45,603,7,204,4,a71b0343,,,2026-07-15,2026-07-15
638,d3c9fb94,117,6,205,4,9efecf41,,,2026-07-15,2026-07-15
639,5edec89d,40,7,203,2,87830e43,,,2026-07-15,2026-07-15
640,6dc65a18,241,4,204,5,53648c48,,,2026-07-15,2026-07-15
641,0e232871,242,2,202,3,0a18e760,,,2026-07-15,2026-07-15
642,04fd68ff,462,6,201,5,346c1416,,,2026-07-15,2026-07-15
643,ef922362,60,1,205,2,a5d658b7,,,2026-07-15,2026-07-15
644,7638c70f,596,6,205,1,434c2454,,,2026-07-15,2026-07-15
645,e7807ef5,394,4,204,4,dfe6e1ff,,,2026-07-15,2026-07-15
646,d8577caf,109,6,204,4,e224a8c6,,,2026-07-15,2026-07-15
647,33d525fd,6,3,203,2,112f9cab,,,2026-07-15,2026-07-15
648,152744a4,438,2,203,2,89eec31c,,,2026-07-15,2026-07-15
649,1750783f,300,5,203,3,14a4c03c,,,2026-07-15,2026-07-15
650,c23ee4a7,558,6,203,2,f18b66c1,,,2026-07-15,2026-07-15
651,6f76c6ab,238,7,203,2,1139e59a,,,2026-07-15,2026-07-15
652,f4cdfdfd,511,7,204,5,1f937553,,,2026-07-15,2026-07-15
653,d6a7247a,361,5,201,3,ede49010,,,2026-07-15,2026-07-15
654,cfa4503f,307,6,204,5,3fc80484,,,2026-07-15,2026-07-15
655,e86a315e,263,6,204,5,6ef9ace3,,,2026-07-15,2026-07-15
656,3ff923f1,132,3,202,3,95f70b4e,,,2026-07-15,2026-07-15
657,fe96d009,286,3,202,3,367ca016,,,2026-07-15,2026-07-15
658,3c35e516,268,3,201,4,7643c1ee,,,2026-07-15,2026-07-15
659,d1ee3650,522,1,203,5,f7817da3,,,2026-07-15,2026-07-15
660,a8d9985b,695,4,205,1,41087c74,,,2026-07-15,2026-07-15
661,0d541e71,330,2,202,2,dd3198d1,,,2026-07-15,2026-07-15
662,d9851e6b,23,7,204,1,5905a3e7,,,2026-07-15,2026-07-15
663,993e6c76,107,3,202,3,1e59121b,,,2026-07-15,2026-07-15
664,dc68a1d8,422,2,203,1,c6934f84,,,2026-07-15,2026-07-15
665,1c3b6c19,291,1,202,4,970e594b,,,2026-07-15,2026-07-15
666,8838d193,317,4,205,5,c88f1b8d,,,2026-07-15,2026-07-15
667,1134a357,576,1,202,2,c578c38f,,,2026-07-15,2026-07-15
668,b1a272fb,393,3,205,3,4049e911,,,2026-07-15,2026-07-15
669,0278ff7d,437,3,204,3,e942aab7,,,2026-07-15,2026-07-15
670,89e784a9,203,5,204,4,dd3198d1,,,2026-07-15,2026-07-15
671,20ccd35a,226,7,204,3,b4065ef4,,,2026-07-15,2026-07-15
672,3991e6fb,187,3,201,5,082d21de,,,2026-07-15,2026-07-15
673,b4ad8056,690,4,201,5,57be6156,,,2026-07-15,2026-07-15
674,ea0be1ec,267,1,204,4,43cbe6fa,,,2026-07-15,2026-07-15
675,a5e9f508,715,5,201,3,822c1444,,,2026-07-15,2026-07-15
676,9ab30e1d,220,6,201,3,4392286c,,,2026-07-15,2026-07-15
677,c1410adb,407,2,201,2,750687ab,,,2026-07-15,2026-07-15
678,ccaa03ea,542,6,203,4,3973c30a,,,2026-07-15,2026-07-15
679,247c93bc,80,1,201,3,3929633d,,,2026-07-15,2026-07-15
680,2909f446,177,3,204,3,ed90a296,,,2026-07-15,2026-07-15
681,34375370,485,3,202,5,d8b06558,,,2026-07-15,2026-07-15
682,7628c29e,642,2,203,4,c3a6c571,,,2026-07-15,2026-07-15
683,405c2bfb,716,4,202,2,e942aab7,,,2026-07-15,2026-07-15
684,26f4c57f,729,1,203,3,8a51bc70,,,2026-07-15,2026-07-15
685,67dbbb0b,316,6,205,3,50987e86,,,2026-07-15,2026-07-15
686,a18e4d92,17,4,201,5,c88f1b8d,,,2026-07-15,2026-07-15
687,c63ee9a5,219,7,203,3,e5d0ffbb,,,2026-07-15,2026-07-15
688,be0bb908,695,6,205,3,970e594b,,,2026-07-15,2026-07-15
689,f682dff5,89,5,205,5,aece207c,,,2026-07-15,2026-07-15
690,7ee24814,521,4,205,4,482ffe65,,,2026-07-15,2026-07-15
691,69480231,90,6,204,5,bd5892a8,,,2026-07-15,2026-07-15
692,b2242ccc,229,7,201,5,ec5b641f,,,2026-07-15,2026-07-15
693,8a7d3713,377,2,203,5,13a46227,,,2026-07-15,2026-07-15
694,fa19a216,468,1,202,2,6e76c557,,,2026-07-15,2026-07-15
695,1999ba67,333,6,203,4,f6ab1ed5,,,2026-07-15,2026-07-15
696,4f4eebd9,580,5,201,5,86613e2d,,,2026-07-15,2026-07-15
697,7d068702,697,2,205,5,45592551,,,2026-07-15,2026-07-15
698,735c1b5a,556,3,201,2,fe86a413,,,2026-07-15,2026-07-15
699,36041145,539,3,203,2,e89b35ce,,,2026-07-15,2026-07-15
700,0fd35e4a,640,1,202,1,6601ea7f,,,2026-07-15,2026-07-15
701,aa1a3421,64,1,202,3,a5d658b7,,,2026-07-15,2026-07-15
702,0a1028fc,136,6,204,3,f6ab1ed5,,,2026-07-15,2026-07-15
703,ff35784c,260,6,201,5,52368d16,,,2026-07-15,2026-07-15
704,d7ed1cd4,101,3,202,2,a79b76cb,,,2026-07-15,2026-07-15
705,0f623ae0,587,4,204,3,e03caed0,,,2026-07-15,2026-07-15
706,63d05a74,442,5,204,2,a5d658b7,,,2026-07-15,2026-07-15
707,31ac3487,398,4,202,2,1b14dcc9,,,2026-07-15,2026-07-15
708,35dafd79,297,7,201,5,f18b66c1,,,2026-07-15,2026-07-15
709,e2770261,70,6,202,3,e03caed0,,,2026-07-15,2026-07-15
710,1469566d,374,3,205,2,5e91ed7b,,,2026-07-15,2026-07-15
711,681f3ba1,572,7,202,2,c49ff99c,,,2026-07-15,2026-07-15
712,7af561b4,58,5,203,3,e0e8c2a1,,,2026-07-15,2026-07-15
713,ecdef6d8,542,4,203,4,465c1c13,,,2026-07-15,2026-07-15
714,ec1aef92,163,1,203,3,2f730975,,,2026-07-15,2026-07-15
715,e3ba9834,548,1,205,5,dd410d5f,,,2026-07-15,2026-07-15
716,26a15c75,71,6,205,1,b4065ef4,,,2026-07-15,2026-07-15
717,edebddad,572,4,201,4,0cfefde4,,,2026-07-15,2026-07-15
718,fab776be,390,6,205,3,2d4fce37,,,2026-07-15,2026-07-15
719,08948739,4,7,203,1,b4ca029a,,,2026-07-15,2026-07-15
720,52b56d8b,197,1,205,5,1d498af8,,,2026-07-15,2026-07-15
721,ea330810,542,5,205,1,827ac471,,,2026-07-15,2026-07-15
722,e9e4cb43,226,6,203,5,37166503,,,2026-07-15,2026-07-15
723,531a823c,76,6,205,3,c3a6c571,,,2026-07-15,2026-07-15
724,a05c5c81,194,6,201,2,d2c89978,,,2026-07-15,2026-07-15
725,f97d0b6e,663,3,202,1,eb3c1fb7,,,2026-07-15,2026-07-15
726,aec2e84d,352,7,202,4,f18b66c1,,,2026-07-15,2026-07-15
727,8d69ef9a,321,2,203,4,cbcf13d1,,,2026-07-15,2026-07-15
728,4626a868,278,7,205,1,718406a2,,,2026-07-15,2026-07-15
729,929ab14f,497,4,205,2,943eab83,,,2026-07-15,2026-07-15
730,5f30de2a,174,3,204,5,dd88df46,,,2026-07-15,2026-07-15
731,0bf68f24,379,4,202,5,74258308,,,2026-07-15,2026-07-15
732,e720bfb9,99,7,201,4,abeb982e,,,2026-07-15,2026-07-15
733,a8d74d56,225,3,205,1,f399f8e1,,,2026-07-15,2026-07-15
734,a4cbdd6d,20,2,202,2,dfcfee6c,,,2026-07-15,2026-07-15
735,492c312b,290,1,201,5,f248f0c6,,,2026-07-15,2026-07-15
736,8b3876f7,141,7,203,4,a5d658b7,,,2026-07-15,2026-07-15
737,278de681,385,4,201,5,e0d2a5f3,,,2026-07-15,2026-07-15
738,bf874a05,164,5,203,3,367ca016,,,2026-07-15,2026-07-15
739,1c4a1b3c,240,4,203,5,ae0deda5,,,2026-07-15,2026-07-15
740,6e112115,228,6,205,3,d8a2bbd7,,,2026-07-15,2026-07-15
741,786bc2fc,307,1,205,3,fb87e33d,,,2026-07-15,2026-07-15
742,3f07d01a,522,6,201,3,45592551,,,2026-07-15,2026-07-15
743,b3b7cfb1,161,7,203,5,ba285e29,,,2026-07-15,2026-07-15
744,277db8f5,545,5,204,1,c7ead2cc,,,2026-07-15,2026-07-15
745,bc32d905,498,3,203,4,3a1572cc,,,2026-07-15,2026-07-15
746,3a0a9d85,265,4,202,4,fe86a413,,,2026-07-15,2026-07-15
747,077051f1,77,2,203,3,c3a6c571,,,2026-07-15,2026-07-15
748,572853d1,565,4,205,3,f399f8e1,,,2026-07-15,2026-07-15
749,49e0fe22,130,2,201,1,66299238,,,2026-07-15,2026-07-15
750,c24ff024,683,4,205,5,5482a297,,,2026-07-15,2026-07-15
751,ead30f6b,608,2,204,2,25faaa82,,,2026-07-15,2026-07-15
752,6ec5e09a,335,1,203,2,7b868e56,,,2026-07-15,2026-07-15
753,f6a9ccd8,569,7,203,4,20f9eb9c,,,2026-07-15,2026-07-15
754,e01c6438,382,5,203,2,a008a294,,,2026-07-15,2026-07-15
755,00a41750,293,3,201,5,c578c38f,,,2026-07-15,2026-07-15
756,59ca8f3c,617,3,205,2,f0924da4,,,2026-07-15,2026-07-15
757,a0aee729,545,5,202,3,b755ebae,,,2026-07-15,2026-07-15
758,b1fe96a3,277,7,202,2,fc9cf0b8,,,2026-07-15,2026-07-15
759,ac172e3e,240,7,204,3,6ef9ace3,,,2026-07-15,2026-07-15
760,fcce93c4,404,4,201,2,442d941c,,,2026-07-15,2026-07-15
761,69a5e3ad,68,5,205,2,7ad06864,,,2026-07-15,2026-07-15
762,e58a1d3d,381,7,205,3,35f98e98,,,2026-07-15,2026-07-15
763,618c1df8,525,1,201,1,1b14dcc9,,,2026-07-15,2026-07-15
764,f50337d9,425,7,204,1,cb8ec133,,,2026-07-15,2026-07-15
765,4f45de27,438,7,205,3,6a0cd270,,,2026-07-15,2026-07-15
766,afb26cbb,72,5,204,5,62bfa0d9,,,2026-07-15,2026-07-15
767,8d2d0dee,167,6,202,5,3f09714a,,,2026-07-15,2026-07-15
768,d6795abc,597,1,205,3,ac2c30bf,,,2026-07-15,2026-07-15
769,45118bbd,343,3,203,2,57be6156,,,2026-07-15,2026-07-15
770,1dcdf83b,680,5,205,4,5482a297,,,2026-07-15,2026-07-15
771,4dc43ba5,229,4,202,4,641c61ac,,,2026-07-15,2026-07-15
772,3647e468,432,1,202,4,346c1416,,,2026-07-15,2026-07-15
773,aa0115f5,125,3,202,3,163d0b32,,,2026-07-15,2026-07-15
774,93a6738f,730,4,205,2,5424e422,,,2026-07-15,2026-07-15
775,f6a51248,434,3,203,1,89c3a817,,,2026-07-15,2026-07-15
776,717efaff,387,6,205,2,0a18e760,,,2026-07-15,2026-07-15
777,6f485aa8,712,3,203,3,bb9d2955,,,2026-07-15,2026-07-15
778,086c930d,645,2,205,1,6f28469e,,,2026-07-15,2026-07-15
779,dee4ac2f,273,3,204,1,1139e59a,,,2026-07-15,2026-07-15
780,b4bcbede,428,6,202,5,e942aab7,,,2026-07-15,2026-07-15
781,18d74216,343,5,205,4,37166503,,,2026-07-15,2026-07-15
782,2425d34d,223,6,205,3,d92199d8,,,2026-07-15,2026-07-15
783,c393e4e9,530,4,201,5,e75bb09b,,,2026-07-15,2026-07-15
784,9aebb9e2,45,1,205,2,7ad06864,,,2026-07-15,2026-07-15
785,8c484c58,605,3,205,1,99fed753,,,2026-07-15,2026-07-15
786,b0483e4a,63,7,201,5,52368d16,,,2026-07-15,2026-07-15
787,4a953533,238,6,205,1,1e59121b,,,2026-07-15,2026-07-15
788,5ec6ad3e,590,5,203,1,ac535caa,,,2026-07-15,2026-07-15
789,eb062712,239,7,205,2,2f730975,,,2026-07-15,2026-07-15
790,a8ea95cd,681,4,203,5,6b71e7b7,,,2026-07-15,2026-07-15
791,1fa055ab,114,7,205,1,f6ab1ed5,,,2026-07-15,2026-07-15
792,c29d80fb,41,4,205,2,0968f5a7,,,2026-07-15,2026-07-15
793,7a717337,111,6,201,5,ac535caa,,,2026-07-15,2026-07-15
794,d62061de,420,6,201,3,a93aa731,,,2026-07-15,2026-07-15
795,92eb5062,574,4,201,3,7f1bca00,,,2026-07-15,2026-07-15
796,a9a2602e,213,6,202,4,112f9cab,,,2026-07-15,2026-07-15
797,a21020b8,252,3,203,5,315f550b,,,2026-07-15,2026-07-15
798,fce3d9d6,360,7,202,2,72bc630e,,,2026-07-15,2026-07-15
799,e7dbfac6,597,4,203,5,99fed753,,,2026-07-15,2026-07-15
800,715939b6,587,6,201,1,bd4a772f,,,2026-07-15,2026-07-15
801,e5d3386b,199,2,205,4,b244f9d6,,,2026-07-15,2026-07-15
802,f1854d91,510,5,205,2,0b6ae467,,,2026-07-15,2026-07-15
803,d77c7b54,526,1,202,4,b755ebae,,,2026-07-15,2026-07-15
804,6d26943a,107,6,204,1,89eec31c,,,2026-07-15,2026-07-15
805,cdbb2823,653,1,205,4,531113e4,,,2026-07-15,2026-07-15
806,e6fa2846,660,3,205,4,ba285e29,,,2026-07-15,2026-07-15
807,9e3f4e09,539,4,203,1,6c4f0c4c,,,2026-07-15,2026-07-15
808,348f3b8f,504,3,201,1,465c1c13,,,2026-07-15,2026-07-15
809,2673b0e3,324,6,204,3,b716556b,,,2026-07-15,2026-07-15
810,439cae85,632,7,205,3,d8a2bbd7,,,2026-07-15,2026-07-15
811,ea17dc87,226,4,203,4,89eec31c,,,2026-07-15,2026-07-15
812,b9abaf7e,296,4,202,5,b4ca029a,,,2026-07-15,2026-07-15
813,647f919f,480,2,203,2,e3ec02d4,,,2026-07-15,2026-07-15
814,73b526ad,398,4,204,3,036ada7f,,,2026-07-15,2026-07-15
815,1de5f1ef,645,7,202,1,de084e17,,,2026-07-15,2026-07-15
816,0afd011e,305,3,202,2,4e431688,,,2026-07-15,2026-07-15
817,d6366658,612,6,205,1,ef75b4bf,,,2026-07-15,2026-07-15
818,11094635,19,4,204,1,6958bb49,,,2026-07-15,2026-07-15
819,6fc4b301,266,5,201,2,6b3185b0,,,2026-07-15,2026-07-15
820,b626026e,689,6,201,1,69b06aa6,,,2026-07-15,2026-07-15
821,0c9c8ab8,349,1,202,1,e6d45de3,,,2026-07-15,2026-07-15
822,813dc1ae,339,4,203,4,465c1c13,,,2026-07-15,2026-07-15
823,52239df6,294,6,205,5,3e66160b,,,2026-07-15,2026-07-15
824,c395d92c,377,6,202,3,72bc630e,,,2026-07-15,2026-07-15
825,3258f4e3,418,1,201,3,e89b35ce,,,2026-07-15,2026-07-15
826,82141e3f,131,5,201,2,b427b66b,,,2026-07-15,2026-07-15
827,79f9d7df,84,4,201,1,66299238,,,2026-07-15,2026-07-15
828,a383997a,628,5,201,3,6601ea7f,,,2026-07-15,2026-07-15
829,3b2fb596,584,1,201,1,8111bc07,,,2026-07-15,2026-07-15
830,98f5e723,654,7,201,1,4363b8d6,,,2026-07-15,2026-07-15
831,ab45de70,112,1,202,3,a426a28e,,,2026-07-15,2026-07-15
832,8c02447a,656,5,204,1,3f491b77,,,2026-07-15,2026-07-15
833,52c17ff3,702,4,201,5,d88f6a7f,,,2026-07-15,2026-07-15
834,579ee70f,635,4,203,1,10f10b2b,,,2026-07-15,2026-07-15
835,5e6f7b2c,200,1,202,1,8111bc07,,,2026-07-15,2026-07-15
836,06effd40,542,6,203,5,aefc1727,,,2026-07-15,2026-07-15
837,abf64ecd,232,3,203,1,13a46227,,,2026-07-15,2026-07-15
838,22ffd953,546,3,201,4,10f10b2b,,,2026-07-15,2026-07-15
839,ce44d1ac,636,7,202,2,a93aa731,,,2026-07-15,2026-07-15
840,8d246787,265,6,204,4,3f491b77,,,2026-07-15,2026-07-15
841,a658b154,1,5,205,1,9349d295,,,2026-07-15,2026-07-15
842,60e93ebd,309,5,203,3,97682d83,,,2026-07-15,2026-07-15
843,5b566b89,522,7,203,4,434c2454,,,2026-07-15,2026-07-15
844,b9fdef8e,150,7,204,1,367ca016,,,2026-07-15,2026-07-15
845,4fd3a131,366,6,205,4,3f26afe9,,,2026-07-15,2026-07-15
846,8e8efc92,304,5,203,5,346c1416,,,2026-07-15,2026-07-15
847,511f8288,343,7,205,3,d88f6a7f,,,2026-07-15,2026-07-15
848,f5aca351,322,5,201,1,42d0014c,,,2026-07-15,2026-07-15
849,593feb36,333,5,201,4,6f28469e,,,2026-07-15,2026-07-15
850,296f228e,25,5,205,4,2c42c662,,,2026-07-15,2026-07-15
851,a09b108b,155,7,204,5,3fc80484,,,2026-07-15,2026-07-15
852,c8daf641,156,2,202,5,d88f6a7f,,,2026-07-15,2026-07-15
853,70db350c,99,2,204,2,62bfa0d9,,,2026-07-15,2026-07-15
854,d6ffb2bd,295,4,202,2,86613e2d,,,2026-07-15,2026-07-15
855,b571f8bd,562,5,204,3,860df6aa,,,2026-07-15,2026-07-15
856,27af9051,708,4,204,2,f169683e,,,2026-07-15,2026-07-15
857,9c9678cc,275,4,202,4,c49ff99c,,,2026-07-15,2026-07-15
858,0747ac73,597,3,202,5,2dcdeda3,,,2026-07-15,2026-07-15
859,3300bc24,48,1,202,3,f399f8e1,,,2026-07-15,2026-07-15
860,b71e557d,664,4,205,3,37354f22,,,2026-07-15,2026-07-15
861,b6c1416f,340,6,204,4,8ad52b25,,,2026-07-15,2026-07-15
862,ee0fca45,399,1,205,5,1f937553,,,2026-07-15,2026-07-15
863,7ef52593,377,1,205,4,1b14dcc9,,,2026-07-15,2026-07-15
864,e545ebe2,449,5,202,5,fb5ef791,,,2026-07-15,2026-07-15
865,ef762840,6,5,204,4,1139e59a,,,2026-07-15,2026-07-15
866,7adef49c,175,5,202,5,15a65ae5,,,2026-07-15,2026-07-15
867,bff74bb5,442,6,202,5,7bc42b05,,,2026-07-15,2026-07-15
868,cfe13df9,133,2,204,5,35acd685,,,2026-07-15,2026-07-15
869,8f38a639,438,1,202,1,3184736b,,,2026-07-15,2026-07-15
870,099f6984,439,3,203,3,49fdea5f,,,2026-07-15,2026-07-15
871,5bfc8218,541,3,202,4,70bfbcda,,,2026-07-15,2026-07-15
872,7319e62c,509,7,204,4,1aaa9d3a,,,2026-07-15,2026-07-15
873,0dae3830,447,7,205,1,1dc2bf91,,,2026-07-15,2026-07-15
874,ce971c50,18,3,205,2,8993064a,,,2026-07-15,2026-07-15
875,a84d18d2,407,2,201,3,69b06aa6,,,2026-07-15,2026-07-15
876,bed71b89,159,5,203,2,944084a9,,,2026-07-15,2026-07-15
877,7380d427,97,4,204,4,72bc630e,,,2026-07-15,2026-07-15
878,bfc36ccc,55,5,204,4,943eab83,,,2026-07-15,2026-07-15
879,d676d80a,2,7,204,2,50987e86,,,2026-07-15,2026-07-15
880,91c58b43,302,6,204,3,4c309170,,,2026-07-15,2026-07-15
881,b2f2094e,633,3,202,4,5dff7cb7,,,2026-07-15,2026-07-15
882,2ef973a5,370,6,205,1,895b017c,,,2026-07-15,2026-07-15
883,4878a9fa,489,3,202,1,5e91ed7b,,,2026-07-15,2026-07-15
884,4ce0ab7d,391,3,205,1,a638b4b0,,,2026-07-15,2026-07-15
885,d26139a5,708,7,203,5,a4e3426c,,,2026-07-15,2026-07-15
886,1cba9ffa,693,6,201,2,5424e422,,,2026-07-15,2026-07-15
887,4462b41c,503,4,201,5,f22bf066,,,2026-07-15,2026-07-15
888,e84f63a4,10,4,203,5,860df6aa,,,2026-07-15,2026-07-15
889,197886d2,602,5,205,4,4943c5d9,,,2026-07-15,2026-07-15
890,f66bb522,710,4,203,2,465c1c13,,,2026-07-15,2026-07-15
891,ce1ce623,61,6,201,4,43cbe6fa,,,2026-07-15,2026-07-15
892,666849e4,157,6,201,3,eb3c1fb7,,,2026-07-15,2026-07-15
893,fd61ba7b,462,6,204,3,2c42c662,,,2026-07-15,2026-07-15
894,46b9ce20,608,7,205,3,ada44e5b,,,2026-07-15,2026-07-15
895,b9de21cc,257,1,205,2,45592551,,,2026-07-15,2026-07-15
896,300426b3,382,3,202,1,14a4c03c,,,2026-07-15,2026-07-15
897,88da9775,124,5,201,1,970e594b,,,2026-07-15,2026-07-15
898,2c8e4ce7,127,7,204,4,60ce4ade,,,2026-07-15,2026-07-15
899,645f6ea1,664,2,205,4,3fc80484,,,2026-07-15,2026-07-15
900,9c25f164,236,1,201,3,3929633d,,,2026-07-15,2026-07-15
901,c069010a,408,5,201,4,3184736b,,,2026-07-15,2026-07-15
902,073b894e,659,7,201,1,43cbe6fa,,,2026-07-15,2026-07-15
903,b7b6320e,668,3,204,3,45592551,,,2026-07-15,2026-07-15
904,8ae3ffeb,350,6,201,2,c88f1b8d,,,2026-07-15,2026-07-15
905,98a50d33,677,6,201,4,247dccf1,,,2026-07-15,2026-07-15
906,3f471f91,496,4,202,3,3a1572cc,,,2026-07-15,2026-07-15
907,9d8ca12e,320,3,203,1,ddaa1bf9,,,2026-07-15,2026-07-15
908,cda68d00,243,1,204,3,5e91ed7b,,,2026-07-15,2026-07-15
909,419b8b4b,706,6,205,4,43b89e78,,,2026-07-15,2026-07-15
910,667a3abf,6,2,203,1,f971e386,,,2026-07-15,2026-07-15
911,fe02129f,692,3,202,2,3f491b77,,,2026-07-15,2026-07-15
912,a0dba862,189,1,205,4,ec5b641f,,,2026-07-15,2026-07-15
913,e4b0cdde,516,2,204,1,4db20d32,,,2026-07-15,2026-07-15
914,a975d187,599,4,203,1,cbcf13d1,,,2026-07-15,2026-07-15
915,a909a5a6,305,6,202,4,a008a294,,,2026-07-15,2026-07-15
916,fa61ce40,144,1,205,4,3cc541a7,,,2026-07-15,2026-07-15
917,b1edd65d,524,2,204,5,6f28469e,,,2026-07-15,2026-07-15
918,08fa2fae,248,5,204,1,a30580a1,,,2026-07-15,2026-07-15
919,accadc57,662,2,202,3,a0d8ebba,,,2026-07-15,2026-07-15
920,392ba1d5,8,6,205,1,abeb982e,,,2026-07-15,2026-07-15
921,962797c5,329,2,201,4,bd5892a8,,,2026-07-15,2026-07-15
922,072fa260,248,4,204,1,3a1756fa,,,2026-07-15,2026-07-15
923,9a3cddcb,371,4,202,1,28741ecd,,,2026-07-15,2026-07-15
924,434d8782,102,3,203,5,35acd685,,,2026-07-15,2026-07-15
925,7e18a32d,228,1,202,3,95f70b4e,,,2026-07-15,2026-07-15
926,e66807bc,1,3,202,1,9ac47356,,,2026-07-15,2026-07-15
927,61ecd42b,332,2,202,5,2b2175cd,,,2026-07-15,2026-07-15
928,e3ffd95f,138,3,201,1,ada44e5b,,,2026-07-15,2026-07-15
929,116b7cdd,528,5,205,2,ed4939ed,,,2026-07-15,2026-07-15
930,fb83b8ce,42,6,201,2,3fc80484,,,2026-07-15,2026-07-15
931,72c0460a,463,7,204,4,425b1d3d,,,2026-07-15,2026-07-15
932,99071eac,565,1,203,2,346c1416,,,2026-07-15,2026-07-15
933,fa37fb72,115,4,202,2,ee98f97e,,,2026-07-15,2026-07-15
934,c32ae0f7,675,7,203,5,50641c23,,,2026-07-15,2026-07-15
935,dbaca343,461,4,203,5,89eec31c,,,2026-07-15,2026-07-15
936,0d146cc7,290,3,204,1,57221ec9,,,2026-07-15,2026-07-15
937,60ebaf62,294,3,205,4,2df8b6f4,,,2026-07-15,2026-07-15
938,539a1871,704,1,202,1,d88f6a7f,,,2026-07-15,2026-07-15
939,ab71ddcc,56,6,203,5,1b14dcc9,,,2026-07-15,2026-07-15
940,c1e15c3e,426,5,205,3,4960cc67,,,2026-07-15,2026-07-15
941,6d3fb16c,211,7,203,4,9dd48364,,,2026-07-15,2026-07-15
942,fcbf2ffc,680,7,201,1,0fbb521a,,,2026-07-15,2026-07-15
943,fbf91d5d,149,3,204,2,ee98f97e,,,2026-07-15,2026-07-15
944,bb669e67,445,4,204,4,c475f6fc,,,2026-07-15,2026-07-15
945,c35fc483,422,1,205,5,0968f5a7,,,2026-07-15,2026-07-15
946,1e27a154,345,6,203,1,b51ae2f1,,,2026-07-15,2026-07-15
947,6449e46d,661,3,201,4,bd47b713,,,2026-07-15,2026-07-15
948,80c688cb,181,6,204,2,2dcdeda3,,,2026-07-15,2026-07-15
949,0bd742e1,531,7,205,5,d8a2bbd7,,,2026-07-15,2026-07-15
950,be8ef9ee,660,7,201,4,d8a2bbd7,,,2026-07-15,2026-07-15
951,801d17b0,545,3,202,1,2c42c662,,,2026-07-15,2026-07-15
952,50251b40,294,1,201,3,37166503,,,2026-07-15,2026-07-15
953,9cbf7d04,215,5,202,5,87830e43,,,2026-07-15,2026-07-15
954,70a7fcc3,303,6,202,1,b7effad0,,,2026-07-15,2026-07-15
955,1e95358f,151,5,203,1,c4cdb41c,,,2026-07-15,2026-07-15
956,8cb5a73b,20,2,203,5,4392286c,,,2026-07-15,2026-07-15
957,7cbc1cfb,354,6,204,1,0d484e5f,,,2026-07-15,2026-07-15
958,5e4ccf62,261,4,203,5,fe86a413,,,2026-07-15,2026-07-15
959,7f69e26b,363,4,205,1,febfde98,,,2026-07-15,2026-07-15
960,47298821,449,2,205,2,c7ead2cc,,,2026-07-15,2026-07-15
961,1d452e5c,729,1,201,1,8ad52b25,,,2026-07-15,2026-07-15
962,5978009b,160,3,202,1,92f2fd13,,,2026-07-15,2026-07-15
963,02b14e06,570,6,201,3,e03caed0,,,2026-07-15,2026-07-15
964,929bfdab,475,2,205,2,4049e911,,,2026-07-15,2026-07-15
965,accd184a,441,4,204,2,482ffe65,,,2026-07-15,2026-07-15
966,94d245d9,495,6,201,3,719fa89e,,,2026-07-15,2026-07-15
967,c31ee069,385,3,205,2,38daf3c5,,,2026-07-15,2026-07-15
968,10dc7efd,125,7,202,3,bc297930,,,2026-07-15,2026-07-15
969,d4f78ef5,324,7,202,5,fdb588e8,,,2026-07-15,2026-07-15
970,4c727c58,406,3,203,3,4c309170,,,2026-07-15,2026-07-15
971,121aa9f3,331,1,204,5,6f28469e,,,2026-07-15,2026-07-15
972,705ea3b8,358,2,204,5,3f491b77,,,2026-07-15,2026-07-15
973,a890fb20,341,5,201,2,2c42c662,,,2026-07-15,2026-07-15
974,661903b9,726,2,205,2,e224a8c6,,,2026-07-15,2026-07-15
975,86f60ac6,221,2,205,4,13a46227,,,2026-07-15,2026-07-15
976,30d5520d,671,4,205,4,ca496ce9,,,2026-07-15,2026-07-15
977,94645cbd,161,5,204,4,2dcdeda3,,,2026-07-15,2026-07-15
978,8b93068a,107,1,203,3,87830e43,,,2026-07-15,2026-07-15
979,bcf4587b,573,1,201,3,50641c23,,,2026-07-15,2026-07-15
980,e0c35f6a,235,1,202,2,a040e169,,,2026-07-15,2026-07-15
981,b4bd90f0,39,4,202,3,6568690c,,,2026-07-15,2026-07-15
982,61c9da88,516,6,203,1,f971e386,,,2026-07-15,2026-07-15
983,b3057d44,417,2,201,2,60c38ae4,,,2026-07-15,2026-07-15
984,7809021c,584,3,205,5,df92d410,,,2026-07-15,2026-07-15
985,f5540d02,471,4,205,1,7ad06864,,,2026-07-15,2026-07-15
986,88e163dc,418,7,201,5,ec486749,,,2026-07-15,2026-07-15
987,f92f26ce,45,2,204,3,f22bf066,,,2026-07-15,2026-07-15
988,9a72a7d7,413,7,205,4,45c95088,,,2026-07-15,2026-07-15
989,4850f697,429,1,202,4,69b06aa6,,,2026-07-15,2026-07-15
990,54ef58fd,129,6,204,5,6b71e7b7,,,2026-07-15,2026-07-15
991,35301ffa,64,5,202,2,41c72cdb,,,2026-07-15,2026-07-15
992,c85eed7d,725,1,204,4,2a9b3aaa,,,2026-07-15,2026-07-15
993,19e2c300,64,7,205,3,3973c30a,,,2026-07-15,2026-07-15
994,bd463e3e,512,7,204,4,3184736b,,,2026-07-15,2026-07-15
995,4afa8fd5,729,4,203,4,a4e3426c,,,2026-07-15,2026-07-15
996,1f6cb6e3,406,3,202,4,ff142568,,,2026-07-15,2026-07-15
997,49c61ca4,690,7,202,3,f6ab1ed5,,,2026-07-15,2026-07-15
998,b7e5eee2,488,4,202,3,2d45f6bd,,,2026-07-15,2026-07-15
999,5dfdd3cf,360,1,203,4,f2fc7978,,,2026-07-15,2026-07-15
1000,47a03a79,538,7,205,3,ff142568,,,2026-07-15,2026-07-15
1001,30fd66a7,80,2,204,3,52b3375c,,,2026-07-15,2026-07-15
1002,47b0d275,326,4,205,2,bd5892a8,,,2026-07-15,2026-07-15
1003,8051f3ac,74,2,202,3,f27a730c,,,2026-07-15,2026-07-15
1004,035e086e,211,7,203,1,53648c48,,,2026-07-15,2026-07-15
1005,3c88c754,450,3,201,4,d2599bb6,,,2026-07-15,2026-07-15
1006,8e1bf2e2,267,5,201,4,bd47b713,,,2026-07-15,2026-07-15
1007,c02a4924,685,5,205,3,6ee48559,,,2026-07-15,2026-07-15
1008,b5b89927,646,4,204,5,7e1de19d,,,2026-07-15,2026-07-15
1009,93efffc7,254,7,203,1,2df8b6f4,,,2026-07-15,2026-07-15
1010,819208a0,722,4,202,1,0fcaa55a,,,2026-07-15,2026-07-15
1011,d39627d2,101,6,203,1,ac2c30bf,,,2026-07-15,2026-07-15
1012,3529aafa,89,5,203,3,369a8438,,,2026-07-15,2026-07-15
1013,e0922d93,450,3,204,1,6c4f0c4c,,,2026-07-15,2026-07-15
1014,ab27e926,569,5,203,1,e03caed0,,,2026-07-15,2026-07-15
1015,91b54680,60,6,203,5,d9c08140,,,2026-07-15,2026-07-15
1016,a946a754,435,4,201,4,112f9cab,,,2026-07-15,2026-07-15
1017,6a83c41a,650,3,202,1,6b71e7b7,,,2026-07-15,2026-07-15
1018,68b88aad,203,7,205,1,b244f9d6,,,2026-07-15,2026-07-15
1019,bd739525,699,5,205,1,e3ec02d4,,,2026-07-15,2026-07-15
1020,8022bb82,93,4,203,4,ae0deda5,,,2026-07-15,2026-07-15
1021,7db0d736,680,1,202,4,f0924da4,,,2026-07-15,2026-07-15
1022,93828bb3,246,7,204,3,719fa89e,,,2026-07-15,2026-07-15
1023,67b47b8c,429,2,203,1,531113e4,,,2026-07-15,2026-07-15
1024,63a49773,156,4,201,4,52368d16,,,2026-07-15,2026-07-15
1025,479203f4,592,4,204,3,eb3c1fb7,,,2026-07-15,2026-07-15
1026,248a4af0,111,4,202,2,fa853203,,,2026-07-15,2026-07-15
1027,69e24486,604,6,202,1,b427b66b,,,2026-07-15,2026-07-15
1028,910bb3e8,264,2,202,4,52b3375c,,,2026-07-15,2026-07-15
1029,0898232e,88,3,205,3,fdb588e8,,,2026-07-15,2026-07-15
1030,3b24916b,595,1,201,1,5424e422,,,2026-07-15,2026-07-15
1031,2fca4a5b,172,7,202,5,45c95088,,,2026-07-15,2026-07-15
1032,c3b0cf77,130,7,203,4,7e22a2b5,,,2026-07-15,2026-07-15
1033,ea3a7ebe,25,6,202,5,c50cc14e,,,2026-07-15,2026-07-15
1034,e251556f,169,1,204,4,e9238f3f,,,2026-07-15,2026-07-15
1035,98c0b094,72,6,205,3,7fddfb89,,,2026-07-15,2026-07-15
1036,8b9ff001,191,5,203,1,fdb588e8,,,2026-07-15,2026-07-15
1037,66ea8a69,293,6,202,1,822c1444,,,2026-07-15,2026-07-15
1038,bd321bd8,87,3,203,5,d8b06558,,,2026-07-15,2026-07-15
1039,9f239f9d,302,2,205,2,f7817da3,,,2026-07-15,2026-07-15
1040,9ba3b187,229,3,201,5,6f2a321a,,,2026-07-15,2026-07-15
1041,330e2d49,607,7,204,3,72bc630e,,,2026-07-15,2026-07-15
1042,90e5631f,412,6,201,5,6a0cd270,,,2026-07-15,2026-07-15
1043,aa082a8c,238,5,204,3,57be6156,,,2026-07-15,2026-07-15
1044,434e9845,8,5,205,1,a84540d1,,,2026-07-15,2026-07-15
1045,354ecc29,93,2,205,4,315f550b,,,2026-07-15,2026-07-15
1046,2f21245a,156,4,204,1,0fbb521a,,,2026-07-15,2026-07-15
1047,a8a36846,302,7,203,1,5482a297,,,2026-07-15,2026-07-15
1048,14b667a1,35,4,201,2,0fbb521a,,,2026-07-15,2026-07-15
1049,f9548e29,537,6,203,1,9e7dae2e,,,2026-07-15,2026-07-15
1050,f2d5976b,700,3,201,5,b68bef7e,,,2026-07-15,2026-07-15
1051,44644014,286,5,204,2,860df6aa,,,2026-07-15,2026-07-15
1052,cf0e19dd,182,1,203,5,3cc541a7,,,2026-07-15,2026-07-15
1053,5dc03609,15,7,204,3,b730e9e6,,,2026-07-15,2026-07-15
1054,5b6f5230,218,4,204,3,dfe6e1ff,,,2026-07-15,2026-07-15
1055,a3b64476,357,6,202,4,4aeffd09,,,2026-07-15,2026-07-15
1056,febd48ad,71,3,205,3,c7ead2cc,,,2026-07-15,2026-07-15
1057,f6f79e1a,338,7,205,1,a638b4b0,,,2026-07-15,2026-07-15
1058,f4197801,370,3,203,1,fb87e33d,,,2026-07-15,2026-07-15
1059,64976416,475,2,201,2,6601ea7f,,,2026-07-15,2026-07-15
1060,b8c1af77,474,5,204,3,f033669c,,,2026-07-15,2026-07-15
1061,27fcf409,302,7,201,4,b68bef7e,,,2026-07-15,2026-07-15
1062,05ab395d,623,1,203,3,fdb588e8,,,2026-07-15,2026-07-15
1063,b58e5b05,691,7,205,1,87830e43,,,2026-07-15,2026-07-15
1064,93757120,653,5,203,4,ba285e29,,,2026-07-15,2026-07-15
1065,47fc0cbf,409,3,201,2,69956359,,,2026-07-15,2026-07-15
1066,2e62d8b6,377,5,202,1,fdb588e8,,,2026-07-15,2026-07-15
1067,404a3d72,204,3,205,1,3832abbc,,,2026-07-15,2026-07-15
1068,d244d6b2,182,2,204,2,8111bc07,,,2026-07-15,2026-07-15
1069,4bafff91,415,5,201,2,58954ba4,,,2026-07-15,2026-07-15
1070,407dbc15,98,6,205,5,11f3df17,,,2026-07-15,2026-07-15
1071,df15c7e6,41,3,201,2,7b868e56,,,2026-07-15,2026-07-15
1072,7ed62fe2,242,5,205,4,c4cdb41c,,,2026-07-15,2026-07-15
1073,933b84f8,362,5,201,5,b244f9d6,,,2026-07-15,2026-07-15
1074,c43f00ec,500,3,204,2,2b2175cd,,,2026-07-15,2026-07-15
1075,3a195830,632,2,202,4,8d3cc46f,,,2026-07-15,2026-07-15
1076,5fe68a7e,333,4,201,2,7ad06864,,,2026-07-15,2026-07-15
1077,d5cf2a96,20,6,204,3,3184736b,,,2026-07-15,2026-07-15
1078,8c39bb76,74,2,202,5,e5d0ffbb,,,2026-07-15,2026-07-15
1079,4f9e5b7b,337,1,202,1,72bc630e,,,2026-07-15,2026-07-15
1080,562d6734,637,4,201,4,c4cdb41c,,,2026-07-15,2026-07-15
1081,86e7fa7e,657,7,202,2,e0d2a5f3,,,2026-07-15,2026-07-15
1082,2e6588ce,486,1,204,2,5905a3e7,,,2026-07-15,2026-07-15
1083,39398768,311,3,205,1,3f26afe9,,,2026-07-15,2026-07-15
1084,a2904f10,30,3,203,3,bde42cc1,,,2026-07-15,2026-07-15
1085,c8dd1c58,464,3,202,2,163d0b32,,,2026-07-15,2026-07-15
1086,fd792043,667,1,204,2,6f28469e,,,2026-07-15,2026-07-15
1087,fa7a0018,424,7,201,3,e3ec02d4,,,2026-07-15,2026-07-15
1088,1e9c4c7e,439,4,203,1,852032b7,,,2026-07-15,2026-07-15
1089,e1f65071,97,4,205,4,a008a294,,,2026-07-15,2026-07-15
1090,09212571,104,2,201,5,cc9f65a9,,,2026-07-15,2026-07-15
1091,b08330bd,700,5,204,3,5424e422,,,2026-07-15,2026-07-15
1092,aacd32e4,553,7,204,4,0fbb521a,,,2026-07-15,2026-07-15
1093,660a0ef9,713,6,202,1,efc887b8,,,2026-07-15,2026-07-15
1094,8564d283,13,4,204,4,efc887b8,,,2026-07-15,2026-07-15
1095,41c65990,596,3,203,2,d8b06558,,,2026-07-15,2026-07-15
1096,1d13659b,631,7,202,4,95ec6e5b,,,2026-07-15,2026-07-15
1097,c79a9e0f,712,7,204,1,0fbb521a,,,2026-07-15,2026-07-15
1098,1ce81cdc,106,2,204,2,13a46227,,,2026-07-15,2026-07-15
1099,adba89c1,202,4,205,4,944084a9,,,2026-07-15,2026-07-15
1100,d8cecdeb,387,3,204,3,e5d0ffbb,,,2026-07-15,2026-07-15
1101,77da7669,563,7,201,3,f971e386,,,2026-07-15,2026-07-15
1102,d18d6660,425,4,205,1,ed90a296,,,2026-07-15,2026-07-15
1103,8edceef2,341,2,201,1,dfe6e1ff,,,2026-07-15,2026-07-15
1104,9b456c5c,621,2,203,3,ae76cc5c,,,2026-07-15,2026-07-15
1105,1b1d3566,566,7,204,1,4943c5d9,,,2026-07-15,2026-07-15
1106,3854959e,663,6,201,2,d9c08140,,,2026-07-15,2026-07-15
1107,90bc4b5e,636,1,205,2,7b868e56,,,2026-07-15,2026-07-15
1108,005cfab3,287,5,205,2,ed90a296,,,2026-07-15,2026-07-15
1109,56618266,405,5,205,1,69b06aa6,,,2026-07-15,2026-07-15
1110,c40af7e6,344,4,205,4,205742d2,,,2026-07-15,2026-07-15
1111,4853b9c4,178,5,201,2,68f3c4e5,,,2026-07-15,2026-07-15
1112,5866028d,58,7,204,2,f169683e,,,2026-07-15,2026-07-15
1113,7e597811,236,1,202,5,3f26afe9,,,2026-07-15,2026-07-15
1114,5e63b6ea,557,3,201,1,531113e4,,,2026-07-15,2026-07-15
1115,c5d95b19,506,6,201,3,52368d16,,,2026-07-15,2026-07-15
1116,ab5a6e97,718,1,203,2,c7ead2cc,,,2026-07-15,2026-07-15
1117,b6a56352,240,1,204,2,aefc1727,,,2026-07-15,2026-07-15
1118,51093b60,673,2,205,2,7e22a2b5,,,2026-07-15,2026-07-15
1119,b97f6465,169,6,201,4,abeb982e,,,2026-07-15,2026-07-15
1120,eac348f3,27,2,201,5,68f3c4e5,,,2026-07-15,2026-07-15
1121,ba86859a,295,5,203,4,3fc80484,,,2026-07-15,2026-07-15
1122,10dd2004,429,6,201,2,3d657bb9,,,2026-07-15,2026-07-15
1123,d891fba7,442,6,201,5,efc887b8,,,2026-07-15,2026-07-15
1124,333a4c09,322,1,205,3,74258308,,,2026-07-15,2026-07-15
1125,c96a48a9,321,1,201,4,f0758699,,,2026-07-15,2026-07-15
1126,c8290034,248,7,204,5,d9c08140,,,2026-07-15,2026-07-15
1127,65582e91,688,5,205,5,2c760828,,,2026-07-15,2026-07-15
1128,f2e5628c,688,4,201,3,943eab83,,,2026-07-15,2026-07-15
1129,972f766e,399,4,203,2,a040e169,,,2026-07-15,2026-07-15
1130,387337db,48,5,201,3,b7effad0,,,2026-07-15,2026-07-15
1131,1a5a16c5,129,6,201,3,a040e169,,,2026-07-15,2026-07-15
1132,5a3bf236,345,6,205,2,e224a8c6,,,2026-07-15,2026-07-15
1133,6ede3fc8,161,4,203,1,91a6c884,,,2026-07-15,2026-07-15
1134,db207891,179,4,203,5,4c309170,,,2026-07-15,2026-07-15
1135,a568b3fd,9,2,202,4,a71b0343,,,2026-07-15,2026-07-15
1136,3ada39e9,194,5,201,5,febfde98,,,2026-07-15,2026-07-15
1137,514ad9ea,320,5,203,3,cb8ec133,,,2026-07-15,2026-07-15
1138,8515d63d,209,6,204,5,fb87e33d,,,2026-07-15,2026-07-15
1139,66b91dd6,127,5,202,3,6ef9ace3,,,2026-07-15,2026-07-15
1140,3c5def5d,697,2,203,3,ed90a296,,,2026-07-15,2026-07-15
1141,606de832,466,2,202,3,69b06aa6,,,2026-07-15,2026-07-15
1142,e2c1ffbc,210,2,201,1,b03540b1,,,2026-07-15,2026-07-15
1143,77aa1b43,216,7,202,1,6958bb49,,,2026-07-15,2026-07-15
1144,24e99350,271,6,201,5,13a46227,,,2026-07-15,2026-07-15
1145,46733f78,54,4,202,3,c4cdb41c,,,2026-07-15,2026-07-15
1146,e60a2fe8,225,6,204,1,4907af8c,,,2026-07-15,2026-07-15
1147,a060afd3,715,4,203,3,7ad06864,,,2026-07-15,2026-07-15
1148,adf1b83e,404,6,204,2,9dd48364,,,2026-07-15,2026-07-15
1149,cbfd1560,168,2,201,3,35f98e98,,,2026-07-15,2026-07-15
1150,63dfd502,529,2,204,1,4aeffd09,,,2026-07-15,2026-07-15
1151,3a08b942,570,7,204,5,163d0b32,,,2026-07-15,2026-07-15
1152,645f7119,196,6,205,1,efc887b8,,,2026-07-15,2026-07-15
1153,8bb429a2,328,5,201,5,f971e386,,,2026-07-15,2026-07-15
1154,e2020bb6,616,6,202,5,f0758699,,,2026-07-15,2026-07-15
1155,0cbc56ff,533,7,201,1,1d498af8,,,2026-07-15,2026-07-15
1156,048ecf8e,423,5,204,2,f27bb490,,,2026-07-15,2026-07-15
1157,3940d8d3,214,7,202,1,f399f8e1,,,2026-07-15,2026-07-15
1158,cf417193,493,6,201,4,58954ba4,,,2026-07-15,2026-07-15
1159,ccf9d9e4,57,3,203,5,ada44e5b,,,2026-07-15,2026-07-15
1160,a4f22ae8,75,6,203,2,1df1fe50,,,2026-07-15,2026-07-15
1161,4e3309d2,493,2,204,1,f6ab1ed5,,,2026-07-15,2026-07-15
1162,bd1d2837,597,6,202,1,4960cc67,,,2026-07-15,2026-07-15
1163,dd1ae0f1,522,7,204,4,89eec31c,,,2026-07-15,2026-07-15
1164,6baab097,622,3,202,3,d8edbef1,,,2026-07-15,2026-07-15
1165,9ba9c559,555,7,204,5,c05e9193,,,2026-07-15,2026-07-15
1166,347b6fff,670,2,202,4,c84a0390,,,2026-07-15,2026-07-15
1167,e73c2426,10,4,201,5,d2c89978,,,2026-07-15,2026-07-15
1168,f5b59bb9,434,4,205,4,3110a49a,,,2026-07-15,2026-07-15
1169,e3e28f0d,268,3,203,5,fc9cf0b8,,,2026-07-15,2026-07-15
1170,ecb98719,226,2,201,4,f0758699,,,2026-07-15,2026-07-15
1171,4a5ce282,575,4,203,2,ada44e5b,,,2026-07-15,2026-07-15
1172,ceeeb75b,567,6,201,3,c50cc14e,,,2026-07-15,2026-07-15
1173,5562d0f3,417,7,201,4,25b7eced,,,2026-07-15,2026-07-15
1174,6a3f6431,474,4,203,2,96379792,,,2026-07-15,2026-07-15
1175,150db021,113,4,204,2,70bfbcda,,,2026-07-15,2026-07-15
1176,06eebf02,727,1,203,1,5ae61d1c,,,2026-07-15,2026-07-15
1177,3c8a1020,212,1,203,3,6b3185b0,,,2026-07-15,2026-07-15
1178,a0c4f222,453,6,202,3,01974f0f,,,2026-07-15,2026-07-15
1179,c506ec11,131,7,202,2,5a5bf759,,,2026-07-15,2026-07-15
1180,eca4cbfc,96,6,203,3,4049e911,,,2026-07-15,2026-07-15
1181,bb1f396d,146,7,203,5,3cc541a7,,,2026-07-15,2026-07-15
1182,d8dccf04,94,3,203,2,8ad52b25,,,2026-07-15,2026-07-15
1183,4ae85d30,86,2,204,2,3973c30a,,,2026-07-15,2026-07-15
1184,6ed4cd22,59,3,202,1,2b2175cd,,,2026-07-15,2026-07-15
1185,7f94668e,28,2,204,3,9ac47356,,,2026-07-15,2026-07-15
1186,486ebb2f,696,7,201,5,72bc630e,,,2026-07-15,2026-07-15
1187,62367a1d,68,7,205,4,e5d0ffbb,,,2026-07-15,2026-07-15
1188,3e3b58da,483,7,203,2,3929633d,,,2026-07-15,2026-07-15
1189,3038366c,15,4,205,4,3110a49a,,,2026-07-15,2026-07-15
1190,48033040,541,4,203,4,2df8b6f4,,,2026-07-15,2026-07-15
1191,ff821a96,149,3,202,3,4ce20b01,,,2026-07-15,2026-07-15
1192,0344052e,480,2,202,5,68f3c4e5,,,2026-07-15,2026-07-15
1193,baf2528c,583,2,204,5,df28e3f0,,,2026-07-15,2026-07-15
1194,7eab974a,78,5,205,1,e52f5ed8,,,2026-07-15,2026-07-15
1195,c7cb0d54,406,5,201,2,37354f22,,,2026-07-15,2026-07-15
1196,91ffb746,517,1,201,3,ff142568,,,2026-07-15,2026-07-15
1197,542f23e6,155,3,201,3,7bc42b05,,,2026-07-15,2026-07-15
1198,6ed15ea5,284,5,201,1,6e76c557,,,2026-07-15,2026-07-15
1199,d3375eaa,473,4,202,2,f033669c,,,2026-07-15,2026-07-15
1200,3d8359e5,525,4,201,3,3184736b,,,2026-07-15,2026-07-15
1201,798fb340,205,7,202,5,6568690c,,,2026-07-15,2026-07-15
1202,a03bb094,643,6,202,2,4ce20b01,,,2026-07-15,2026-07-15
1203,d6dcd7e0,598,2,203,4,ac535caa,,,2026-07-15,2026-07-15
1204,43e7f8e0,384,5,203,2,f248f0c6,,,2026-07-15,2026-07-15
1205,717d4fcf,540,5,202,2,ddaa1bf9,,,2026-07-15,2026-07-15
1206,89d54a1f,86,3,204,2,6f2a321a,,,2026-07-15,2026-07-15
1207,be775d7a,485,7,202,4,c88f1b8d,,,2026-07-15,2026-07-15
1208,dbdca8fa,300,7,204,2,5a5bf759,,,2026-07-15,2026-07-15
1209,eda44c32,698,2,201,5,a93aa731,,,2026-07-15,2026-07-15
1210,ff372957,404,1,201,5,14a4c03c,,,2026-07-15,2026-07-15
1211,4b003507,165,6,204,2,3f26afe9,,,2026-07-15,2026-07-15
1212,1cb398e1,652,1,205,3,346c1416,,,2026-07-15,2026-07-15
1213,28a7fd6e,595,4,205,2,6f28469e,,,2026-07-15,2026-07-15
1214,49833a20,123,6,202,3,c88f1b8d,,,2026-07-15,2026-07-15
1215,65035c94,259,2,204,4,d8a2bbd7,,,2026-07-15,2026-07-15
1216,ea67ffad,606,4,205,3,41c72cdb,,,2026-07-15,2026-07-15
1217,08e93715,717,5,204,1,fc9cf0b8,,,2026-07-15,2026-07-15
1218,a8345fba,168,7,203,1,6780333b,,,2026-07-15,2026-07-15
1219,c2d81a39,660,6,202,1,e0e8c2a1,,,2026-07-15,2026-07-15
1220,1be21893,332,4,205,3,ed90a296,,,2026-07-15,2026-07-15
1221,3074339e,645,1,204,4,e75bb09b,,,2026-07-15,2026-07-15
1222,25e591b6,165,4,205,4,bde42cc1,,,2026-07-15,2026-07-15
1223,867d697f,365,7,201,1,b7effad0,,,2026-07-15,2026-07-15
1224,8c10de99,725,5,202,4,822c1444,,,2026-07-15,2026-07-15
1225,3c6259ff,637,1,205,3,f971e386,,,2026-07-15,2026-07-15
1226,0a3975f7,487,1,204,3,cb8ec133,,,2026-07-15,2026-07-15
1227,b1351557,389,6,202,2,482ffe65,,,2026-07-15,2026-07-15
1228,7f745a51,432,1,203,2,0fbfd231,,,2026-07-15,2026-07-15
1229,76373b65,173,1,202,5,7fddfb89,,,2026-07-15,2026-07-15
1230,5f7050e1,630,6,205,2,f2fc7978,,,2026-07-15,2026-07-15
1231,0fd40469,132,1,205,3,895b017c,,,2026-07-15,2026-07-15
1232,b4db5167,571,2,205,5,5dff7cb7,,,2026-07-15,2026-07-15
1233,6481029e,108,6,202,5,442d941c,,,2026-07-15,2026-07-15
1234,af87253c,30,2,201,4,5a5bf759,,,2026-07-15,2026-07-15
1235,ec2de115,162,7,202,3,7643c1ee,,,2026-07-15,2026-07-15
1236,0d0d5542,561,1,205,1,1242762d,,,2026-07-15,2026-07-15
1237,c6376b82,612,4,204,3,bd47b713,,,2026-07-15,2026-07-15
1238,30ea0cf2,396,4,201,4,3110a49a,,,2026-07-15,2026-07-15
1239,3d3982e5,488,1,201,3,ede49010,,,2026-07-15,2026-07-15
1240,b3355946,103,2,202,2,6601ea7f,,,2026-07-15,2026-07-15
1241,f5135905,524,2,203,5,45592551,,,2026-07-15,2026-07-15
1242,2cbceba1,242,3,203,4,434c2454,,,2026-07-15,2026-07-15
1243,b3001477,219,5,202,2,c7ead2cc,,,2026-07-15,2026-07-15
1244,7ce92991,532,2,203,5,e5d0ffbb,,,2026-07-15,2026-07-15
1245,8242f9ad,258,2,203,5,719fa89e,,,2026-07-15,2026-07-15
1246,709da44c,722,1,202,1,4960cc67,,,2026-07-15,2026-07-15
1247,e2d42682,580,1,205,1,5ae61d1c,,,2026-07-15,2026-07-15
1248,04283d22,272,5,202,5,2dcdeda3,,,2026-07-15,2026-07-15
1249,612ce6d0,18,5,203,1,e52f5ed8,,,2026-07-15,2026-07-15
1250,cabf40fd,390,7,201,5,8125c6f0,,,2026-07-15,2026-07-15
1251,aa4fe2e2,449,4,205,4,df92d410,,,2026-07-15,2026-07-15
1252,879fc87b,327,6,204,4,aece207c,,,2026-07-15,2026-07-15
1253,7c609ecd,86,6,201,2,8d3cc46f,,,2026-07-15,2026-07-15
1254,2821f688,713,5,202,1,eb3c1fb7,,,2026-07-15,2026-07-15
1255,67fc4ee7,665,5,205,5,d9c08140,,,2026-07-15,2026-07-15
1256,6f5c7682,260,4,203,5,827ac471,,,2026-07-15,2026-07-15
1257,1a4e6b02,315,1,205,4,68f3c4e5,,,2026-07-15,2026-07-15
1258,55985b4a,83,3,203,1,7fddfb89,,,2026-07-15,2026-07-15
1259,fbeb2822,640,7,203,1,f27a730c,,,2026-07-15,2026-07-15
1260,ece9925e,341,4,201,3,ac535caa,,,2026-07-15,2026-07-15
1261,6d405567,332,3,202,4,346c1416,,,2026-07-15,2026-07-15
1262,7db40d2c,449,2,205,3,4ce20b01,,,2026-07-15,2026-07-15
1263,397f33e3,203,6,204,2,3cc541a7,,,2026-07-15,2026-07-15
1264,2a81f1f4,163,6,203,1,66299238,,,2026-07-15,2026-07-15
1265,91a68d6a,335,6,205,5,35f98e98,,,2026-07-15,2026-07-15
1266,b7a10141,80,7,203,2,dd3198d1,,,2026-07-15,2026-07-15
1267,83ddefb6,704,4,205,3,7f1bca00,,,2026-07-15,2026-07-15
1268,3cbc3421,706,4,205,1,f248f0c6,,,2026-07-15,2026-07-15
1269,031bab01,375,3,202,5,3a1572cc,,,2026-07-15,2026-07-15
1270,306f3006,505,6,204,3,fb5ef791,,,2026-07-15,2026-07-15
1271,1a9e9daa,273,6,204,1,57221ec9,,,2026-07-15,2026-07-15
1272,7c0c1367,706,6,201,5,2a9b3aaa,,,2026-07-15,2026-07-15
1273,66758954,98,6,202,4,cd901af9,,,2026-07-15,2026-07-15
1274,b5c09015,713,5,202,3,72bc630e,,,2026-07-15,2026-07-15
1275,ce829edf,35,7,204,1,fdb588e8,,,2026-07-15,2026-07-15
1276,762133d0,642,4,204,4,60ce4ade,,,2026-07-15,2026-07-15
1277,f0d03e6a,49,2,201,5,f971e386,,,2026-07-15,2026-07-15
1278,740832c5,335,4,201,5,63baf574,,,2026-07-15,2026-07-15
1279,7422972d,239,5,202,2,082d21de,,,2026-07-15,2026-07-15
1280,1d4dba56,658,2,204,3,d9c08140,,,2026-07-15,2026-07-15
1281,62ba3928,709,3,203,2,346c1416,,,2026-07-15,2026-07-15
1282,9b86307c,104,4,201,5,434c2454,,,2026-07-15,2026-07-15
1283,14f97bc7,294,5,203,2,42d0014c,,,2026-07-15,2026-07-15
1284,f901c98d,174,3,205,5,86613e2d,,,2026-07-15,2026-07-15
1285,b384833b,661,6,203,2,5482a297,,,2026-07-15,2026-07-15
1286,44111d25,268,2,202,5,e03caed0,,,2026-07-15,2026-07-15
1287,36d1bebe,83,6,202,3,5a53b8e9,,,2026-07-15,2026-07-15
1288,10b49d84,451,2,203,1,4392286c,,,2026-07-15,2026-07-15
1289,5f17daea,490,7,202,1,e03caed0,,,2026-07-15,2026-07-15
1290,dfea7272,574,1,205,4,487a1dd7,,,2026-07-15,2026-07-15
1291,c37fc254,6,3,203,5,b716556b,,,2026-07-15,2026-07-15
1292,a869ae08,162,6,203,3,b03540b1,,,2026-07-15,2026-07-15
1293,61003459,375,2,204,3,d8a2bbd7,,,2026-07-15,2026-07-15
1294,ea6d5531,556,7,201,5,11f3df17,,,2026-07-15,2026-07-15
1295,7b5eab29,34,7,205,3,a93aa731,,,2026-07-15,2026-07-15
1296,313de927,569,1,204,1,6b71e7b7,,,2026-07-15,2026-07-15
1297,9b3da0b8,652,7,204,4,021c675d,,,2026-07-15,2026-07-15
1298,d0ca60be,616,5,205,4,5ae61d1c,,,2026-07-15,2026-07-15
1299,4b9853ed,394,6,204,3,0b6ae467,,,2026-07-15,2026-07-15
1300,b7d2edee,143,4,201,5,f27a730c,,,2026-07-15,2026-07-15
1301,17cbcaf0,548,6,204,3,72bc630e,,,2026-07-15,2026-07-15
1302,418f13a4,393,3,205,1,dd3198d1,,,2026-07-15,2026-07-15
1303,933a1598,553,2,204,2,2df31d11,,,2026-07-15,2026-07-15
1304,c6384636,123,4,203,3,3184736b,,,2026-07-15,2026-07-15
1305,673304f8,33,1,201,4,e6d45de3,,,2026-07-15,2026-07-15
1306,4c492d2f,411,6,202,5,0cfefde4,,,2026-07-15,2026-07-15
1307,9663b2e1,308,7,204,1,69956359,,,2026-07-15,2026-07-15
1308,bcbbae63,28,4,202,1,b755ebae,,,2026-07-15,2026-07-15
1309,abc4b438,102,1,202,3,ed4939ed,,,2026-07-15,2026-07-15
1310,61e932ea,478,4,203,5,ae76cc5c,,,2026-07-15,2026-07-15
1311,d0b1d89a,414,7,205,4,4ba49536,,,2026-07-15,2026-07-15
1312,9fbcd9fc,581,1,202,5,dfe6e1ff,,,2026-07-15,2026-07-15
1313,5e4dfb44,542,7,203,1,dd3198d1,,,2026-07-15,2026-07-15
1314,aa55dbe2,551,6,201,5,fdb588e8,,,2026-07-15,2026-07-15
1315,2b99ce71,185,4,202,1,3e66160b,,,2026-07-15,2026-07-15
1316,c9dbb419,289,1,204,3,19a61dd4,,,2026-07-15,2026-07-15
1317,d2bda002,433,3,203,1,3929633d,,,2026-07-15,2026-07-15
1318,4b425677,163,2,201,3,ef5f41ce,,,2026-07-15,2026-07-15
1319,edede06b,481,2,205,5,0b454108,,,2026-07-15,2026-07-15
1320,60a85591,399,1,203,2,6601ea7f,,,2026-07-15,2026-07-15
1321,56b62d3c,700,1,204,5,d2599bb6,,,2026-07-15,2026-07-15
1322,047dc428,181,7,204,2,944084a9,,,2026-07-15,2026-07-15
1323,6894113a,13,3,201,1,fa578b09,,,2026-07-15,2026-07-15
1324,23516920,284,2,201,4,32029984,,,2026-07-15,2026-07-15
1325,f468b9d6,323,6,203,3,ed90a296,,,2026-07-15,2026-07-15
1326,248095bd,664,7,203,2,6780333b,,,2026-07-15,2026-07-15
1327,34a5ef00,589,4,204,1,4960cc67,,,2026-07-15,2026-07-15
1328,9e591809,678,5,201,1,8b319808,,,2026-07-15,2026-07-15
1329,a9e98922,68,3,203,3,943eab83,,,2026-07-15,2026-07-15
1330,46d7510d,47,1,205,1,1f937553,,,2026-07-15,2026-07-15
1331,76af9fa5,79,3,204,4,2d45f6bd,,,2026-07-15,2026-07-15
1332,d9e4838e,24,6,203,2,6a0cd270,,,2026-07-15,2026-07-15
1333,7085101d,288,4,205,5,d8edbef1,,,2026-07-15,2026-07-15
1334,a2a3aacb,651,3,203,1,01974f0f,,,2026-07-15,2026-07-15
1335,7dc526ff,431,5,201,4,3a0f258a,,,2026-07-15,2026-07-15
1336,3da80cab,722,3,202,1,548dc0b3,,,2026-07-15,2026-07-15
1337,ee7e2410,166,4,201,2,4d5e252e,,,2026-07-15,2026-07-15
1338,53e8adc0,45,6,204,2,e224a8c6,,,2026-07-15,2026-07-15
1339,fd6a0f2c,481,4,205,5,c05e9193,,,2026-07-15,2026-07-15
1340,7933963c,150,6,203,5,7e22a2b5,,,2026-07-15,2026-07-15
1341,03aa5131,642,7,203,1,f7817da3,,,2026-07-15,2026-07-15
1342,aef940e9,345,4,204,5,8b414a94,,,2026-07-15,2026-07-15
1343,615aa11e,666,3,202,4,efc887b8,,,2026-07-15,2026-07-15
1344,d529a846,474,3,203,5,6f2a321a,,,2026-07-15,2026-07-15
1345,77ff3c23,517,1,205,4,2b2175cd,,,2026-07-15,2026-07-15
1346,4db64077,86,6,205,2,a5d658b7,,,2026-07-15,2026-07-15
1347,be51904d,719,3,204,3,0fbb521a,,,2026-07-15,2026-07-15
1348,80427399,23,6,203,2,1f937553,,,2026-07-15,2026-07-15
1349,7fc51358,41,1,203,1,d9c08140,,,2026-07-15,2026-07-15
1350,3a25f1a4,538,2,205,4,37166503,,,2026-07-15,2026-07-15
1351,0141a215,696,6,204,4,f248f0c6,,,2026-07-15,2026-07-15
1352,1dd5a957,462,2,201,5,70bfbcda,,,2026-07-15,2026-07-15
1353,eeac0cea,472,4,201,4,fa853203,,,2026-07-15,2026-07-15
1354,1c74e71b,162,3,202,1,6ef9ace3,,,2026-07-15,2026-07-15
1355,41c1de8c,607,3,205,4,41087c74,,,2026-07-15,2026-07-15
1356,257f2791,698,6,204,5,5a5bf759,,,2026-07-15,2026-07-15
1357,e2c09a5c,415,1,202,2,465c1c13,,,2026-07-15,2026-07-15
1358,1ea9febe,376,4,202,5,ec5b641f,,,2026-07-15,2026-07-15
1359,c683a6f5,573,3,201,5,6568690c,,,2026-07-15,2026-07-15
1360,cbed556b,417,5,203,3,ac535caa,,,2026-07-15,2026-07-15
1361,df837263,108,1,201,1,35acd685,,,2026-07-15,2026-07-15
1362,2254fa68,465,4,201,4,e5d0ffbb,,,2026-07-15,2026-07-15
1363,e867e045,376,5,201,2,32029984,,,2026-07-15,2026-07-15
1364,347d68d5,354,1,203,5,ccde9baa,,,2026-07-15,2026-07-15
1365,b3f60f2d,70,3,201,5,195b4c1c,,,2026-07-15,2026-07-15
1366,c059e4ff,297,7,205,4,ae0deda5,,,2026-07-15,2026-07-15
1367,b2c8c59b,570,4,202,3,8b319808,,,2026-07-15,2026-07-15
1368,3f6b02fb,277,5,204,3,f0758699,,,2026-07-15,2026-07-15
1369,b7801a68,217,5,205,3,68f3c4e5,,,2026-07-15,2026-07-15
1370,da4c6e29,326,1,201,3,0fbb521a,,,2026-07-15,2026-07-15
1371,71c245cf,165,3,203,3,1dc2bf91,,,2026-07-15,2026-07-15
1372,db89895e,316,6,202,5,f18b66c1,,,2026-07-15,2026-07-15
1373,25e0b066,241,5,205,1,3973c30a,,,2026-07-15,2026-07-15
1374,9c04f121,513,1,204,1,3a1572cc,,,2026-07-15,2026-07-15
1375,09816a4b,502,1,203,4,a8a7db6d,,,2026-07-15,2026-07-15
1376,012deddf,599,6,202,2,d8edbef1,,,2026-07-15,2026-07-15
1377,1cd8195d,384,7,202,5,195b4c1c,,,2026-07-15,2026-07-15
1378,e69d4462,171,3,205,3,dd88df46,,,2026-07-15,2026-07-15
1379,02d4ec15,702,7,205,4,289b72c4,,,2026-07-15,2026-07-15
1380,f4d3f52f,395,1,201,2,6780333b,,,2026-07-15,2026-07-15
1381,dfda8d69,419,1,205,2,195b4c1c,,,2026-07-15,2026-07-15
1382,7f77d1e0,252,1,203,1,531113e4,,,2026-07-15,2026-07-15
1383,ff73166b,690,7,203,5,f248f0c6,,,2026-07-15,2026-07-15
1384,81384128,540,3,205,2,a5d658b7,,,2026-07-15,2026-07-15
1385,885509b1,222,6,203,5,7f1bca00,,,2026-07-15,2026-07-15
1386,4e9806b0,477,3,204,3,827ac471,,,2026-07-15,2026-07-15
1387,57ff583c,672,6,204,1,3184736b,,,2026-07-15,2026-07-15
1388,9be14e66,647,6,203,2,4049e911,,,2026-07-15,2026-07-15
1389,53f361fb,334,3,201,1,4c309170,,,2026-07-15,2026-07-15
1390,7d1883a4,515,1,204,3,a4e3426c,,,2026-07-15,2026-07-15
1391,2ea12a09,670,6,205,1,1e59121b,,,2026-07-15,2026-07-15
1392,be4f452e,544,1,202,5,3e66160b,,,2026-07-15,2026-07-15
1393,11f5ce15,162,2,203,3,082d21de,,,2026-07-15,2026-07-15
1394,50b19644,297,5,201,5,a0d8ebba,,,2026-07-15,2026-07-15
1395,c49981ff,446,6,204,5,3d6a9dc8,,,2026-07-15,2026-07-15
1396,67b27294,523,2,204,3,b51ae2f1,,,2026-07-15,2026-07-15
1397,d31a4843,471,3,201,5,f7817da3,,,2026-07-15,2026-07-15
1398,857ceee7,673,5,203,1,346c1416,,,2026-07-15,2026-07-15
1399,30744da6,411,3,204,5,69b06aa6,,,2026-07-15,2026-07-15
1400,adbba069,230,4,201,1,3a0f258a,,,2026-07-15,2026-07-15
1401,d9ceb99e,225,6,204,2,c3a6c571,,,2026-07-15,2026-07-15
1402,6bd0f7bd,699,2,203,3,bb9d2955,,,2026-07-15,2026-07-15
1403,e761e301,560,5,205,4,8993064a,,,2026-07-15,2026-07-15
1404,9adfd640,536,3,203,1,531113e4,,,2026-07-15,2026-07-15
1405,76563881,69,2,201,5,61fab6f7,,,2026-07-15,2026-07-15
1406,388dc897,516,5,205,3,6958bb49,,,2026-07-15,2026-07-15
1407,dd01b886,214,1,202,1,f169683e,,,2026-07-15,2026-07-15
1408,8b542a91,396,5,202,1,bed1ac6c,,,2026-07-15,2026-07-15
1409,006cbd4c,247,4,202,3,195b4c1c,,,2026-07-15,2026-07-15
1410,8860ee85,615,5,205,2,4363b8d6,,,2026-07-15,2026-07-15
1411,f8a1dea2,629,3,201,3,50641c23,,,2026-07-15,2026-07-15
1412,7a4b308d,29,2,203,2,f971e386,,,2026-07-15,2026-07-15
1413,d75f20ef,133,3,204,3,315f550b,,,2026-07-15,2026-07-15
1414,b59c3849,427,4,204,2,3fc80484,,,2026-07-15,2026-07-15
1415,06fd2bb0,36,5,201,4,7a5bc5c2,,,2026-07-15,2026-07-15
1416,936a796a,253,2,201,3,a040e169,,,2026-07-15,2026-07-15
1417,8416aec6,657,3,203,3,c578c38f,,,2026-07-15,2026-07-15
1418,f7fe1b90,156,2,205,2,91c9bcd7,,,2026-07-15,2026-07-15
1419,5502b9cb,417,6,202,2,56205f69,,,2026-07-15,2026-07-15
1420,947b3c31,126,6,203,1,fa578b09,,,2026-07-15,2026-07-15
1421,393513c0,151,3,201,2,ee98f97e,,,2026-07-15,2026-07-15
1422,05bccaa2,407,1,203,3,718406a2,,,2026-07-15,2026-07-15
1423,251bf54a,718,7,201,1,bde42cc1,,,2026-07-15,2026-07-15
1424,a8df167d,509,4,204,4,367ca016,,,2026-07-15,2026-07-15
1425,8185ca43,621,2,204,5,6f2a321a,,,2026-07-15,2026-07-15
1426,526e0138,291,3,201,3,b3125078,,,2026-07-15,2026-07-15
1427,c7afe457,561,4,203,3,8ad52b25,,,2026-07-15,2026-07-15
1428,8759023f,110,2,205,4,895b017c,,,2026-07-15,2026-07-15
1429,853fb9c3,719,1,202,5,19a61dd4,,,2026-07-15,2026-07-15
1430,e530dd36,683,7,201,2,ae18638f,,,2026-07-15,2026-07-15
1431,68b7c5f0,339,3,202,5,4bc76ae2,,,2026-07-15,2026-07-15
1432,c2eb6ce7,141,7,202,1,944084a9,,,2026-07-15,2026-07-15
1433,c0e1f3a3,207,4,205,3,ba285e29,,,2026-07-15,2026-07-15
1434,4867cf4c,119,2,203,1,0fbb521a,,,2026-07-15,2026-07-15
1435,ba568f95,167,5,203,4,2dcdeda3,,,2026-07-15,2026-07-15
1436,1d83a3bc,639,5,201,2,a008a294,,,2026-07-15,2026-07-15
1437,4279f1d5,128,5,201,2,719fa89e,,,2026-07-15,2026-07-15
1438,1cd9d1b7,521,1,204,1,aaa7dca8,,,2026-07-15,2026-07-15
1439,f5c78fbb,302,7,202,4,943eab83,,,2026-07-15,2026-07-15
1440,9695dd7b,583,4,205,4,0fbb521a,,,2026-07-15,2026-07-15
1441,19cfcfab,549,4,205,1,b68bef7e,,,2026-07-15,2026-07-15
1442,6c763cb0,565,1,204,2,1b14dcc9,,,2026-07-15,2026-07-15
1443,c2ce0b6a,62,7,201,3,ac2c30bf,,,2026-07-15,2026-07-15
1444,de16274c,590,1,201,1,082d21de,,,2026-07-15,2026-07-15
1445,76485ca0,283,2,203,1,87830e43,,,2026-07-15,2026-07-15
1446,8ab6677e,366,4,204,4,465c1c13,,,2026-07-15,2026-07-15
1447,8845c60e,155,2,202,1,b03540b1,,,2026-07-15,2026-07-15
1448,3bd249ba,404,5,205,5,641c61ac,,,2026-07-15,2026-07-15
1449,56b420bb,508,5,203,5,e0d2a5f3,,,2026-07-15,2026-07-15
1450,68b52465,656,5,202,1,d8edbef1,,,2026-07-15,2026-07-15
1451,700e80cd,22,5,202,5,72b21457,,,2026-07-15,2026-07-15
1452,a862f65e,52,3,203,2,b4ca029a,,,2026-07-15,2026-07-15
1453,fc33f70e,609,1,204,5,6f2a321a,,,2026-07-15,2026-07-15
1454,4efdf6b0,594,6,202,2,315f550b,,,2026-07-15,2026-07-15
1455,a635bebe,647,1,202,1,a71b0343,,,2026-07-15,2026-07-15
1456,65439aad,371,5,201,2,c4e558ad,,,2026-07-15,2026-07-15
1457,fc1874d9,498,5,205,5,d88f6a7f,,,2026-07-15,2026-07-15
1458,5150b164,526,2,205,2,dfe6e1ff,,,2026-07-15,2026-07-15
1459,d941d52f,316,7,203,3,e52f5ed8,,,2026-07-15,2026-07-15
1460,8647fab0,240,4,205,5,b115a948,,,2026-07-15,2026-07-15
1461,e7767200,190,4,205,2,50641c23,,,2026-07-15,2026-07-15
1462,b85334c6,477,5,205,2,cc9f65a9,,,2026-07-15,2026-07-15
1463,854af192,522,3,204,1,a040e169,,,2026-07-15,2026-07-15
1464,01402a8b,321,6,205,5,b755ebae,,,2026-07-15,2026-07-15
1465,5a7cbcd5,659,3,201,1,d2599bb6,,,2026-07-15,2026-07-15
1466,97821bc0,316,1,203,1,4907af8c,,,2026-07-15,2026-07-15
1467,cb302a04,354,1,201,1,9dd48364,,,2026-07-15,2026-07-15
1468,278232f5,209,1,205,4,c84a0390,,,2026-07-15,2026-07-15
1469,d6fe1ed2,519,6,205,2,e9238f3f,,,2026-07-15,2026-07-15
1470,b603aeb3,69,4,202,2,99fed753,,,2026-07-15,2026-07-15
1471,46fbe8af,243,4,201,1,ddaa1bf9,,,2026-07-15,2026-07-15
1472,c19c1170,116,4,201,1,750687ab,,,2026-07-15,2026-07-15
1473,b19bc6ce,618,5,202,4,bd5892a8,,,2026-07-15,2026-07-15
1474,df162289,264,2,201,5,482ffe65,,,2026-07-15,2026-07-15
1475,5978cd23,496,3,202,3,c1b30594,,,2026-07-15,2026-07-15
1476,cb5a285f,340,4,204,3,de084e17,,,2026-07-15,2026-07-15
1477,eb254f6f,206,4,204,5,827ac471,,,2026-07-15,2026-07-15
1478,6ccc491d,73,2,205,3,dd88df46,,,2026-07-15,2026-07-15
1479,db4b07b1,333,5,205,3,f399f8e1,,,2026-07-15,2026-07-15
1480,52ec9cef,384,4,203,5,f971e386,,,2026-07-15,2026-07-15
1481,5ecd7a3d,491,1,204,4,a0d8ebba,,,2026-07-15,2026-07-15
1482,7ea9e26f,122,4,201,3,e52f5ed8,,,2026-07-15,2026-07-15
1483,d8da2046,176,4,202,5,aefc1727,,,2026-07-15,2026-07-15
1484,425244bf,675,4,205,5,dfe6e1ff,,,2026-07-15,2026-07-15
1485,98c14648,220,3,201,2,f0924da4,,,2026-07-15,2026-07-15
1486,810fcad3,470,1,204,3,0fbb521a,,,2026-07-15,2026-07-15
1487,d5ba4add,96,3,201,4,dfcfee6c,,,2026-07-15,2026-07-15
1488,6476995b,264,7,202,3,aaa7dca8,,,2026-07-15,2026-07-15
1489,884fc6bf,518,2,203,5,3832abbc,,,2026-07-15,2026-07-15
1490,674c5508,272,7,205,3,25faaa82,,,2026-07-15,2026-07-15
1491,e23d8720,340,1,202,4,1aaa9d3a,,,2026-07-15,2026-07-15
1492,adc047fa,670,1,204,2,369a8438,,,2026-07-15,2026-07-15
1493,e3f34f5b,689,4,205,5,6f28469e,,,2026-07-15,2026-07-15
1494,0b6fe789,448,5,201,2,cee867e3,,,2026-07-15,2026-07-15
1495,ca8c612d,446,4,203,2,e1e17a72,,,2026-07-15,2026-07-15
1496,eb772fb5,694,6,204,5,7f1bca00,,,2026-07-15,2026-07-15
1497,2087e146,238,5,203,3,b716556b,,,2026-07-15,2026-07-15
1498,0075060b,260,3,204,3,944084a9,,,2026-07-15,2026-07-15
1499,3a78573f,219,2,202,5,b427b66b,,,2026-07-15,2026-07-15
1500,b81044b7,157,4,203,5,62bfa0d9,,,2026-07-15,2026-07-15
1501,75934265,167,3,201,3,35f98e98,,,2026-07-15,2026-07-15
1502,1d865ce9,244,1,202,2,1a601f48,,,2026-07-15,2026-07-15
1503,16aeb050,21,1,202,5,b716556b,,,2026-07-15,2026-07-15
1504,9e7d2bca,95,1,201,4,3832abbc,,,2026-07-15,2026-07-15
1505,617ee4bb,129,5,205,2,bde42cc1,,,2026-07-15,2026-07-15
1506,412f896c,665,1,205,3,56205f69,,,2026-07-15,2026-07-15
1507,2f2d5c6d,191,5,201,3,7fddfb89,,,2026-07-15,2026-07-15
1508,a9c057b0,26,7,202,1,18d773af,,,2026-07-15,2026-07-15
1509,e516b66d,19,5,202,2,628a4d89,,,2026-07-15,2026-07-15
1510,e18635ac,304,6,204,1,fb87e33d,,,2026-07-15,2026-07-15
1511,6929c46a,362,7,205,3,fb87e33d,,,2026-07-15,2026-07-15
1512,8bba76fb,106,5,204,4,7643c1ee,,,2026-07-15,2026-07-15
1513,36746a1c,598,5,204,1,6b71e7b7,,,2026-07-15,2026-07-15
1514,38ba3495,37,7,205,2,52368d16,,,2026-07-15,2026-07-15
1515,69974b09,103,4,201,1,7bc42b05,,,2026-07-15,2026-07-15
1516,bc3d4601,469,5,204,2,38daf3c5,,,2026-07-15,2026-07-15
1517,370f6697,344,4,201,4,ede49010,,,2026-07-15,2026-07-15
1518,e3eecd71,494,6,202,3,6568690c,,,2026-07-15,2026-07-15
1519,2ebcf493,716,2,204,1,7fddfb89,,,2026-07-15,2026-07-15
1520,f5d88f7c,216,2,204,4,548dc0b3,,,2026-07-15,2026-07-15
1521,6a5ece71,262,4,205,2,2a9b3aaa,,,2026-07-15,2026-07-15
1522,00f7025b,42,7,203,1,45592551,,,2026-07-15,2026-07-15
1523,4aef3d41,463,4,202,3,4943c5d9,,,2026-07-15,2026-07-15
1524,2107061a,27,6,205,4,91c9bcd7,,,2026-07-15,2026-07-15
1525,99513f18,453,6,205,1,2f730975,,,2026-07-15,2026-07-15
1526,d0cd376f,714,4,203,3,45592551,,,2026-07-15,2026-07-15
1527,60b255cc,368,1,202,2,1df1fe50,,,2026-07-15,2026-07-15
1528,e9a0900a,4,6,201,4,7e1de19d,,,2026-07-15,2026-07-15
1529,fa500a96,541,4,202,3,69b06aa6,,,2026-07-15,2026-07-15
1530,e928c1e9,678,7,205,3,62bfa0d9,,,2026-07-15,2026-07-15
1531,716f8986,504,1,201,4,bc297930,,,2026-07-15,2026-07-15
1532,e34e9726,279,3,202,5,b115a948,,,2026-07-15,2026-07-15
1533,431027ff,553,1,201,2,c7ead2cc,,,2026-07-15,2026-07-15
1534,509f47a9,422,6,202,1,cedf6f69,,,2026-07-15,2026-07-15
1535,8d4a7e5c,76,4,203,4,4c309170,,,2026-07-15,2026-07-15
1536,b2bda97f,285,1,201,5,58954ba4,,,2026-07-15,2026-07-15
1537,3dfaf06a,160,3,204,4,0fcaa55a,,,2026-07-15,2026-07-15
1538,34cdcf57,601,5,204,1,6ef9ace3,,,2026-07-15,2026-07-15
1539,6304e7c2,17,1,202,3,66299238,,,2026-07-15,2026-07-15
1540,e4ba8228,339,4,205,5,628a4d89,,,2026-07-15,2026-07-15
1541,930ca88f,460,7,202,1,944084a9,,,2026-07-15,2026-07-15
1542,a063b7da,663,2,202,1,2b2175cd,,,2026-07-15,2026-07-15
1543,b3d6bcae,242,6,202,5,a71b0343,,,2026-07-15,2026-07-15
1544,943470b5,599,2,201,1,28741ecd,,,2026-07-15,2026-07-15
1545,b39be563,652,3,201,5,de084e17,,,2026-07-15,2026-07-15
1546,ac738d48,229,1,205,4,f2fc7978,,,2026-07-15,2026-07-15
1547,9426f4c6,375,6,204,4,28741ecd,,,2026-07-15,2026-07-15
1548,f60afcb1,328,5,204,4,1e6e7fcd,,,2026-07-15,2026-07-15
1549,a1ff450b,502,3,205,5,0cfefde4,,,2026-07-15,2026-07-15
1550,7335986d,328,4,204,5,56205f69,,,2026-07-15,2026-07-15
1551,1baecc0e,557,4,201,2,43b89e78,,,2026-07-15,2026-07-15
1552,e8d6cf0c,316,5,203,5,2df8b6f4,,,2026-07-15,2026-07-15
1553,259fd19a,187,7,205,1,cee867e3,,,2026-07-15,2026-07-15
1554,c6f11b9f,246,4,202,4,b427b66b,,,2026-07-15,2026-07-15
1555,c31d94cf,649,5,201,1,cbcf13d1,,,2026-07-15,2026-07-15
1556,bcf45088,91,4,205,4,bb9d2955,,,2026-07-15,2026-07-15
1557,d3b1a2fe,466,5,205,5,ede49010,,,2026-07-15,2026-07-15
1558,e5681155,583,6,201,1,208d275a,,,2026-07-15,2026-07-15
1559,13bd4ae6,646,4,201,2,de084e17,,,2026-07-15,2026-07-15
1560,a766c02e,447,2,202,5,5a53b8e9,,,2026-07-15,2026-07-15
1561,757b01e4,402,4,203,2,35f98e98,,,2026-07-15,2026-07-15
1562,989bd7b3,519,7,203,1,77c6d634,,,2026-07-15,2026-07-15
1563,bba1f54d,242,4,204,1,e5d0ffbb,,,2026-07-15,2026-07-15
1564,3788b174,205,4,201,3,1aaa9d3a,,,2026-07-15,2026-07-15
1565,755575d7,481,1,204,4,b244f9d6,,,2026-07-15,2026-07-15
1566,dc92c81c,636,2,203,4,465c1c13,,,2026-07-15,2026-07-15
1567,126f040b,473,1,205,5,5ae61d1c,,,2026-07-15,2026-07-15
1568,f30bd08a,127,5,203,1,77449c06,,,2026-07-15,2026-07-15
1569,e6ec9b84,628,5,205,3,943eab83,,,2026-07-15,2026-07-15
1570,9a504301,58,7,205,3,5f2ab070,,,2026-07-15,2026-07-15
1571,e5aa92c9,715,1,204,5,2f730975,,,2026-07-15,2026-07-15
1572,b118e60b,331,7,203,3,ef5f41ce,,,2026-07-15,2026-07-15
1573,28fa302c,15,3,203,2,c50cc14e,,,2026-07-15,2026-07-15
1574,e3c1c056,516,1,205,1,1a601f48,,,2026-07-15,2026-07-15
1575,51f42a88,128,6,204,4,b3125078,,,2026-07-15,2026-07-15
1576,572b48b7,139,2,203,5,3a1756fa,,,2026-07-15,2026-07-15
1577,81890967,648,2,201,1,69956359,,,2026-07-15,2026-07-15
1578,5a8dbe56,683,4,205,1,b5297bc8,,,2026-07-15,2026-07-15
1579,abf865af,545,3,205,5,0b454108,,,2026-07-15,2026-07-15
1580,ef335521,650,2,204,1,8ad52b25,,,2026-07-15,2026-07-15
1581,1d53cb85,44,1,201,4,5e3a2195,,,2026-07-15,2026-07-15
1582,f4a79c23,207,7,203,3,195b4c1c,,,2026-07-15,2026-07-15
1583,8f74fbb3,96,2,201,5,5905a3e7,,,2026-07-15,2026-07-15
1584,accd65c2,147,3,201,2,96379792,,,2026-07-15,2026-07-15
1585,29f1fc05,370,3,201,5,91c9bcd7,,,2026-07-15,2026-07-15
1586,f89f8d36,469,2,203,2,4907af8c,,,2026-07-15,2026-07-15
1587,b8b0d6c2,392,6,204,1,8993064a,,,2026-07-15,2026-07-15
1588,c3d706b1,164,5,205,2,4ba49536,,,2026-07-15,2026-07-15
1589,0a3dcb5f,45,3,205,4,6601ea7f,,,2026-07-15,2026-07-15
1590,75d0037b,470,3,205,4,0b454108,,,2026-07-15,2026-07-15
1591,d3cfaaf4,462,6,205,3,35acd685,,,2026-07-15,2026-07-15
1592,0bedd487,82,6,203,2,a638b4b0,,,2026-07-15,2026-07-15
1593,3a08cb22,353,2,202,1,0b454108,,,2026-07-15,2026-07-15
1594,104a912d,567,4,205,2,c4e558ad,,,2026-07-15,2026-07-15
1595,94d8ede0,253,2,203,1,4ba49536,,,2026-07-15,2026-07-15
1596,a404f790,128,4,201,5,5e3a2195,,,2026-07-15,2026-07-15
1597,fd71565f,325,3,203,5,0b454108,,,2026-07-15,2026-07-15
1598,926b2825,658,4,205,1,ff079788,,,2026-07-15,2026-07-15
1599,0569e388,209,6,201,1,f22bf066,,,2026-07-15,2026-07-15
1600,4fcfdc79,130,2,202,5,37166503,,,2026-07-15,2026-07-15
1601,58a998d2,360,5,203,4,5f2ab070,,,2026-07-15,2026-07-15
1602,86131398,431,2,201,3,7704f92c,,,2026-07-15,2026-07-15
1603,499c787e,256,5,205,4,718406a2,,,2026-07-15,2026-07-15
1604,7fccd2fb,721,7,202,5,487a1dd7,,,2026-07-15,2026-07-15
1605,4d1a2faf,197,1,203,4,35acd685,,,2026-07-15,2026-07-15
1606,bfab2587,432,2,204,4,cbcf13d1,,,2026-07-15,2026-07-15
1607,e1fcefd1,308,5,202,4,a426a28e,,,2026-07-15,2026-07-15
1608,608c2cc9,672,4,205,5,ca496ce9,,,2026-07-15,2026-07-15
1609,08342e9f,191,1,205,4,4392286c,,,2026-07-15,2026-07-15
1610,cdc5e700,535,5,205,1,c4993de9,,,2026-07-15,2026-07-15
1611,62eec4fe,655,4,202,1,45c95088,,,2026-07-15,2026-07-15
1612,735611cf,496,1,202,3,1e59121b,,,2026-07-15,2026-07-15
1613,491db0fe,568,3,201,5,f18b66c1,,,2026-07-15,2026-07-15
1614,c27e14ac,156,6,203,4,4bc76ae2,,,2026-07-15,2026-07-15
1615,29a10bef,84,4,203,5,e224a8c6,,,2026-07-15,2026-07-15
1616,0ab005ee,684,4,205,4,369a8438,,,2026-07-15,2026-07-15
1617,9488c5c1,87,7,201,5,95ec6e5b,,,2026-07-15,2026-07-15
1618,2b36e193,689,1,203,4,32029984,,,2026-07-15,2026-07-15
1619,a93c0fde,678,4,202,4,b427b66b,,,2026-07-15,2026-07-15
1620,13a891db,10,3,204,5,4c309170,,,2026-07-15,2026-07-15
1621,60911c95,308,4,205,4,d88f6a7f,,,2026-07-15,2026-07-15
1622,a23db513,4,5,201,1,2df31d11,,,2026-07-15,2026-07-15
1623,0f1f041e,425,2,201,2,b3125078,,,2026-07-15,2026-07-15
1624,917a3265,297,2,202,4,b115a948,,,2026-07-15,2026-07-15
1625,73ce9946,508,4,203,1,7f1bca00,,,2026-07-15,2026-07-15
1626,6d411580,526,5,201,2,63baf574,,,2026-07-15,2026-07-15
1627,68821ac9,647,5,205,5,a5d658b7,,,2026-07-15,2026-07-15
1628,fdf24797,155,4,201,2,5ae61d1c,,,2026-07-15,2026-07-15
1629,983e88a9,370,7,202,2,2a9b3aaa,,,2026-07-15,2026-07-15
1630,05c53b18,400,3,201,1,fe86a413,,,2026-07-15,2026-07-15
1631,2f9203cd,577,2,205,4,4907af8c,,,2026-07-15,2026-07-15
1632,5e70de0e,71,4,205,2,96379792,,,2026-07-15,2026-07-15
1633,9f548c48,268,2,204,1,ca496ce9,,,2026-07-15,2026-07-15
1634,152bd6cc,375,3,205,4,e9238f3f,,,2026-07-15,2026-07-15
1635,fea930aa,339,1,201,2,e3ec02d4,,,2026-07-15,2026-07-15
1636,02bfb114,406,3,201,4,4799194e,,,2026-07-15,2026-07-15
1637,78860f05,349,4,204,5,0fbfd231,,,2026-07-15,2026-07-15
1638,141e6fc8,45,3,205,3,9e7dae2e,,,2026-07-15,2026-07-15
1639,2881c95d,285,3,204,4,b4065ef4,,,2026-07-15,2026-07-15
1640,dd74647e,214,7,203,2,6f2a321a,,,2026-07-15,2026-07-15
1641,d81ad757,605,3,204,2,6958bb49,,,2026-07-15,2026-07-15
1642,ae3c14eb,692,3,205,4,3110a49a,,,2026-07-15,2026-07-15
1643,cbcbb35a,674,5,201,3,1d9305e2,,,2026-07-15,2026-07-15
1644,a1eaa48b,281,4,204,3,c475f6fc,,,2026-07-15,2026-07-15
1645,386b1e89,227,5,204,2,e3ec02d4,,,2026-07-15,2026-07-15
1646,80360b0a,176,1,205,3,895b017c,,,2026-07-15,2026-07-15
1647,0a9b5608,399,7,205,5,434c2454,,,2026-07-15,2026-07-15
1648,51d383e2,378,3,202,4,dfe6e1ff,,,2026-07-15,2026-07-15
1649,ffa57a51,47,5,204,2,1dc2bf91,,,2026-07-15,2026-07-15
1650,f0f91b0a,511,1,205,4,e0d2a5f3,,,2026-07-15,2026-07-15
1651,c295462b,602,7,201,5,2df8b6f4,,,2026-07-15,2026-07-15
1652,67022349,369,1,205,5,b3125078,,,2026-07-15,2026-07-15
1653,d325b77d,557,5,203,5,548dc0b3,,,2026-07-15,2026-07-15
1654,33d819d2,507,5,203,4,6c4f0c4c,,,2026-07-15,2026-07-15
1655,468d80f7,97,4,204,5,208d275a,,,2026-07-15,2026-07-15
1656,7339f225,399,5,202,5,7704f92c,,,2026-07-15,2026-07-15
1657,d0761338,21,7,203,1,0968f5a7,,,2026-07-15,2026-07-15
1658,0de66d97,538,5,201,5,bd4a772f,,,2026-07-15,2026-07-15
1659,5455c96a,33,6,202,1,7bc42b05,,,2026-07-15,2026-07-15
1660,3a290b4a,29,5,205,4,1dc2bf91,,,2026-07-15,2026-07-15
1661,6bed431b,411,1,204,2,a71b0343,,,2026-07-15,2026-07-15
1662,c64d6dfa,371,4,204,4,19a61dd4,,,2026-07-15,2026-07-15
1663,8acaf364,563,7,204,3,f27a730c,,,2026-07-15,2026-07-15
1664,f24e403f,83,7,203,5,5e91ed7b,,,2026-07-15,2026-07-15
1665,73e4ca21,313,6,203,5,2d45f6bd,,,2026-07-15,2026-07-15
1666,f1202432,310,6,202,2,8993064a,,,2026-07-15,2026-07-15
1667,507d998a,594,6,202,4,a1ba575a,,,2026-07-15,2026-07-15
1668,c8d4fb04,485,6,204,3,e75bb09b,,,2026-07-15,2026-07-15
1669,e6e0e50f,321,5,202,1,8ad52b25,,,2026-07-15,2026-07-15
1670,4a268ad5,147,6,202,1,c88f1b8d,,,2026-07-15,2026-07-15
1671,82b180ba,490,5,205,4,77c6d634,,,2026-07-15,2026-07-15
1672,3e833cf8,521,6,202,1,cbcf13d1,,,2026-07-15,2026-07-15
1673,e492eeda,651,4,201,1,ff142568,,,2026-07-15,2026-07-15
1674,5efc3ed6,96,5,202,1,58954ba4,,,2026-07-15,2026-07-15
1675,aaba3c92,610,7,204,4,8ad52b25,,,2026-07-15,2026-07-15
1676,9f6fc104,335,2,201,2,ac2c30bf,,,2026-07-15,2026-07-15
1677,b91c1f40,359,2,204,2,628a4d89,,,2026-07-15,2026-07-15
1678,da4208a5,267,6,203,4,aece207c,,,2026-07-15,2026-07-15
1679,0b0644a2,236,1,205,3,d92199d8,,,2026-07-15,2026-07-15
1680,cfc7d62a,99,6,201,1,3a1756fa,,,2026-07-15,2026-07-15
1681,9e816e5d,478,6,201,4,6601ea7f,,,2026-07-15,2026-07-15
1682,264e141e,633,5,201,1,91c9bcd7,,,2026-07-15,2026-07-15
1683,0c560281,455,1,201,5,87830e43,,,2026-07-15,2026-07-15
1684,6fee0269,64,2,203,4,a638b4b0,,,2026-07-15,2026-07-15
1685,30147f11,656,4,202,3,8111bc07,,,2026-07-15,2026-07-15
1686,1f5d7622,670,2,205,2,5ae61d1c,,,2026-07-15,2026-07-15
1687,b403bfa3,663,2,203,4,2dcdeda3,,,2026-07-15,2026-07-15
1688,619eb3f4,337,1,204,2,e1e17a72,,,2026-07-15,2026-07-15
1689,18710372,701,4,204,4,95f70b4e,,,2026-07-15,2026-07-15
1690,3080b715,595,4,201,5,50641c23,,,2026-07-15,2026-07-15
1691,a3356855,104,3,203,1,b730e9e6,,,2026-07-15,2026-07-15
1692,d1164386,621,7,203,2,4363b8d6,,,2026-07-15,2026-07-15
1693,d03c1089,427,4,201,3,41087c74,,,2026-07-15,2026-07-15
1694,ec00c4a3,10,3,205,5,6b3185b0,,,2026-07-15,2026-07-15
1695,1b92ca1b,111,1,202,2,369a8438,,,2026-07-15,2026-07-15
1696,53df01e9,225,3,203,3,ae18638f,,,2026-07-15,2026-07-15
1697,6cb596fe,449,1,201,2,827ac471,,,2026-07-15,2026-07-15
1698,58f82f09,675,1,204,4,dd3198d1,,,2026-07-15,2026-07-15
1699,2e053e0a,92,1,203,3,3c63e5d3,,,2026-07-15,2026-07-15
1700,9ee4aa29,211,2,203,3,4739f6d9,,,2026-07-15,2026-07-15
1701,d3d0f4a8,667,3,203,4,e52f5ed8,,,2026-07-15,2026-07-15
1702,ed368550,487,2,204,3,f0758699,,,2026-07-15,2026-07-15
1703,830b4067,604,1,205,4,ce1b52ae,,,2026-07-15,2026-07-15
1704,afb93c11,586,4,203,3,4392286c,,,2026-07-15,2026-07-15
1705,e8bc61ba,114,6,202,1,c50cc14e,,,2026-07-15,2026-07-15
1706,b1e5cd8e,88,4,205,4,6a0cd270,,,2026-07-15,2026-07-15
1707,fe24d7a9,74,6,201,1,2d45f6bd,,,2026-07-15,2026-07-15
1708,4b2e7ab2,134,7,204,5,9efecf41,,,2026-07-15,2026-07-15
1709,773ffb54,529,1,205,3,bed1ac6c,,,2026-07-15,2026-07-15
1710,e99351cc,455,1,201,4,ba285e29,,,2026-07-15,2026-07-15
1711,78a8af80,632,4,205,2,8125c6f0,,,2026-07-15,2026-07-15
1712,770af505,563,2,201,5,a30580a1,,,2026-07-15,2026-07-15
1713,7d695e9b,173,6,205,5,43b89e78,,,2026-07-15,2026-07-15
1714,da2f2525,360,2,203,5,f0758699,,,2026-07-15,2026-07-15
1715,b9566127,592,2,202,1,e3ec02d4,,,2026-07-15,2026-07-15
1716,67c78f50,229,5,201,3,4907af8c,,,2026-07-15,2026-07-15
1717,e8a2c887,156,4,203,1,cedf6f69,,,2026-07-15,2026-07-15
1718,1d6e4cfa,686,7,204,1,10f10b2b,,,2026-07-15,2026-07-15
1719,5f666ca3,30,3,205,2,df92d410,,,2026-07-15,2026-07-15
1720,7d8994ea,201,5,204,1,3929633d,,,2026-07-15,2026-07-15
1721,01ba73d8,285,6,204,2,fb5ef791,,,2026-07-15,2026-07-15
1722,fc7afa70,213,1,202,5,df92d410,,,2026-07-15,2026-07-15
1723,fde2641c,522,3,202,4,91c9bcd7,,,2026-07-15,2026-07-15
1724,3af190a0,221,6,202,2,f12d0983,,,2026-07-15,2026-07-15
1725,daf0ad3d,331,6,205,2,1e6e7fcd,,,2026-07-15,2026-07-15
1726,449883f1,171,7,205,5,1139e59a,,,2026-07-15,2026-07-15
1727,4d3ec8ed,405,5,201,5,208d275a,,,2026-07-15,2026-07-15
1728,d359c1b7,689,4,203,3,91c9bcd7,,,2026-07-15,2026-07-15
1729,879dc222,241,4,201,5,df28e3f0,,,2026-07-15,2026-07-15
1730,a91ea358,3,6,205,4,1242762d,,,2026-07-15,2026-07-15
1731,882ee968,623,4,204,3,32029984,,,2026-07-15,2026-07-15
1732,57ff83b7,524,5,202,3,719fa89e,,,2026-07-15,2026-07-15
1733,4379be72,352,7,204,5,fb5ef791,,,2026-07-15,2026-07-15
1734,07bc9c7b,95,5,205,4,b5297bc8,,,2026-07-15,2026-07-15
1735,3c79309c,27,3,205,5,c3a6c571,,,2026-07-15,2026-07-15
1736,ad675d55,418,7,205,4,66299238,,,2026-07-15,2026-07-15
1737,f3a9ecd2,17,7,203,1,1a601f48,,,2026-07-15,2026-07-15
1738,98d3609c,1,2,201,4,c4993de9,,,2026-07-15,2026-07-15
1739,ed5af596,62,4,201,2,a5d658b7,,,2026-07-15,2026-07-15
1740,b15d468a,430,7,203,2,1a601f48,,,2026-07-15,2026-07-15
1741,d238eb0d,527,3,204,3,7f1bca00,,,2026-07-15,2026-07-15
1742,f3bbd00d,238,6,204,2,ef75b4bf,,,2026-07-15,2026-07-15
1743,6f100432,400,3,205,2,8d3cc46f,,,2026-07-15,2026-07-15
1744,a87102c1,571,3,202,1,ec5b641f,,,2026-07-15,2026-07-15
1745,74e6bbb5,562,3,201,2,2b2175cd,,,2026-07-15,2026-07-15
1746,b751c7f4,315,6,205,3,1d9305e2,,,2026-07-15,2026-07-15
1747,40e0d941,91,1,203,1,4363b8d6,,,2026-07-15,2026-07-15
1748,c3897001,327,2,204,5,9dd48364,,,2026-07-15,2026-07-15
1749,1c0854f2,71,7,201,2,dfcfee6c,,,2026-07-15,2026-07-15
1750,c898d076,257,7,204,5,aefc1727,,,2026-07-15,2026-07-15
1751,4552a62e,651,1,202,1,1e6e7fcd,,,2026-07-15,2026-07-15
1752,15295151,508,3,203,2,6b71e7b7,,,2026-07-15,2026-07-15
1753,a3e96874,50,3,205,4,0fcaa55a,,,2026-07-15,2026-07-15
1754,89458ed4,631,4,201,5,4d5e252e,,,2026-07-15,2026-07-15
1755,e59c41a7,210,3,205,5,718406a2,,,2026-07-15,2026-07-15
1756,223ff87d,671,7,202,4,bd47b713,,,2026-07-15,2026-07-15
1757,21d3c6ca,219,4,205,1,2a9b3aaa,,,2026-07-15,2026-07-15
1758,e7c6980b,124,7,202,1,f12d0983,,,2026-07-15,2026-07-15
1759,b13e9284,699,2,203,5,43cbe6fa,,,2026-07-15,2026-07-15
1760,ac2841ec,710,5,204,2,a0d8ebba,,,2026-07-15,2026-07-15
1761,327358ec,715,1,202,4,52b3375c,,,2026-07-15,2026-07-15
1762,6faa965f,396,7,203,1,58954ba4,,,2026-07-15,2026-07-15
1763,350e32f4,546,6,202,4,13a46227,,,2026-07-15,2026-07-15
1764,1bd7714c,71,3,204,3,5905a3e7,,,2026-07-15,2026-07-15
1765,1179281a,405,1,201,3,367ca016,,,2026-07-15,2026-07-15
1766,7550a162,449,2,204,1,19a61dd4,,,2026-07-15,2026-07-15
1767,58a9bd7b,129,2,202,1,f7817da3,,,2026-07-15,2026-07-15
1768,2be6aeea,386,2,201,2,38daf3c5,,,2026-07-15,2026-07-15
1769,b92c77a8,513,2,202,4,95f70b4e,,,2026-07-15,2026-07-15
1770,ed92d839,204,3,202,2,68f3c4e5,,,2026-07-15,2026-07-15
1771,f2dff5c6,542,6,202,1,6568690c,,,2026-07-15,2026-07-15
1772,d2bade95,329,2,202,5,febfde98,,,2026-07-15,2026-07-15
1773,c0c5aef0,403,3,201,4,4aeffd09,,,2026-07-15,2026-07-15
1774,0af54d9d,240,3,203,5,4d5e252e,,,2026-07-15,2026-07-15
1775,0bd0df19,542,6,204,2,ac2c30bf,,,2026-07-15,2026-07-15
1776,29ab9386,73,1,203,5,25faaa82,,,2026-07-15,2026-07-15
1777,8cb9cb85,302,4,205,3,3929633d,,,2026-07-15,2026-07-15
1778,80369dce,72,6,204,3,f0758699,,,2026-07-15,2026-07-15
1779,7195bfed,63,5,204,4,0b6ae467,,,2026-07-15,2026-07-15
1780,4f06853f,574,7,201,3,a040e169,,,2026-07-15,2026-07-15
1781,aafbc1a2,105,7,203,3,1df1fe50,,,2026-07-15,2026-07-15
1782,7740daf0,349,7,202,5,74258308,,,2026-07-15,2026-07-15
1783,b5cbb10f,382,5,202,1,eb3c1fb7,,,2026-07-15,2026-07-15
1784,08ba6308,266,6,204,4,28741ecd,,,2026-07-15,2026-07-15
1785,46fcd51c,323,1,204,1,7b748fb3,,,2026-07-15,2026-07-15
1786,bee60ec2,451,6,204,1,628a4d89,,,2026-07-15,2026-07-15
1787,271829cc,589,6,202,4,5a5bf759,,,2026-07-15,2026-07-15
1788,5fffc7e2,259,3,203,5,3832abbc,,,2026-07-15,2026-07-15
1789,516c1306,539,4,204,3,550393a0,,,2026-07-15,2026-07-15
1790,58cc0744,527,4,205,3,a71b0343,,,2026-07-15,2026-07-15
1791,6d233412,575,1,202,5,369a8438,,,2026-07-15,2026-07-15
1792,47520cb4,227,1,204,2,ce1b52ae,,,2026-07-15,2026-07-15
1793,6e67ac02,591,7,201,4,4c309170,,,2026-07-15,2026-07-15
1794,f4ce59c5,687,2,203,3,a84540d1,,,2026-07-15,2026-07-15
1795,18529d32,428,4,205,4,97682d83,,,2026-07-15,2026-07-15
1796,61062155,635,3,202,4,7bc42b05,,,2026-07-15,2026-07-15
1797,62c3c523,683,7,203,2,5ae61d1c,,,2026-07-15,2026-07-15
1798,aa4c5210,57,6,205,4,f169683e,,,2026-07-15,2026-07-15
1799,348ddedf,430,3,201,3,e224a8c6,,,2026-07-15,2026-07-15
1800,1ae893fa,309,7,205,4,1e4cea7e,,,2026-07-15,2026-07-15
1801,7d323380,490,1,205,4,6c4f0c4c,,,2026-07-15,2026-07-15
1802,30b6c744,135,3,205,4,112f9cab,,,2026-07-15,2026-07-15
1803,48639b96,369,6,203,4,aaa7dca8,,,2026-07-15,2026-07-15
1804,27230ed3,502,5,205,5,01974f0f,,,2026-07-15,2026-07-15
1805,7a23f001,289,6,203,2,f169683e,,,2026-07-15,2026-07-15
1806,3d679467,507,2,205,5,eb3c1fb7,,,2026-07-15,2026-07-15
1807,b4f64ae9,721,1,202,2,970e594b,,,2026-07-15,2026-07-15
1808,65805a92,472,3,201,4,2dcdeda3,,,2026-07-15,2026-07-15
1809,949d7394,400,7,204,5,4799194e,,,2026-07-15,2026-07-15
1810,c64d9f2f,540,5,204,5,68f3c4e5,,,2026-07-15,2026-07-15
1811,8645684c,626,3,205,1,8b414a94,,,2026-07-15,2026-07-15
1812,49ddc5d7,721,6,204,4,4392286c,,,2026-07-15,2026-07-15
1813,fb4e9fe8,594,1,201,1,b4065ef4,,,2026-07-15,2026-07-15
1814,a955f075,666,2,204,2,1aaa9d3a,,,2026-07-15,2026-07-15
1815,22b60f97,415,1,201,5,ed90a296,,,2026-07-15,2026-07-15
1816,3c2bbec3,208,7,203,1,b51ae2f1,,,2026-07-15,2026-07-15
1817,11aceb69,724,7,201,1,c49ff99c,,,2026-07-15,2026-07-15
1818,4ac12f81,326,4,205,4,f2fc7978,,,2026-07-15,2026-07-15
1819,711f1450,477,4,202,1,b68bef7e,,,2026-07-15,2026-07-15
1820,748fdc0a,711,4,201,5,6b6d0941,,,2026-07-15,2026-07-15
1821,505a252e,245,4,204,2,3f26afe9,,,2026-07-15,2026-07-15
1822,5708ae5a,303,7,201,1,86613e2d,,,2026-07-15,2026-07-15
1823,6669f9fa,717,6,203,1,f27bb490,,,2026-07-15,2026-07-15
1824,58cc3dc9,439,4,204,3,20f9eb9c,,,2026-07-15,2026-07-15
1825,cfb84e19,47,7,202,2,f27bb490,,,2026-07-15,2026-07-15
1826,c48c8314,156,5,202,2,487a1dd7,,,2026-07-15,2026-07-15
1827,28a91136,652,2,204,1,346c1416,,,2026-07-15,2026-07-15
1828,cf41619a,3,7,204,2,f0758699,,,2026-07-15,2026-07-15
1829,3fde5e64,582,2,202,4,1aaa9d3a,,,2026-07-15,2026-07-15
1830,66833614,216,1,205,5,3d6a9dc8,,,2026-07-15,2026-07-15
1831,3b8fde94,603,4,205,2,27c530c5,,,2026-07-15,2026-07-15
1832,9e121261,653,7,203,5,60ce4ade,,,2026-07-15,2026-07-15
1833,1cf4d452,14,7,202,2,cee867e3,,,2026-07-15,2026-07-15
1834,18712875,209,6,204,1,5e91ed7b,,,2026-07-15,2026-07-15
1835,f021e7ce,608,6,204,1,4363b8d6,,,2026-07-15,2026-07-15
1836,de734223,479,6,203,5,2a9b3aaa,,,2026-07-15,2026-07-15
1837,aa97a367,271,3,202,3,2d45f6bd,,,2026-07-15,2026-07-15
1838,556238da,726,7,202,4,c578c38f,,,2026-07-15,2026-07-15
1839,cc2a5f10,361,6,202,3,9efecf41,,,2026-07-15,2026-07-15
1840,f37f91ed,180,5,205,5,482ffe65,,,2026-07-15,2026-07-15
1841,558a7d9f,587,4,203,1,ce1b52ae,,,2026-07-15,2026-07-15
1842,b607a472,357,4,204,4,531113e4,,,2026-07-15,2026-07-15
1843,7574f463,608,4,204,4,ac535caa,,,2026-07-15,2026-07-15
1844,9e0471bd,719,1,205,2,97682d83,,,2026-07-15,2026-07-15
1845,930305ff,696,3,203,3,dd410d5f,,,2026-07-15,2026-07-15
1846,11a65521,259,7,204,4,69956359,,,2026-07-15,2026-07-15
1847,f7880cb9,102,5,202,4,641c61ac,,,2026-07-15,2026-07-15
1848,7dbd7566,159,4,203,4,205742d2,,,2026-07-15,2026-07-15
1849,5c668078,186,4,205,1,eb3c1fb7,,,2026-07-15,2026-07-15
1850,7269a39f,81,7,201,4,38daf3c5,,,2026-07-15,2026-07-15
1851,62c16701,520,3,203,5,6a0cd270,,,2026-07-15,2026-07-15
1852,b4885c1b,360,1,203,4,1e4cea7e,,,2026-07-15,2026-07-15
1853,886cfa30,375,4,204,4,aece207c,,,2026-07-15,2026-07-15
1854,0ea589a3,406,7,203,3,b115a948,,,2026-07-15,2026-07-15
1855,a00677cd,165,5,203,4,c578c38f,,,2026-07-15,2026-07-15
1856,5aa10970,310,4,201,5,4799194e,,,2026-07-15,2026-07-15
1857,73659168,691,5,204,2,4aeffd09,,,2026-07-15,2026-07-15
1858,40a7f8df,136,7,203,5,43b89e78,,,2026-07-15,2026-07-15
1859,cac6efbb,180,2,203,3,8a51bc70,,,2026-07-15,2026-07-15
1860,b8197bf4,74,2,205,3,367ca016,,,2026-07-15,2026-07-15
1861,4cf412aa,264,4,205,4,0cfefde4,,,2026-07-15,2026-07-15
1862,469b77b2,439,6,203,3,4943c5d9,,,2026-07-15,2026-07-15
1863,623a5b96,226,6,202,5,fe86a413,,,2026-07-15,2026-07-15
1864,a2e8a228,134,7,201,2,b427b66b,,,2026-07-15,2026-07-15
1865,225afcd2,324,2,205,3,1139e59a,,,2026-07-15,2026-07-15
1866,6daf7f7c,727,1,204,1,62bfa0d9,,,2026-07-15,2026-07-15
1867,ac34a1d7,232,5,201,2,b730e9e6,,,2026-07-15,2026-07-15
1868,c7b08b05,165,1,201,2,ff142568,,,2026-07-15,2026-07-15
1869,a6db38c2,661,4,201,4,970e594b,,,2026-07-15,2026-07-15
1870,21dd9f57,333,3,204,5,8b414a94,,,2026-07-15,2026-07-15
1871,b374aa08,89,6,202,3,b3125078,,,2026-07-15,2026-07-15
1872,44af1ff0,116,5,204,1,289b72c4,,,2026-07-15,2026-07-15
1873,f0b08766,683,6,204,3,abeb982e,,,2026-07-15,2026-07-15
1874,234dd7a0,126,2,202,2,1a601f48,,,2026-07-15,2026-07-15
1875,8f507edf,433,4,201,4,1242762d,,,2026-07-15,2026-07-15
1876,bf0c0cdc,255,1,205,3,87830e43,,,2026-07-15,2026-07-15
1877,04aecd90,167,3,202,5,03f0acfa,,,2026-07-15,2026-07-15
1878,0cdfe3b9,439,2,205,5,41c72cdb,,,2026-07-15,2026-07-15
1879,35290869,218,7,201,2,7643c1ee,,,2026-07-15,2026-07-15
1880,a54bc067,14,1,205,3,3d6a9dc8,,,2026-07-15,2026-07-15
1881,2a4d6e8c,549,5,203,3,367ca016,,,2026-07-15,2026-07-15
1882,9574f8ca,280,3,203,3,70bfbcda,,,2026-07-15,2026-07-15
1883,0e436043,632,6,202,1,d2599bb6,,,2026-07-15,2026-07-15
1884,17738b40,213,4,204,5,827ac471,,,2026-07-15,2026-07-15
1885,6518e533,679,6,205,1,35f98e98,,,2026-07-15,2026-07-15
1886,a1646016,131,1,202,3,bd5892a8,,,2026-07-15,2026-07-15
1887,5ad3c9b0,90,7,202,2,84b47f93,,,2026-07-15,2026-07-15
1888,fc094364,448,3,202,1,37354f22,,,2026-07-15,2026-07-15
1889,9d2c90f4,721,3,205,5,2a9b3aaa,,,2026-07-15,2026-07-15
1890,5795b6bf,178,2,205,3,95f70b4e,,,2026-07-15,2026-07-15
1891,212cc78c,48,2,204,5,2dcdeda3,,,2026-07-15,2026-07-15
1892,13db7937,69,7,201,4,c475f6fc,,,2026-07-15,2026-07-15
1893,200fabc5,126,4,204,2,fc9cf0b8,,,2026-07-15,2026-07-15
1894,9838a131,69,4,201,4,c1b30594,,,2026-07-15,2026-07-15
1895,c2e3a0be,653,1,203,5,cd901af9,,,2026-07-15,2026-07-15
1896,0919f387,479,5,202,5,41c72cdb,,,2026-07-15,2026-07-15
1897,d722335b,464,5,201,5,4db20d32,,,2026-07-15,2026-07-15
1898,b38b60be,713,7,202,1,6b71e7b7,,,2026-07-15,2026-07-15
1899,8f95f554,551,4,203,5,7bc42b05,,,2026-07-15,2026-07-15
1900,5dee17fe,398,7,202,1,e224a8c6,,,2026-07-15,2026-07-15
1901,4f2cf876,393,6,203,1,f399f8e1,,,2026-07-15,2026-07-15
1902,197ce0c1,424,1,201,5,e0d2a5f3,,,2026-07-15,2026-07-15
1903,5603d4e0,231,1,202,5,6780333b,,,2026-07-15,2026-07-15
1904,ff95145f,527,6,201,2,f12d0983,,,2026-07-15,2026-07-15
1905,49915f70,464,1,201,2,c88f1b8d,,,2026-07-15,2026-07-15
1906,b1da47ce,309,6,202,4,b730e9e6,,,2026-07-15,2026-07-15
1907,429c05db,377,2,202,3,dd410d5f,,,2026-07-15,2026-07-15
1908,c6e1a01e,50,4,201,4,6e76c557,,,2026-07-15,2026-07-15
1909,88b1c137,12,6,205,3,42d0014c,,,2026-07-15,2026-07-15
1910,0083f88f,564,3,202,5,11f3df17,,,2026-07-15,2026-07-15
1911,81701574,193,5,202,1,ada44e5b,,,2026-07-15,2026-07-15
1912,ccedcffd,114,6,204,2,4aeffd09,,,2026-07-15,2026-07-15
1913,fd5c9db4,235,4,203,4,72b21457,,,2026-07-15,2026-07-15
1914,1d4629bb,16,4,202,3,2e179883,,,2026-07-15,2026-07-15
1915,4e739988,192,6,201,5,b115a948,,,2026-07-15,2026-07-15
1916,d509a247,324,1,201,5,ef5f41ce,,,2026-07-15,2026-07-15
1917,2201afa6,373,2,204,4,425b1d3d,,,2026-07-15,2026-07-15
1918,739d0881,212,7,202,1,750687ab,,,2026-07-15,2026-07-15
1919,68f3c093,518,6,204,4,163d0b32,,,2026-07-15,2026-07-15
1920,425b2c66,254,7,204,5,5482a297,,,2026-07-15,2026-07-15
1921,d3861e08,201,2,203,5,febfde98,,,2026-07-15,2026-07-15
1922,06c57257,179,4,202,3,718406a2,,,2026-07-15,2026-07-15
1923,a3bc9f34,608,2,203,2,112f9cab,,,2026-07-15,2026-07-15
1924,b2a7e342,92,2,205,5,442d941c,,,2026-07-15,2026-07-15
1925,133e59b0,328,1,205,2,c7ead2cc,,,2026-07-15,2026-07-15
1926,a7bf2f6e,533,7,203,5,c88f1b8d,,,2026-07-15,2026-07-15
1927,62f5b544,635,4,202,4,4ba49536,,,2026-07-15,2026-07-15
1928,3d3970cb,199,2,202,4,7b868e56,,,2026-07-15,2026-07-15
1929,5e608158,152,3,205,3,ed90a296,,,2026-07-15,2026-07-15
1930,e53c8c34,27,3,203,1,1b14dcc9,,,2026-07-15,2026-07-15
1931,24457210,238,1,202,4,8993064a,,,2026-07-15,2026-07-15
1932,91b51dab,730,1,201,1,3184736b,,,2026-07-15,2026-07-15
1933,88b2fe6d,127,3,201,1,e1e17a72,,,2026-07-15,2026-07-15
1934,7633d76e,521,4,205,4,35acd685,,,2026-07-15,2026-07-15
1935,432d1a51,697,5,201,4,c1b30594,,,2026-07-15,2026-07-15
1936,b17663a2,232,3,201,5,369a8438,,,2026-07-15,2026-07-15
1937,88a30cf7,503,6,205,2,750687ab,,,2026-07-15,2026-07-15
1938,c8eaef8d,468,1,203,2,01974f0f,,,2026-07-15,2026-07-15
1939,b6a48b0d,15,1,204,1,fa853203,,,2026-07-15,2026-07-15
1940,2f789dbf,591,2,202,1,61fab6f7,,,2026-07-15,2026-07-15
1941,f055713a,79,7,202,2,6ef9ace3,,,2026-07-15,2026-07-15
1942,0b5cf120,331,3,204,2,e3ec02d4,,,2026-07-15,2026-07-15
1943,84cd44c8,86,5,203,3,021c675d,,,2026-07-15,2026-07-15
1944,5b2920ca,540,3,202,5,b3125078,,,2026-07-15,2026-07-15
1945,721fa93c,185,5,205,2,25b7eced,,,2026-07-15,2026-07-15
1946,2599222b,249,3,203,4,e0d2a5f3,,,2026-07-15,2026-07-15
1947,019ace5d,69,6,201,5,a71b0343,,,2026-07-15,2026-07-15
1948,dbe294ed,725,2,204,4,9ac47356,,,2026-07-15,2026-07-15
1949,33720950,395,7,203,5,7b868e56,,,2026-07-15,2026-07-15
1950,802feafd,97,4,203,4,cbcf13d1,,,2026-07-15,2026-07-15
1951,2fc22d29,301,5,205,2,b730e9e6,,,2026-07-15,2026-07-15
1952,62d722d7,252,2,204,1,28741ecd,,,2026-07-15,2026-07-15
1953,d1d12546,260,2,201,2,6568690c,,,2026-07-15,2026-07-15
1954,09c73fc5,437,6,205,2,e52f5ed8,,,2026-07-15,2026-07-15
1955,65894cbc,188,4,204,1,61fab6f7,,,2026-07-15,2026-07-15
1956,5fefb5e9,8,1,201,1,f6e5fc4d,,,2026-07-15,2026-07-15
1957,bcf24cb9,470,1,203,4,cee867e3,,,2026-07-15,2026-07-15
1958,3ed7b43c,47,3,204,1,550393a0,,,2026-07-15,2026-07-15
1959,d6d4f90c,279,2,203,4,37354f22,,,2026-07-15,2026-07-15
1960,0bde9c10,545,3,202,4,c05e9193,,,2026-07-15,2026-07-15
1961,4ce88ef9,298,1,204,1,8993064a,,,2026-07-15,2026-07-15
1962,c144dba6,499,7,205,3,205742d2,,,2026-07-15,2026-07-15
1963,ed3938a6,48,3,201,4,a8a7db6d,,,2026-07-15,2026-07-15
1964,b4ccfb26,618,6,202,3,6b6d0941,,,2026-07-15,2026-07-15
1965,56c5117c,168,2,204,5,ac2c30bf,,,2026-07-15,2026-07-15
1966,6a473112,318,5,201,5,2e179883,,,2026-07-15,2026-07-15
1967,9c099781,234,2,201,4,50987e86,,,2026-07-15,2026-07-15
1968,9370b34a,100,6,201,4,bc297930,,,2026-07-15,2026-07-15
1969,c7a82876,442,1,205,2,ae18638f,,,2026-07-15,2026-07-15
1970,98cb7989,324,2,205,3,c3a6c571,,,2026-07-15,2026-07-15
1971,787b1eff,612,3,201,3,63baf574,,,2026-07-15,2026-07-15
1972,cd7deb94,116,2,205,5,3f491b77,,,2026-07-15,2026-07-15
1973,d77ddfab,690,4,203,5,25b7eced,,,2026-07-15,2026-07-15
1974,51e462c5,453,1,204,2,f6ab1ed5,,,2026-07-15,2026-07-15
1975,97431e01,304,5,204,5,fb5ef791,,,2026-07-15,2026-07-15
1976,366eb0de,99,4,201,2,b51ae2f1,,,2026-07-15,2026-07-15
1977,150660b1,123,6,205,2,f12d0983,,,2026-07-15,2026-07-15
1978,e343702d,404,1,201,4,531113e4,,,2026-07-15,2026-07-15
1979,14ef0c88,568,4,204,5,6b6d0941,,,2026-07-15,2026-07-15
1980,b9e2cba6,240,5,201,4,5a53b8e9,,,2026-07-15,2026-07-15
1981,7e241e17,705,5,203,4,df92d410,,,2026-07-15,2026-07-15
1982,87ccc256,694,7,203,5,895b017c,,,2026-07-15,2026-07-15
1983,dd57b521,256,5,203,1,c05e9193,,,2026-07-15,2026-07-15
1984,8af5c225,460,1,204,5,5905a3e7,,,2026-07-15,2026-07-15
1985,3a9b34d0,493,6,201,3,ff079788,,,2026-07-15,2026-07-15
1986,2441276a,425,6,203,5,1f937553,,,2026-07-15,2026-07-15
1987,b7fbd2ab,69,5,204,4,f033669c,,,2026-07-15,2026-07-15
1988,c9a98fb9,575,3,205,5,fc9cf0b8,,,2026-07-15,2026-07-15
1989,3cec2e9c,146,7,202,3,4db20d32,,,2026-07-15,2026-07-15
1990,847c15fd,574,2,202,5,3d657bb9,,,2026-07-15,2026-07-15
1991,e25c4346,273,5,204,4,e9238f3f,,,2026-07-15,2026-07-15
1992,0bbd9fc6,618,2,201,2,1139e59a,,,2026-07-15,2026-07-15
1993,9190fd34,481,6,204,4,1242762d,,,2026-07-15,2026-07-15
1994,c84f3bb0,73,2,204,5,89c3a817,,,2026-07-15,2026-07-15
1995,acd3ee2a,216,7,204,3,1e4cea7e,,,2026-07-15,2026-07-15
1996,167a50fb,406,2,203,1,37166503,,,2026-07-15,2026-07-15
1997,a456d99f,18,6,205,4,7a5bc5c2,,,2026-07-15,2026-07-15
1998,36cd204c,580,6,203,1,b7effad0,,,2026-07-15,2026-07-15
1999,74f59f03,669,5,202,4,58954ba4,,,2026-07-15,2026-07-15
2000,ad51e49c,58,4,204,3,a5d658b7,,,2026-07-15,2026-07-15
2001,8194369a,658,7,204,3,f033669c,,,2026-07-15,2026-07-15
2002,c44967fa,124,4,203,1,3832abbc,,,2026-07-15,2026-07-15
2003,bb9bf468,383,2,203,3,5482a297,,,2026-07-15,2026-07-15
2004,b5b62d5e,660,2,204,4,c4993de9,,,2026-07-15,2026-07-15
2005,424a9a05,121,7,201,1,70bfbcda,,,2026-07-15,2026-07-15
2006,6399a0e6,561,3,205,5,f22bf066,,,2026-07-15,2026-07-15
2007,90301510,326,2,205,3,aece207c,,,2026-07-15,2026-07-15
2008,3572f57a,537,1,204,2,6958bb49,,,2026-07-15,2026-07-15
2009,19bb9453,22,4,201,3,01974f0f,,,2026-07-15,2026-07-15
2010,8609eaec,190,3,202,3,53648c48,,,2026-07-15,2026-07-15
2011,d0907959,265,2,204,1,57be6156,,,2026-07-15,2026-07-15
2012,22e3f5bb,125,4,204,1,01974f0f,,,2026-07-15,2026-07-15
2013,72f77da2,311,2,205,5,718406a2,,,2026-07-15,2026-07-15
2014,20f98cfe,182,4,202,5,e89b35ce,,,2026-07-15,2026-07-15
2015,d21a558f,684,1,202,1,2c42c662,,,2026-07-15,2026-07-15
2016,6970f89d,50,5,204,4,c475f6fc,,,2026-07-15,2026-07-15
2017,e961ae19,24,3,205,4,970e594b,,,2026-07-15,2026-07-15
2018,10a88094,655,1,202,4,fdb588e8,,,2026-07-15,2026-07-15
2019,285dc136,14,1,204,5,14a4c03c,,,2026-07-15,2026-07-15
2020,ed62cef2,695,5,205,4,bb9d2955,,,2026-07-15,2026-07-15
2021,4895af81,294,6,202,2,4392286c,,,2026-07-15,2026-07-15
2022,d571b0ee,219,4,202,5,f27bb490,,,2026-07-15,2026-07-15
2023,63643a99,141,6,204,5,205742d2,,,2026-07-15,2026-07-15
2024,f6a2b9be,129,1,201,3,a0d8ebba,,,2026-07-15,2026-07-15
2025,b3394327,370,6,204,3,3d657bb9,,,2026-07-15,2026-07-15
2026,92a89c71,1,2,201,3,25b7eced,,,2026-07-15,2026-07-15
2027,1d0ddc83,30,2,204,5,d8b06558,,,2026-07-15,2026-07-15
2028,70efdf8f,538,7,205,3,c6934f84,,,2026-07-15,2026-07-15
2029,375a1a93,645,5,205,2,5e4299db,,,2026-07-15,2026-07-15
2030,e014dc14,95,3,202,2,01974f0f,,,2026-07-15,2026-07-15
2031,50fde523,619,7,205,5,69956359,,,2026-07-15,2026-07-15
2032,9030a043,632,7,205,3,63baf574,,,2026-07-15,2026-07-15
2033,8895161c,467,1,205,1,b244f9d6,,,2026-07-15,2026-07-15
2034,4d95370c,501,7,205,3,8993064a,,,2026-07-15,2026-07-15
2035,ae00bc13,22,4,202,4,f248f0c6,,,2026-07-15,2026-07-15
2036,7683f057,167,5,204,2,8ad52b25,,,2026-07-15,2026-07-15
2037,1f9360cf,294,5,202,3,28741ecd,,,2026-07-15,2026-07-15
2038,a1e28102,179,1,205,3,970e594b,,,2026-07-15,2026-07-15
2039,6d4562b3,448,7,202,4,72bc630e,,,2026-07-15,2026-07-15
2040,1ab5a227,479,2,205,4,4bc76ae2,,,2026-07-15,2026-07-15
2041,8746b02a,528,7,205,1,5e4299db,,,2026-07-15,2026-07-15
2042,81f79039,473,6,202,4,1b14dcc9,,,2026-07-15,2026-07-15
2043,73ba9d68,260,4,202,3,4907af8c,,,2026-07-15,2026-07-15
2044,075c6bf6,237,7,204,2,a8a7db6d,,,2026-07-15,2026-07-15
2045,a4ab4881,285,1,203,3,6a0cd270,,,2026-07-15,2026-07-15
2046,5165df29,459,4,205,3,ae0deda5,,,2026-07-15,2026-07-15
2047,4fb10015,50,7,202,5,96379792,,,2026-07-15,2026-07-15
2048,ddcf99da,715,7,202,3,25b7eced,,,2026-07-15,2026-07-15
2049,2d9a5909,163,1,204,4,38daf3c5,,,2026-07-15,2026-07-15
2050,d03312f2,507,3,201,3,628a4d89,,,2026-07-15,2026-07-15
2051,b97c927c,44,5,201,5,5a5bf759,,,2026-07-15,2026-07-15
2052,79dfff85,207,6,205,4,c1b30594,,,2026-07-15,2026-07-15
2053,c90184e2,96,2,203,2,8b414a94,,,2026-07-15,2026-07-15
2054,46b03726,516,5,204,3,bde42cc1,,,2026-07-15,2026-07-15
2055,c678a45c,287,1,201,1,1b14dcc9,,,2026-07-15,2026-07-15
2056,c3db7cb9,536,2,201,5,9ac47356,,,2026-07-15,2026-07-15
2057,6bc2b839,647,1,204,3,0fbb521a,,,2026-07-15,2026-07-15
2058,147b5b4a,235,2,205,5,41c72cdb,,,2026-07-15,2026-07-15
2059,7997eeab,475,7,205,2,f033669c,,,2026-07-15,2026-07-15
2060,b43611be,652,7,203,5,944084a9,,,2026-07-15,2026-07-15
2061,3769e4b9,585,7,203,5,91c9bcd7,,,2026-07-15,2026-07-15
2062,ac57341c,261,4,201,1,d92199d8,,,2026-07-15,2026-07-15
2063,f0f27014,630,2,201,4,60ce4ade,,,2026-07-15,2026-07-15
2064,54cc3bff,247,2,201,3,4392286c,,,2026-07-15,2026-07-15
2065,2c72d3c6,8,6,201,2,7ad06864,,,2026-07-15,2026-07-15
2066,595d109d,489,4,204,5,1aaa9d3a,,,2026-07-15,2026-07-15
2067,a690b744,238,3,204,1,4e431688,,,2026-07-15,2026-07-15
2068,92b37e13,386,1,204,3,b7effad0,,,2026-07-15,2026-07-15
2069,d5ce4d53,88,3,203,2,d2599bb6,,,2026-07-15,2026-07-15
2070,82767d77,551,7,203,2,6780333b,,,2026-07-15,2026-07-15
2071,cff53ef2,438,6,201,3,f248f0c6,,,2026-07-15,2026-07-15
2072,cb1e7e24,395,1,203,1,1a601f48,,,2026-07-15,2026-07-15
2073,a35b13f8,211,4,203,3,7e22a2b5,,,2026-07-15,2026-07-15
2074,95e17d85,629,3,203,4,8a51bc70,,,2026-07-15,2026-07-15
2075,fe89fb43,534,5,204,2,f0758699,,,2026-07-15,2026-07-15
2076,095a07ad,479,1,204,1,dd3198d1,,,2026-07-15,2026-07-15
2077,09c97d1f,587,7,201,4,f6e5fc4d,,,2026-07-15,2026-07-15
2078,225e2d96,10,6,204,4,57221ec9,,,2026-07-15,2026-07-15
2079,87db3795,85,3,205,1,7b748fb3,,,2026-07-15,2026-07-15
2080,2b1795aa,263,2,202,3,14a4c03c,,,2026-07-15,2026-07-15
2081,b535bda4,58,1,202,3,bed1ac6c,,,2026-07-15,2026-07-15
2082,5f2b6f92,204,2,202,5,a040e169,,,2026-07-15,2026-07-15
2083,29a34309,574,5,201,4,b716556b,,,2026-07-15,2026-07-15
2084,00fdd37d,140,6,203,5,ba285e29,,,2026-07-15,2026-07-15
2085,89260887,407,4,205,1,367ca016,,,2026-07-15,2026-07-15
2086,0b383df9,486,4,205,1,d8edbef1,,,2026-07-15,2026-07-15
2087,f2ebb8c9,340,6,205,1,95f70b4e,,,2026-07-15,2026-07-15
2088,fecd9357,110,4,203,1,5e4299db,,,2026-07-15,2026-07-15
2089,e7ce7b45,498,1,203,3,63369e6c,,,2026-07-15,2026-07-15
2090,9686c279,453,5,203,3,1dc2bf91,,,2026-07-15,2026-07-15
2091,e0a4e56a,29,6,205,5,d88f6a7f,,,2026-07-15,2026-07-15
2092,f4444e48,210,2,201,1,ddaa1bf9,,,2026-07-15,2026-07-15
2093,b3bb8ebd,330,6,205,3,ee98f97e,,,2026-07-15,2026-07-15
2094,882c0c61,387,4,204,3,70bfbcda,,,2026-07-15,2026-07-15
2095,e3913329,184,5,202,1,c1b30594,,,2026-07-15,2026-07-15
2096,c473f7e3,300,1,203,2,68f3c4e5,,,2026-07-15,2026-07-15
2097,b25cd4e0,314,5,205,3,9ac47356,,,2026-07-15,2026-07-15
2098,18d8e748,158,3,201,2,e6d45de3,,,2026-07-15,2026-07-15
2099,63aeaae3,338,1,205,2,6780333b,,,2026-07-15,2026-07-15
2100,74362338,150,7,204,4,11f3df17,,,2026-07-15,2026-07-15
2101,ce67f406,362,1,203,1,2a9b3aaa,,,2026-07-15,2026-07-15
2102,3661f922,419,6,202,1,de084e17,,,2026-07-15,2026-07-15
2103,dc530ce8,301,1,204,1,aefc1727,,,2026-07-15,2026-07-15
2104,7e12aabc,303,2,203,2,6ee48559,,,2026-07-15,2026-07-15
2105,26c6c9d6,72,6,203,4,9efecf41,,,2026-07-15,2026-07-15
2106,7fe3bdbb,666,2,202,5,c578c38f,,,2026-07-15,2026-07-15
2107,b8003b0b,721,5,204,3,367ca016,,,2026-07-15,2026-07-15
2108,98b13482,589,3,205,3,86613e2d,,,2026-07-15,2026-07-15
2109,aa0133e1,9,2,205,2,1f937553,,,2026-07-15,2026-07-15
2110,a2b081b2,628,6,204,3,ec5b641f,,,2026-07-15,2026-07-15
2111,30647049,428,6,205,1,5ae61d1c,,,2026-07-15,2026-07-15
2112,33751503,712,5,204,1,2d45f6bd,,,2026-07-15,2026-07-15
2113,fd39df42,158,1,204,2,e5d0ffbb,,,2026-07-15,2026-07-15
2114,c398bd3a,315,6,205,1,89eec31c,,,2026-07-15,2026-07-15
2115,e1b9e8ea,394,7,201,1,d9c08140,,,2026-07-15,2026-07-15
2116,661f6b22,348,1,203,4,c3a6c571,,,2026-07-15,2026-07-15
2117,65a15136,369,2,202,2,febfde98,,,2026-07-15,2026-07-15
2118,3d24a77f,299,5,205,5,49fdea5f,,,2026-07-15,2026-07-15
2119,64959b50,51,1,202,2,bb9d2955,,,2026-07-15,2026-07-15
2120,49d1a9d6,72,4,203,5,827ac471,,,2026-07-15,2026-07-15
2121,28152123,379,2,204,1,11f3df17,,,2026-07-15,2026-07-15
2122,07c361a9,656,3,203,4,a0d8ebba,,,2026-07-15,2026-07-15
2123,ea3892f9,599,3,204,1,205742d2,,,2026-07-15,2026-07-15
2124,85889e1f,336,2,202,3,ec486749,,,2026-07-15,2026-07-15
2125,1636bbd1,555,7,205,2,943eab83,,,2026-07-15,2026-07-15
2126,188224ed,589,3,204,5,84b47f93,,,2026-07-15,2026-07-15
2127,fbd4c667,392,5,203,3,ae0deda5,,,2026-07-15,2026-07-15
2128,34e9dce4,458,3,202,1,96379792,,,2026-07-15,2026-07-15
2129,8cea2ea6,194,1,204,1,5e91ed7b,,,2026-07-15,2026-07-15
2130,f1a390cf,664,7,204,1,c578c38f,,,2026-07-15,2026-07-15
2131,8c6c5e7f,15,4,203,1,72b21457,,,2026-07-15,2026-07-15
2132,092ac317,322,7,204,2,14a4c03c,,,2026-07-15,2026-07-15
2133,90245a8d,556,7,203,5,dd3198d1,,,2026-07-15,2026-07-15
2134,f57116e4,197,4,203,1,19a61dd4,,,2026-07-15,2026-07-15
2135,bc3eb7f4,416,1,205,5,ee98f97e,,,2026-07-15,2026-07-15
2136,709c91ab,367,6,204,5,3f26afe9,,,2026-07-15,2026-07-15
2137,c9b04611,478,3,205,1,2c42c662,,,2026-07-15,2026-07-15
2138,45fef962,368,4,201,4,32029984,,,2026-07-15,2026-07-15
2139,e7a3f01e,70,3,204,5,89eec31c,,,2026-07-15,2026-07-15
2140,5926d934,673,3,205,5,8b414a94,,,2026-07-15,2026-07-15
2141,41783bf4,177,4,205,3,5f2ab070,,,2026-07-15,2026-07-15
2142,656c6b66,29,4,202,2,dd3198d1,,,2026-07-15,2026-07-15
2143,820e23b9,419,3,204,2,72b21457,,,2026-07-15,2026-07-15
2144,7fc5c04b,692,7,202,4,4799194e,,,2026-07-15,2026-07-15
2145,daaee4ee,717,5,203,5,11f3df17,,,2026-07-15,2026-07-15
2146,9599e226,396,1,204,5,62bfa0d9,,,2026-07-15,2026-07-15
2147,c115c3d2,429,5,203,1,efc887b8,,,2026-07-15,2026-07-15
2148,f97731fb,395,3,204,1,d2599bb6,,,2026-07-15,2026-07-15
2149,73c82032,61,1,205,5,2df8b6f4,,,2026-07-15,2026-07-15
2150,1b6255f3,14,5,201,4,ac535caa,,,2026-07-15,2026-07-15
2151,6e98cb8f,459,7,202,4,86613e2d,,,2026-07-15,2026-07-15
2152,2243df47,216,6,204,1,a30580a1,,,2026-07-15,2026-07-15
2153,397ca0f1,95,3,201,1,5e4299db,,,2026-07-15,2026-07-15
2154,8d24eeab,675,7,202,1,ec486749,,,2026-07-15,2026-07-15
2155,dbffe226,470,4,203,2,2df8b6f4,,,2026-07-15,2026-07-15
2156,6a545852,626,2,201,5,77449c06,,,2026-07-15,2026-07-15
2157,c67948ca,330,2,202,5,c578c38f,,,2026-07-15,2026-07-15
2158,ea4e0124,25,2,201,5,cd901af9,,,2026-07-15,2026-07-15
2159,fd6c97e4,395,2,204,5,d8a2bbd7,,,2026-07-15,2026-07-15
2160,e6a47465,705,3,203,2,6958bb49,,,2026-07-15,2026-07-15
2161,5065a390,431,1,204,4,8a51bc70,,,2026-07-15,2026-07-15
2162,07b5798c,555,1,205,5,bed1ac6c,,,2026-07-15,2026-07-15
2163,8e4a7fb9,250,2,202,4,4ba49536,,,2026-07-15,2026-07-15
2164,8867b0dd,349,3,205,5,4363b8d6,,,2026-07-15,2026-07-15
2165,684c4f6d,726,5,202,5,5a53b8e9,,,2026-07-15,2026-07-15
2166,17a74465,392,4,202,2,7bc42b05,,,2026-07-15,2026-07-15
2167,87c5801e,524,5,202,3,77c6d634,,,2026-07-15,2026-07-15
2168,ce8b7bb6,538,7,205,3,fb5ef791,,,2026-07-15,2026-07-15
2169,781389bc,683,1,204,1,628a4d89,,,2026-07-15,2026-07-15
2170,2cf8a813,727,5,204,5,1f937553,,,2026-07-15,2026-07-15
2171,7e08b47f,726,6,205,4,e52f5ed8,,,2026-07-15,2026-07-15
2172,16a2c726,61,1,203,2,97682d83,,,2026-07-15,2026-07-15
2173,07fa3872,619,2,204,1,2a9b3aaa,,,2026-07-15,2026-07-15
2174,43a11024,718,2,202,2,a008a294,,,2026-07-15,2026-07-15
2175,c9a21b71,247,1,202,5,19a61dd4,,,2026-07-15,2026-07-15
2176,eeed9a7f,680,2,203,2,b4065ef4,,,2026-07-15,2026-07-15
2177,f6ed0b21,4,3,203,4,84b47f93,,,2026-07-15,2026-07-15
2178,4bb838d6,354,5,205,2,ede49010,,,2026-07-15,2026-07-15
2179,2a6635cf,611,2,203,4,aece207c,,,2026-07-15,2026-07-15
2180,6a16704a,144,7,201,5,ed90a296,,,2026-07-15,2026-07-15
2181,f8738897,619,2,202,3,43b89e78,,,2026-07-15,2026-07-15
2182,3adcc41e,635,5,201,3,fb87e33d,,,2026-07-15,2026-07-15
2183,67d04462,305,7,205,2,ed90a296,,,2026-07-15,2026-07-15
2184,d55ea0ba,302,1,203,4,5f2ab070,,,2026-07-15,2026-07-15
2185,b8b8aa26,329,2,204,4,e0d2a5f3,,,2026-07-15,2026-07-15
2186,a8a3e78f,287,4,204,5,531113e4,,,2026-07-15,2026-07-15
2187,74e92895,525,6,201,4,0b454108,,,2026-07-15,2026-07-15
2188,01e3027f,275,5,202,3,6f2a321a,,,2026-07-15,2026-07-15
2189,e66e10a4,181,7,203,4,9ac47356,,,2026-07-15,2026-07-15
2190,23840a8b,76,5,205,5,1139e59a,,,2026-07-15,2026-07-15
2191,b895eae4,303,1,205,3,082d21de,,,2026-07-15,2026-07-15
2192,7c36a3da,687,7,201,5,dd410d5f,,,2026-07-15,2026-07-15
2193,b6d2c5ca,405,3,204,3,4907af8c,,,2026-07-15,2026-07-15
2194,c7f27dd4,96,2,205,5,b5297bc8,,,2026-07-15,2026-07-15
2195,279570d3,222,2,202,3,b730e9e6,,,2026-07-15,2026-07-15
2196,d01377e7,136,5,201,5,f033669c,,,2026-07-15,2026-07-15
2197,67f4bebe,650,1,202,4,b244f9d6,,,2026-07-15,2026-07-15
2198,c7e5aaea,143,2,203,4,6958bb49,,,2026-07-15,2026-07-15
2199,631f59be,580,3,204,5,f971e386,,,2026-07-15,2026-07-15
2200,6bc58ec4,402,2,201,5,c578c38f,,,2026-07-15,2026-07-15
2201,b2d57171,120,6,203,3,f6ab1ed5,,,2026-07-15,2026-07-15
2202,91b55a45,106,2,202,3,b244f9d6,,,2026-07-15,2026-07-15
2203,7cac78f5,119,5,201,5,25b7eced,,,2026-07-15,2026-07-15
2204,5bcec351,385,5,201,4,58954ba4,,,2026-07-15,2026-07-15
2205,7e651212,267,1,205,4,f399f8e1,,,2026-07-15,2026-07-15
2206,3152a55b,204,1,203,4,a5d658b7,,,2026-07-15,2026-07-15
2207,b7255888,566,2,203,5,ede49010,,,2026-07-15,2026-07-15
2208,e35522a7,500,4,201,3,ce1b52ae,,,2026-07-15,2026-07-15
2209,7d42aefd,116,2,205,4,6601ea7f,,,2026-07-15,2026-07-15
2210,72c45d72,622,3,205,1,6ee48559,,,2026-07-15,2026-07-15
2211,03390121,170,5,204,2,aaa7dca8,,,2026-07-15,2026-07-15
2212,37183432,477,3,204,3,cb8ec133,,,2026-07-15,2026-07-15
2213,e552f5ab,15,6,201,5,2dcdeda3,,,2026-07-15,2026-07-15
2214,eaf416fb,705,4,202,2,3fc80484,,,2026-07-15,2026-07-15
2215,baaf5023,677,7,203,4,45592551,,,2026-07-15,2026-07-15
2216,fdf7e9af,448,5,203,5,14a4c03c,,,2026-07-15,2026-07-15
2217,374b862c,539,7,204,1,7704f92c,,,2026-07-15,2026-07-15
2218,de62a120,73,4,204,4,28741ecd,,,2026-07-15,2026-07-15
2219,ef2d87aa,85,5,203,4,9ac47356,,,2026-07-15,2026-07-15
2220,a964e422,161,2,205,1,ba285e29,,,2026-07-15,2026-07-15
2221,2e9efd42,83,2,205,2,482ffe65,,,2026-07-15,2026-07-15
2222,02c65b71,265,6,204,4,df28e3f0,,,2026-07-15,2026-07-15
2223,ef9992fd,681,6,203,1,28741ecd,,,2026-07-15,2026-07-15
2224,79943c19,208,2,204,5,ddaa1bf9,,,2026-07-15,2026-07-15
2225,db53369e,372,7,202,5,1aaa9d3a,,,2026-07-15,2026-07-15
2226,665d9308,226,7,204,3,56205f69,,,2026-07-15,2026-07-15
2227,9e0b26eb,596,6,205,2,56205f69,,,2026-07-15,2026-07-15
2228,30168d30,560,5,205,2,ee98f97e,,,2026-07-15,2026-07-15
2229,d8617625,720,7,205,3,2b2175cd,,,2026-07-15,2026-07-15
2230,aad83f54,102,5,202,4,45592551,,,2026-07-15,2026-07-15
2231,119536f3,178,2,204,4,6ef9ace3,,,2026-07-15,2026-07-15
2232,1152bea4,519,7,202,1,a1ba575a,,,2026-07-15,2026-07-15
2233,102c6eb4,362,7,201,1,dd3198d1,,,2026-07-15,2026-07-15
2234,9a307fc2,242,1,204,2,32029984,,,2026-07-15,2026-07-15
2235,a803ea8e,483,7,203,3,97682d83,,,2026-07-15,2026-07-15
2236,0d63434d,619,1,203,1,9ac47356,,,2026-07-15,2026-07-15
2237,8cbee726,218,5,204,2,852032b7,,,2026-07-15,2026-07-15
2238,e38b08f0,722,7,203,4,b4ca029a,,,2026-07-15,2026-07-15
2239,2aaeb063,8,4,205,5,b51ae2f1,,,2026-07-15,2026-07-15
2240,e82ef22c,354,3,203,1,a0d8ebba,,,2026-07-15,2026-07-15
2241,0f432999,544,1,204,4,ed4939ed,,,2026-07-15,2026-07-15
2242,597d9456,139,5,203,2,021c675d,,,2026-07-15,2026-07-15
2243,797dae1f,275,6,203,2,febfde98,,,2026-07-15,2026-07-15
2244,686050fb,404,1,204,4,ed4939ed,,,2026-07-15,2026-07-15
2245,1735cad0,197,3,201,3,163d0b32,,,2026-07-15,2026-07-15
2246,35e7673a,186,7,201,2,4363b8d6,,,2026-07-15,2026-07-15
2247,ba7185ff,527,7,201,4,719fa89e,,,2026-07-15,2026-07-15
2248,1c785957,203,1,202,3,9efecf41,,,2026-07-15,2026-07-15
2249,e91a4c69,728,2,202,3,eb3c1fb7,,,2026-07-15,2026-07-15
2250,adf04097,566,6,202,3,cc9f65a9,,,2026-07-15,2026-07-15
2251,1db42fe1,348,2,202,3,4049e911,,,2026-07-15,2026-07-15
2252,354789c3,458,4,201,5,6568690c,,,2026-07-15,2026-07-15
2253,dee887f3,157,2,201,1,e52f5ed8,,,2026-07-15,2026-07-15
2254,415a2b0e,660,3,205,4,7bc42b05,,,2026-07-15,2026-07-15
2255,60b60447,397,2,203,4,4ba49536,,,2026-07-15,2026-07-15
2256,4b4a0ee3,615,7,202,4,2d45f6bd,,,2026-07-15,2026-07-15
2257,9111b5f1,58,7,202,1,3a1756fa,,,2026-07-15,2026-07-15
2258,a42cca79,687,5,201,2,2b2175cd,,,2026-07-15,2026-07-15
2259,e03a536c,445,3,205,5,53648c48,,,2026-07-15,2026-07-15
2260,172ad033,626,3,203,3,6ee48559,,,2026-07-15,2026-07-15
2261,05355d26,606,6,201,4,37166503,,,2026-07-15,2026-07-15
2262,b4418723,31,5,203,4,37166503,,,2026-07-15,2026-07-15
2263,94ba0d52,76,7,202,2,aefc1727,,,2026-07-15,2026-07-15
2264,818af148,628,5,203,4,dd88df46,,,2026-07-15,2026-07-15
2265,aabf1893,674,1,201,4,19a61dd4,,,2026-07-15,2026-07-15
2266,03950e99,579,1,202,1,0fcaa55a,,,2026-07-15,2026-07-15
2267,5328c188,9,5,203,3,3d6a9dc8,,,2026-07-15,2026-07-15
2268,8a90a812,53,7,205,4,944084a9,,,2026-07-15,2026-07-15
2269,0ec86c8e,624,2,203,4,e03caed0,,,2026-07-15,2026-07-15
2270,49dcf2e8,649,2,203,1,5e91ed7b,,,2026-07-15,2026-07-15
2271,ecac9350,628,6,203,3,ff142568,,,2026-07-15,2026-07-15
2272,df2c496d,332,2,202,2,944084a9,,,2026-07-15,2026-07-15
2273,edcd258d,463,7,205,3,3973c30a,,,2026-07-15,2026-07-15
2274,9d4b7a32,431,2,204,4,ba285e29,,,2026-07-15,2026-07-15
2275,a59f6977,376,3,201,1,43b89e78,,,2026-07-15,2026-07-15
2276,33939e72,334,7,202,5,ec5b641f,,,2026-07-15,2026-07-15
2277,6a9fb4c3,337,5,202,5,021c675d,,,2026-07-15,2026-07-15
2278,84bd201a,440,5,203,4,50641c23,,,2026-07-15,2026-07-15
2279,32bd3fb2,521,7,204,1,4943c5d9,,,2026-07-15,2026-07-15
2280,11b8e7e3,305,7,203,3,628a4d89,,,2026-07-15,2026-07-15
2281,0e82b300,653,6,205,3,e0d2a5f3,,,2026-07-15,2026-07-15
2282,2b50ed31,181,5,202,4,74258308,,,2026-07-15,2026-07-15
2283,817ab4a9,541,6,204,2,2d45f6bd,,,2026-07-15,2026-07-15
2284,8aaf6675,354,4,203,4,e89b35ce,,,2026-07-15,2026-07-15
2285,62297efc,393,5,201,5,de084e17,,,2026-07-15,2026-07-15
2286,f365dda6,445,5,203,4,7a5bc5c2,,,2026-07-15,2026-07-15
2287,249bb481,548,6,201,1,f18b66c1,,,2026-07-15,2026-07-15
2288,fcdf498e,292,3,203,1,fa578b09,,,2026-07-15,2026-07-15
2289,4fa79501,137,6,204,5,e0e8c2a1,,,2026-07-15,2026-07-15
2290,be2817ec,515,4,202,3,3f26afe9,,,2026-07-15,2026-07-15
2291,7e5631b9,564,2,205,2,eb3c1fb7,,,2026-07-15,2026-07-15
2292,d8a0cba1,620,6,201,5,4907af8c,,,2026-07-15,2026-07-15
2293,e42cc28e,91,5,203,5,6b6d0941,,,2026-07-15,2026-07-15
2294,90dcd80a,396,3,203,1,a93aa731,,,2026-07-15,2026-07-15
2295,4eea7ee2,563,4,201,3,3184736b,,,2026-07-15,2026-07-15
2296,a085cf89,222,7,202,2,3a1572cc,,,2026-07-15,2026-07-15
2297,6b87e8e2,366,7,202,1,a5d658b7,,,2026-07-15,2026-07-15
2298,ce7b4f62,588,4,204,1,ae76cc5c,,,2026-07-15,2026-07-15
2299,e2c3e44b,243,3,203,2,d2c89978,,,2026-07-15,2026-07-15
2300,f043d081,160,3,203,1,57221ec9,,,2026-07-15,2026-07-15
2301,5c732352,473,6,205,4,550393a0,,,2026-07-15,2026-07-15
2302,072beaa9,46,3,201,2,ef5f41ce,,,2026-07-15,2026-07-15
2303,cd09d531,661,5,204,3,6ef9ace3,,,2026-07-15,2026-07-15
2304,341e4b33,164,6,205,5,ed90a296,,,2026-07-15,2026-07-15
2305,9c38496f,273,2,202,4,a5d658b7,,,2026-07-15,2026-07-15
2306,f5bde7b6,77,1,201,1,1e59121b,,,2026-07-15,2026-07-15
2307,b8082d63,22,6,203,1,e5d0ffbb,,,2026-07-15,2026-07-15
2308,c068e039,115,5,202,1,20f9eb9c,,,2026-07-15,2026-07-15
2309,937a3bff,645,5,203,4,550393a0,,,2026-07-15,2026-07-15
2310,707b6031,620,4,204,4,a040e169,,,2026-07-15,2026-07-15
2311,68814769,255,2,203,2,b68bef7e,,,2026-07-15,2026-07-15
2312,590137a6,568,2,204,1,19a61dd4,,,2026-07-15,2026-07-15
2313,d1e4a54a,75,6,205,1,2c760828,,,2026-07-15,2026-07-15
2314,71ba27b6,726,6,203,3,cb8ec133,,,2026-07-15,2026-07-15
2315,608cd868,617,5,204,4,3f26afe9,,,2026-07-15,2026-07-15
2316,296fa856,93,2,201,4,50987e86,,,2026-07-15,2026-07-15
2317,b76b302d,191,3,205,3,13a46227,,,2026-07-15,2026-07-15
2318,7db52316,279,6,201,3,f0758699,,,2026-07-15,2026-07-15
2319,7fb8761b,414,7,201,2,38daf3c5,,,2026-07-15,2026-07-15
2320,0318a94b,186,3,203,3,2c760828,,,2026-07-15,2026-07-15
2321,78263001,221,7,205,4,b115a948,,,2026-07-15,2026-07-15
2322,875f2eca,656,4,202,5,482ffe65,,,2026-07-15,2026-07-15
2323,175b5c8d,446,5,205,5,315f550b,,,2026-07-15,2026-07-15
2324,27bc1391,621,1,201,4,ff142568,,,2026-07-15,2026-07-15
2325,c091a492,129,5,205,3,5e91ed7b,,,2026-07-15,2026-07-15
2326,1cc56cb4,56,7,204,3,4ba49536,,,2026-07-15,2026-07-15
2327,cb445b86,293,2,205,1,99fed753,,,2026-07-15,2026-07-15
2328,f19a0e4d,73,3,205,5,2d45f6bd,,,2026-07-15,2026-07-15
2329,0e109da9,712,7,201,3,b427b66b,,,2026-07-15,2026-07-15
2330,9f992249,208,1,201,4,f18b66c1,,,2026-07-15,2026-07-15
2331,7812b8bc,216,5,201,2,6c4f0c4c,,,2026-07-15,2026-07-15
2332,e0f5ca33,436,3,204,4,1242762d,,,2026-07-15,2026-07-15
2333,251f9745,381,1,201,5,9efecf41,,,2026-07-15,2026-07-15
2334,02303e68,479,1,204,4,112f9cab,,,2026-07-15,2026-07-15
2335,adf094a8,533,4,203,4,91c9bcd7,,,2026-07-15,2026-07-15
2336,2453999c,578,5,202,4,f2fc7978,,,2026-07-15,2026-07-15
2337,2bc7d212,412,2,203,1,3c63e5d3,,,2026-07-15,2026-07-15
2338,78417977,383,1,203,1,943eab83,,,2026-07-15,2026-07-15
2339,7c0da837,250,5,205,4,92f2fd13,,,2026-07-15,2026-07-15
2340,21d5af78,331,6,204,1,6568690c,,,2026-07-15,2026-07-15
2341,b6b1e73e,168,6,205,5,25b7eced,,,2026-07-15,2026-07-15
2342,f7ce20fc,58,2,204,1,9ac47356,,,2026-07-15,2026-07-15
2343,c7590784,384,4,202,4,a638b4b0,,,2026-07-15,2026-07-15
2344,79e5d72a,184,1,205,1,f169683e,,,2026-07-15,2026-07-15
2345,16c0e431,256,2,203,3,3832abbc,,,2026-07-15,2026-07-15
2346,64b29de3,644,6,201,1,37166503,,,2026-07-15,2026-07-15
2347,469277ae,627,7,201,5,77c6d634,,,2026-07-15,2026-07-15
2348,5025e223,705,1,205,4,0cfefde4,,,2026-07-15,2026-07-15
2349,76da2feb,114,2,201,5,99fed753,,,2026-07-15,2026-07-15
2350,8fff45be,398,2,203,2,ccde9baa,,,2026-07-15,2026-07-15
2351,38c937a9,221,6,204,1,bde42cc1,,,2026-07-15,2026-07-15
2352,69465706,91,2,203,2,860df6aa,,,2026-07-15,2026-07-15
2353,ad79e84a,178,6,202,2,8b414a94,,,2026-07-15,2026-07-15
2354,7508ff1c,620,5,205,4,bde42cc1,,,2026-07-15,2026-07-15
2355,2af366fd,466,2,204,4,e0e8c2a1,,,2026-07-15,2026-07-15
2356,ba23bb93,270,5,203,4,3e66160b,,,2026-07-15,2026-07-15
2357,b15e091d,105,1,203,5,860df6aa,,,2026-07-15,2026-07-15
2358,bd09e6b0,285,7,203,5,8ad52b25,,,2026-07-15,2026-07-15
2359,8120f998,528,1,204,1,3d657bb9,,,2026-07-15,2026-07-15
2360,d8940676,77,2,204,2,5e91ed7b,,,2026-07-15,2026-07-15
2361,f39ce139,237,4,204,4,2d4fce37,,,2026-07-15,2026-07-15
2362,15fa93c5,412,5,202,3,ec5b641f,,,2026-07-15,2026-07-15
2363,6c88bc47,203,5,204,2,3184736b,,,2026-07-15,2026-07-15
2364,b78c1040,264,7,205,5,7ad06864,,,2026-07-15,2026-07-15
2365,4c5e31b5,111,7,204,1,5a5bf759,,,2026-07-15,2026-07-15
2366,8b2d042b,383,1,201,2,970e594b,,,2026-07-15,2026-07-15
2367,3698d495,69,1,203,4,f169683e,,,2026-07-15,2026-07-15
2368,2668e7b8,580,4,203,4,dfcfee6c,,,2026-07-15,2026-07-15
2369,044122ee,725,7,204,4,7e1de19d,,,2026-07-15,2026-07-15
2370,12877336,221,7,204,5,6e76c557,,,2026-07-15,2026-07-15
2371,94ec73ed,256,1,201,1,ac2c30bf,,,2026-07-15,2026-07-15
2372,7d27343b,698,4,202,1,b716556b,,,2026-07-15,2026-07-15
2373,83101e67,107,3,204,3,ac535caa,,,2026-07-15,2026-07-15
2374,d8768637,77,2,205,1,f7817da3,,,2026-07-15,2026-07-15
2375,d2ea11b8,642,3,202,1,163d0b32,,,2026-07-15,2026-07-15
2376,3c84be09,24,3,203,2,2c42c662,,,2026-07-15,2026-07-15
2377,625953bd,533,3,205,3,bed1ac6c,,,2026-07-15,2026-07-15
2378,ef092cce,25,3,201,5,20f9eb9c,,,2026-07-15,2026-07-15
2379,54d6453f,673,7,201,2,944084a9,,,2026-07-15,2026-07-15
2380,6d3634e1,535,1,202,5,f7817da3,,,2026-07-15,2026-07-15
2381,b18f4a1e,7,2,204,2,c7ead2cc,,,2026-07-15,2026-07-15
2382,cc937689,427,6,204,3,0d4d4804,,,2026-07-15,2026-07-15
2383,d1673a92,84,7,203,2,7fddfb89,,,2026-07-15,2026-07-15
2384,7fd4b928,488,1,202,4,195b4c1c,,,2026-07-15,2026-07-15
2385,0133a21f,718,1,202,2,49fdea5f,,,2026-07-15,2026-07-15
2386,3978d2b4,375,6,203,5,5f2ab070,,,2026-07-15,2026-07-15
2387,c8c7a0f5,427,1,202,4,0b454108,,,2026-07-15,2026-07-15
2388,6347653d,551,5,203,4,2d45f6bd,,,2026-07-15,2026-07-15
2389,e165f25a,52,5,202,4,4960cc67,,,2026-07-15,2026-07-15
2390,505c128a,677,2,201,4,91a6c884,,,2026-07-15,2026-07-15
2391,60804366,70,7,201,3,ed4939ed,,,2026-07-15,2026-07-15
2392,6a6fb728,32,6,204,1,208d275a,,,2026-07-15,2026-07-15
2393,3bfa82e4,592,6,202,2,7bc42b05,,,2026-07-15,2026-07-15
2394,5945d455,55,7,204,4,d9c08140,,,2026-07-15,2026-07-15
2395,d7e6761b,421,7,205,1,25b7eced,,,2026-07-15,2026-07-15
2396,010818cb,130,3,201,2,4739f6d9,,,2026-07-15,2026-07-15
2397,89218656,516,5,201,3,cbcf13d1,,,2026-07-15,2026-07-15
2398,55fce25b,356,7,202,5,f169683e,,,2026-07-15,2026-07-15
2399,f55f25c4,240,5,204,3,2df8b6f4,,,2026-07-15,2026-07-15
2400,76033f9e,208,2,204,4,f27a730c,,,2026-07-15,2026-07-15
2401,5caf2514,723,6,202,2,27c530c5,,,2026-07-15,2026-07-15
2402,8c01ea9d,462,5,201,4,d9c08140,,,2026-07-15,2026-07-15
2403,bca33372,467,1,202,1,3f09714a,,,2026-07-15,2026-07-15
2404,166babd5,152,5,204,1,9349d295,,,2026-07-15,2026-07-15
2405,8cca9a1e,554,1,204,4,e0e8c2a1,,,2026-07-15,2026-07-15
2406,4d2e19ca,645,5,204,5,ddaa1bf9,,,2026-07-15,2026-07-15
2407,d7828672,631,7,205,5,208d275a,,,2026-07-15,2026-07-15
2408,d039e00f,151,6,203,5,77c6d634,,,2026-07-15,2026-07-15
2409,587c5a73,572,7,201,4,3a0f258a,,,2026-07-15,2026-07-15
2410,4925782d,126,2,205,5,b755ebae,,,2026-07-15,2026-07-15
2411,3f4dc317,583,1,202,5,32029984,,,2026-07-15,2026-07-15
2412,cc62ed1d,475,1,203,1,3a1756fa,,,2026-07-15,2026-07-15
2413,7c0d5db8,238,5,201,2,fa578b09,,,2026-07-15,2026-07-15
2414,3ea5578f,553,2,204,4,4db20d32,,,2026-07-15,2026-07-15
2415,1f087f29,307,6,203,2,b4ca029a,,,2026-07-15,2026-07-15
2416,d0973d25,246,1,204,1,45592551,,,2026-07-15,2026-07-15
2417,03a7449d,252,7,203,5,69956359,,,2026-07-15,2026-07-15
2418,090993ed,474,7,203,2,ca496ce9,,,2026-07-15,2026-07-15
2419,955501d8,201,7,203,4,5a5bf759,,,2026-07-15,2026-07-15
2420,471279fa,169,2,205,2,3f09714a,,,2026-07-15,2026-07-15
2421,8fef6141,420,6,205,3,cedf6f69,,,2026-07-15,2026-07-15
2422,d47c20cd,491,2,201,3,487a1dd7,,,2026-07-15,2026-07-15
2423,a61a0e26,290,2,201,5,1b14dcc9,,,2026-07-15,2026-07-15
2424,b0cb49bb,215,6,205,3,7704f92c,,,2026-07-15,2026-07-15
2425,75443ecf,30,2,203,5,38daf3c5,,,2026-07-15,2026-07-15
2426,33ac0f78,77,6,205,3,c6934f84,,,2026-07-15,2026-07-15
2427,e6fd64a2,614,2,204,1,2c42c662,,,2026-07-15,2026-07-15
2428,2f15d6ed,627,4,201,5,b730e9e6,,,2026-07-15,2026-07-15
2429,6718494f,564,6,205,2,1dc2bf91,,,2026-07-15,2026-07-15
2430,188123cc,380,4,205,1,036ada7f,,,2026-07-15,2026-07-15
2431,59b1f656,337,3,204,5,89eec31c,,,2026-07-15,2026-07-15
2432,8719f37a,154,6,204,1,4960cc67,,,2026-07-15,2026-07-15
2433,525b6e2f,135,2,201,3,c84a0390,,,2026-07-15,2026-07-15
2434,ad9b93a5,132,5,202,5,750687ab,,,2026-07-15,2026-07-15
2435,14512545,41,5,203,3,ae0deda5,,,2026-07-15,2026-07-15
2436,790a703c,474,6,203,1,a93aa731,,,2026-07-15,2026-07-15
2437,ca76b5b4,106,1,204,5,f6e5fc4d,,,2026-07-15,2026-07-15
2438,f499dd2d,24,7,205,2,37354f22,,,2026-07-15,2026-07-15
2439,d2c6aa59,253,5,202,4,bd5892a8,,,2026-07-15,2026-07-15
2440,e65ec54d,19,5,201,1,11f3df17,,,2026-07-15,2026-07-15
2441,8eddbbb6,142,1,201,1,b5297bc8,,,2026-07-15,2026-07-15
2442,3d8c08de,318,1,204,4,2d45f6bd,,,2026-07-15,2026-07-15
2443,f6403d7f,345,6,205,3,5ae61d1c,,,2026-07-15,2026-07-15
2444,86a5bd9d,249,5,203,3,25b7eced,,,2026-07-15,2026-07-15
2445,31f7ccd5,306,3,202,1,6a0cd270,,,2026-07-15,2026-07-15
2446,cfb5e588,531,4,201,2,89eec31c,,,2026-07-15,2026-07-15
2447,5c2a2524,454,3,203,4,c49ff99c,,,2026-07-15,2026-07-15
2448,9782d092,212,7,203,2,e224a8c6,,,2026-07-15,2026-07-15
2449,79154d94,395,6,205,5,9efecf41,,,2026-07-15,2026-07-15
2450,9e6cac78,20,6,204,1,944084a9,,,2026-07-15,2026-07-15
2451,864b834e,423,4,204,3,6b71e7b7,,,2026-07-15,2026-07-15
2452,9bbcd3d8,691,6,205,2,74258308,,,2026-07-15,2026-07-15
2453,79ab4061,43,3,205,4,0d4d4804,,,2026-07-15,2026-07-15
2454,3e3c0f4f,209,7,204,2,cc9f65a9,,,2026-07-15,2026-07-15
2455,bdf63873,314,1,204,2,3a0f258a,,,2026-07-15,2026-07-15
2456,d506c229,52,3,205,3,ada44e5b,,,2026-07-15,2026-07-15
2457,2f17c01b,663,3,203,3,b730e9e6,,,2026-07-15,2026-07-15
2458,351ba3ab,371,6,202,3,abeb982e,,,2026-07-15,2026-07-15
2459,076e8108,710,4,202,3,482ffe65,,,2026-07-15,2026-07-15
2460,17a69d60,556,2,205,3,95f70b4e,,,2026-07-15,2026-07-15
2461,c7f8e6c5,201,7,204,4,b7effad0,,,2026-07-15,2026-07-15
2462,729297fd,422,3,202,2,86613e2d,,,2026-07-15,2026-07-15
2463,e4499cc8,146,5,202,2,fb87e33d,,,2026-07-15,2026-07-15
2464,c8c9a2f6,14,2,205,4,a426a28e,,,2026-07-15,2026-07-15
2465,941f6333,187,2,201,5,f6ab1ed5,,,2026-07-15,2026-07-15
2466,f27df5cd,205,3,201,5,021c675d,,,2026-07-15,2026-07-15
2467,0b025b40,255,2,203,4,d2c89978,,,2026-07-15,2026-07-15
2468,be9b5907,345,2,202,5,4392286c,,,2026-07-15,2026-07-15
2469,6ae27f6b,284,3,202,1,5424e422,,,2026-07-15,2026-07-15
2470,c6657417,74,1,201,4,482ffe65,,,2026-07-15,2026-07-15
2471,c9d9406a,374,1,204,4,bb9d2955,,,2026-07-15,2026-07-15
2472,2478345c,96,4,205,4,208d275a,,,2026-07-15,2026-07-15
2473,9ea09418,473,7,202,4,cc9f65a9,,,2026-07-15,2026-07-15
2474,97aff8da,336,6,202,2,4907af8c,,,2026-07-15,2026-07-15
2475,fd95f26a,669,6,201,1,ce1b52ae,,,2026-07-15,2026-07-15
2476,ebeb9aab,695,4,202,4,3f26afe9,,,2026-07-15,2026-07-15
2477,336c3b5d,111,4,203,1,74258308,,,2026-07-15,2026-07-15
2478,f24e8a36,188,5,203,5,86613e2d,,,2026-07-15,2026-07-15
2479,076ce3cd,371,6,204,3,bde42cc1,,,2026-07-15,2026-07-15
2480,3c5df61a,347,4,204,3,e52f5ed8,,,2026-07-15,2026-07-15
2481,480228ff,578,4,205,5,289b72c4,,,2026-07-15,2026-07-15
2482,d6e5f677,471,4,204,2,ed90a296,,,2026-07-15,2026-07-15
2483,6c704448,729,4,205,3,a4e3426c,,,2026-07-15,2026-07-15
2484,d039fe1a,218,5,205,3,c6934f84,,,2026-07-15,2026-07-15
2485,5b22a14e,672,6,201,3,df92d410,,,2026-07-15,2026-07-15
2486,d9f40243,307,5,204,4,bc297930,,,2026-07-15,2026-07-15
2487,8c43c8c4,1,3,203,1,35acd685,,,2026-07-15,2026-07-15
2488,fe77cd99,709,2,203,4,56205f69,,,2026-07-15,2026-07-15
2489,76765fd9,138,4,202,1,69b06aa6,,,2026-07-15,2026-07-15
2490,ed17087b,684,5,204,5,e0e8c2a1,,,2026-07-15,2026-07-15
2491,86071f9f,597,7,203,1,1d9305e2,,,2026-07-15,2026-07-15
2492,cbc22e8d,206,1,202,1,fa853203,,,2026-07-15,2026-07-15
2493,d0fe8c2f,373,1,202,2,de084e17,,,2026-07-15,2026-07-15
2494,fab3f8ff,653,7,205,3,52368d16,,,2026-07-15,2026-07-15
2495,34c18580,588,7,201,2,5f2ab070,,,2026-07-15,2026-07-15
2496,1d808eef,587,4,204,3,ac535caa,,,2026-07-15,2026-07-15
2497,4dcb0c9b,134,2,201,1,3832abbc,,,2026-07-15,2026-07-15
2498,8bb0494f,509,3,204,4,3110a49a,,,2026-07-15,2026-07-15
2499,e0bab475,223,6,202,3,87830e43,,,2026-07-15,2026-07-15
2500,9de75ad1,432,7,202,1,43cbe6fa,,,2026-07-15,2026-07-15
2501,a61eca03,717,7,202,5,628a4d89,,,2026-07-15,2026-07-15
2502,d02bad51,170,3,203,4,27c530c5,,,2026-07-15,2026-07-15
2503,4708b324,158,5,204,4,c3a6c571,,,2026-07-15,2026-07-15
2504,b3ac64a9,468,6,205,4,ee98f97e,,,2026-07-15,2026-07-15
2505,a17e8ada,76,6,204,5,4ce20b01,,,2026-07-15,2026-07-15
2506,8e9e8874,399,7,201,1,dfcfee6c,,,2026-07-15,2026-07-15
2507,e05d6c2f,585,3,203,3,4c309170,,,2026-07-15,2026-07-15
2508,5d802b89,17,5,202,4,95f70b4e,,,2026-07-15,2026-07-15
2509,ed62e3c3,396,4,203,3,e6d45de3,,,2026-07-15,2026-07-15
2510,e7619ce4,16,2,201,5,60ce4ade,,,2026-07-15,2026-07-15
2511,d41a39b4,348,3,204,1,0fcaa55a,,,2026-07-15,2026-07-15
2512,30bda7e0,42,7,205,4,7e22a2b5,,,2026-07-15,2026-07-15
2513,823af36c,281,3,205,3,5424e422,,,2026-07-15,2026-07-15
2514,767a178d,441,4,202,2,52368d16,,,2026-07-15,2026-07-15
2515,84373d1c,59,3,204,3,4907af8c,,,2026-07-15,2026-07-15
2516,01696cb3,427,2,201,4,3d6a9dc8,,,2026-07-15,2026-07-15
2517,29780ecf,724,1,205,4,28741ecd,,,2026-07-15,2026-07-15
2518,29bdc737,335,6,202,4,cc9f65a9,,,2026-07-15,2026-07-15
2519,58f6ae94,80,3,204,4,ee98f97e,,,2026-07-15,2026-07-15
2520,a1bf7d44,383,3,202,3,0fcaa55a,,,2026-07-15,2026-07-15
2521,09d5e156,136,6,201,1,5424e422,,,2026-07-15,2026-07-15
2522,b265ade7,700,2,205,2,2d45f6bd,,,2026-07-15,2026-07-15
2523,12f38f27,172,3,201,1,ada44e5b,,,2026-07-15,2026-07-15
2524,9e6421d3,47,5,205,4,943eab83,,,2026-07-15,2026-07-15
2525,c9f39951,501,4,204,2,2dcdeda3,,,2026-07-15,2026-07-15
2526,9d4ad9e4,433,6,204,1,35acd685,,,2026-07-15,2026-07-15
2527,bf7ba193,332,6,202,3,f12d0983,,,2026-07-15,2026-07-15
2528,c39e8ef2,169,6,205,4,c84a0390,,,2026-07-15,2026-07-15
2529,6b323b20,145,2,204,1,b427b66b,,,2026-07-15,2026-07-15
2530,d074c147,221,4,203,1,ca496ce9,,,2026-07-15,2026-07-15
2531,7311d621,4,5,202,1,4ce20b01,,,2026-07-15,2026-07-15
2532,efbb0885,558,4,203,2,4363b8d6,,,2026-07-15,2026-07-15
2533,b457ecfb,312,3,205,5,1dc2bf91,,,2026-07-15,2026-07-15
2534,951c0397,573,6,205,2,62bfa0d9,,,2026-07-15,2026-07-15
2535,29e56dd2,453,5,202,3,fb5ef791,,,2026-07-15,2026-07-15
2536,80a16713,687,1,205,3,aefc1727,,,2026-07-15,2026-07-15
2537,c4cb6de6,361,3,204,5,4bc76ae2,,,2026-07-15,2026-07-15
2538,8133a1fc,307,5,205,3,0fbfd231,,,2026-07-15,2026-07-15
2539,d97dccc9,671,1,203,3,86613e2d,,,2026-07-15,2026-07-15
2540,8fd19701,106,5,205,3,7bc42b05,,,2026-07-15,2026-07-15
2541,87a76fe6,449,6,202,3,95f70b4e,,,2026-07-15,2026-07-15
2542,2ac77b0c,372,5,205,2,8b414a94,,,2026-07-15,2026-07-15
2543,8168eea7,252,2,203,5,37354f22,,,2026-07-15,2026-07-15
2544,cf688a2f,594,5,205,1,35f98e98,,,2026-07-15,2026-07-15
2545,3fc55327,703,6,201,5,99fed753,,,2026-07-15,2026-07-15
2546,ea54b1ab,23,2,202,2,7b748fb3,,,2026-07-15,2026-07-15
2547,c3940736,136,1,201,2,1df1fe50,,,2026-07-15,2026-07-15
2548,4693161e,614,1,203,1,cb8ec133,,,2026-07-15,2026-07-15
2549,41f330ef,238,4,205,4,b4065ef4,,,2026-07-15,2026-07-15
2550,bb89be56,19,5,201,5,205742d2,,,2026-07-15,2026-07-15
2551,9826900a,336,6,204,5,a79b76cb,,,2026-07-15,2026-07-15
2552,d27f43c9,686,2,205,4,b755ebae,,,2026-07-15,2026-07-15
2553,39e60e51,704,2,205,1,a93aa731,,,2026-07-15,2026-07-15
2554,17bdba53,319,7,201,5,e9238f3f,,,2026-07-15,2026-07-15
2555,593fda77,519,4,204,4,63baf574,,,2026-07-15,2026-07-15
2556,95f218c0,292,4,201,3,dd88df46,,,2026-07-15,2026-07-15
2557,6bf729c0,205,3,204,4,4db20d32,,,2026-07-15,2026-07-15
2558,33c81be5,241,6,203,1,7fddfb89,,,2026-07-15,2026-07-15
2559,482e102d,25,7,203,5,e224a8c6,,,2026-07-15,2026-07-15
2560,a2f1cd6b,630,7,204,4,fa578b09,,,2026-07-15,2026-07-15
2561,15bc32e9,118,6,202,1,10f10b2b,,,2026-07-15,2026-07-15
2562,5b5541ac,216,1,202,5,f2fc7978,,,2026-07-15,2026-07-15
2563,ebeb2ce6,674,1,203,1,1df1fe50,,,2026-07-15,2026-07-15
2564,fae34cbf,486,3,204,3,a93aa731,,,2026-07-15,2026-07-15
2565,619acee6,645,6,201,2,bd5892a8,,,2026-07-15,2026-07-15
2566,313a14ae,637,5,201,5,ba285e29,,,2026-07-15,2026-07-15
2567,ebeee803,91,5,201,3,3a1756fa,,,2026-07-15,2026-07-15
2568,ca1005ef,181,4,202,5,6601ea7f,,,2026-07-15,2026-07-15
2569,52db6ddc,172,2,203,3,ada44e5b,,,2026-07-15,2026-07-15
2570,5ea587a4,452,7,204,2,e52f5ed8,,,2026-07-15,2026-07-15
2571,ffa52310,663,4,201,1,35acd685,,,2026-07-15,2026-07-15
2572,bb0b01ec,165,4,203,4,5a5bf759,,,2026-07-15,2026-07-15
2573,26093ee7,323,6,204,4,32029984,,,2026-07-15,2026-07-15
2574,790c3f6d,455,7,203,3,ef75b4bf,,,2026-07-15,2026-07-15
2575,4642a7f5,714,5,205,3,d8edbef1,,,2026-07-15,2026-07-15
2576,62c8f63c,168,1,203,3,1dc2bf91,,,2026-07-15,2026-07-15
2577,48817248,434,6,203,3,87830e43,,,2026-07-15,2026-07-15
2578,5c47341f,219,3,205,3,0cfefde4,,,2026-07-15,2026-07-15
2579,f8fb4ed7,215,5,203,5,3973c30a,,,2026-07-15,2026-07-15
2580,33d674fd,66,5,205,4,ca496ce9,,,2026-07-15,2026-07-15
2581,f4fdf2e3,563,2,205,2,77c6d634,,,2026-07-15,2026-07-15
2582,e03f6668,78,3,203,4,8125c6f0,,,2026-07-15,2026-07-15
2583,06992dfc,603,5,205,3,e6d45de3,,,2026-07-15,2026-07-15
2584,10ea6ad9,700,6,201,5,8a51bc70,,,2026-07-15,2026-07-15
2585,3077f8ae,565,5,202,2,6958bb49,,,2026-07-15,2026-07-15
2586,98374e1e,2,4,204,4,b51ae2f1,,,2026-07-15,2026-07-15
2587,19473d75,501,2,201,4,0fbfd231,,,2026-07-15,2026-07-15
2588,6eca9193,658,3,201,3,92f2fd13,,,2026-07-15,2026-07-15
2589,3fb7dd05,287,5,205,4,5424e422,,,2026-07-15,2026-07-15
2590,188723be,360,1,205,4,1e6e7fcd,,,2026-07-15,2026-07-15
2591,da9a5559,43,2,202,5,1a601f48,,,2026-07-15,2026-07-15
2592,ee1dc603,136,7,202,2,aaa7dca8,,,2026-07-15,2026-07-15
2593,87c0da25,441,4,201,4,a30580a1,,,2026-07-15,2026-07-15
2594,a424cdaa,579,4,205,4,35f98e98,,,2026-07-15,2026-07-15
2595,72b8dbef,542,6,205,4,7a5bc5c2,,,2026-07-15,2026-07-15
2596,24ad812a,585,2,204,4,d8b06558,,,2026-07-15,2026-07-15
2597,3294bb9d,190,3,201,5,49fdea5f,,,2026-07-15,2026-07-15
2598,6f9b562a,710,3,202,1,c6934f84,,,2026-07-15,2026-07-15
2599,c2cc639e,520,6,201,2,89eec31c,,,2026-07-15,2026-07-15
2600,196fa7d0,230,7,202,1,f6e5fc4d,,,2026-07-15,2026-07-15
2601,1f9acd57,665,3,205,2,20f9eb9c,,,2026-07-15,2026-07-15
2602,840f1331,55,5,202,3,970e594b,,,2026-07-15,2026-07-15
2603,78c785d3,705,1,205,5,2df8b6f4,,,2026-07-15,2026-07-15
2604,8d38b91a,704,4,202,5,7b748fb3,,,2026-07-15,2026-07-15
2605,e4f89d95,277,6,204,1,62bfa0d9,,,2026-07-15,2026-07-15
2606,9f3af053,469,5,204,2,ac2c30bf,,,2026-07-15,2026-07-15
2607,79fc91cc,286,3,205,5,2a9b3aaa,,,2026-07-15,2026-07-15
2608,f2b61a0a,541,6,204,1,ff079788,,,2026-07-15,2026-07-15
2609,739c9cac,304,7,202,5,f033669c,,,2026-07-15,2026-07-15
2610,177068ac,618,5,202,5,e6d45de3,,,2026-07-15,2026-07-15
2611,f6fd8230,473,1,205,1,87830e43,,,2026-07-15,2026-07-15
2612,1e4585e6,667,3,201,5,bc297930,,,2026-07-15,2026-07-15
2613,56670188,493,4,201,2,b115a948,,,2026-07-15,2026-07-15
2614,a9b2842a,684,4,202,2,fb87e33d,,,2026-07-15,2026-07-15
2615,9e857606,62,4,202,4,d88f6a7f,,,2026-07-15,2026-07-15
2616,4231db1b,328,2,202,4,b51ae2f1,,,2026-07-15,2026-07-15
2617,3f92055c,522,2,203,5,9efecf41,,,2026-07-15,2026-07-15
2618,3f92ae62,533,7,205,5,3929633d,,,2026-07-15,2026-07-15
2619,dcb108e8,261,1,202,2,f0924da4,,,2026-07-15,2026-07-15
2620,d162c95e,41,2,202,5,ae76cc5c,,,2026-07-15,2026-07-15
2621,f3b37023,497,3,202,3,6b6d0941,,,2026-07-15,2026-07-15
2622,5881dbfd,568,4,201,4,ce1b52ae,,,2026-07-15,2026-07-15
2623,f15cdaf6,134,2,202,4,e89b35ce,,,2026-07-15,2026-07-15
2624,3f60e8cc,488,5,203,5,1139e59a,,,2026-07-15,2026-07-15
2625,52c7441e,553,2,204,5,2a9b3aaa,,,2026-07-15,2026-07-15
2626,a5841638,138,3,202,3,77c6d634,,,2026-07-15,2026-07-15
2627,0da86975,628,5,202,1,970e594b,,,2026-07-15,2026-07-15
2628,f33b2177,512,1,205,5,ce1b52ae,,,2026-07-15,2026-07-15
2629,d9c90a70,587,4,204,1,425b1d3d,,,2026-07-15,2026-07-15
2630,69203a47,125,2,203,2,fa853203,,,2026-07-15,2026-07-15
2631,a0429539,659,6,203,2,9e7dae2e,,,2026-07-15,2026-07-15
2632,1bd4c7af,421,1,205,4,fa853203,,,2026-07-15,2026-07-15
2633,3f16b89a,42,4,205,1,3d657bb9,,,2026-07-15,2026-07-15
2634,242b6fea,321,1,204,5,970e594b,,,2026-07-15,2026-07-15
2635,79550864,164,6,204,2,3f26afe9,,,2026-07-15,2026-07-15
2636,6d276d24,466,7,201,2,1f937553,,,2026-07-15,2026-07-15
2637,394f7764,69,1,205,1,28741ecd,,,2026-07-15,2026-07-15
2638,b18ca257,563,7,202,5,cc9f65a9,,,2026-07-15,2026-07-15
2639,2cf52689,473,6,204,4,25faaa82,,,2026-07-15,2026-07-15
2640,44d8f4d4,182,4,202,1,3c63e5d3,,,2026-07-15,2026-07-15
2641,a4636cfd,109,6,201,2,f0924da4,,,2026-07-15,2026-07-15
2642,fafdb1e9,202,3,204,1,b7effad0,,,2026-07-15,2026-07-15
2643,93c19557,687,2,205,2,0fbfd231,,,2026-07-15,2026-07-15
2644,81ec7032,300,5,204,1,367ca016,,,2026-07-15,2026-07-15
2645,c700ac25,667,1,205,3,69956359,,,2026-07-15,2026-07-15
2646,e0fd6c95,194,1,204,1,63baf574,,,2026-07-15,2026-07-15
2647,466d17fc,423,3,202,4,6f28469e,,,2026-07-15,2026-07-15
2648,683c677f,91,4,205,2,163d0b32,,,2026-07-15,2026-07-15
2649,779e5209,654,7,202,2,bde42cc1,,,2026-07-15,2026-07-15
2650,760a80cb,1,5,203,5,0fbfd231,,,2026-07-15,2026-07-15
2651,a2505b81,459,6,204,4,ede49010,,,2026-07-15,2026-07-15
2652,4fbe02cb,129,6,204,2,e5d0ffbb,,,2026-07-15,2026-07-15
2653,794dce17,48,3,205,3,4392286c,,,2026-07-15,2026-07-15
2654,a7098796,514,5,204,4,860df6aa,,,2026-07-15,2026-07-15
2655,39c68827,338,6,201,4,b115a948,,,2026-07-15,2026-07-15
2656,48530f42,500,1,203,3,eb3c1fb7,,,2026-07-15,2026-07-15
2657,a9328f08,20,3,201,1,628a4d89,,,2026-07-15,2026-07-15
2658,e68d5270,107,1,203,4,fa853203,,,2026-07-15,2026-07-15
2659,ce6d9a76,516,4,203,4,3110a49a,,,2026-07-15,2026-07-15
2660,b849e2e0,68,5,202,3,45592551,,,2026-07-15,2026-07-15
2661,4cada741,470,4,205,3,92f2fd13,,,2026-07-15,2026-07-15
2662,e8d8a01a,457,4,201,1,6f28469e,,,2026-07-15,2026-07-15
2663,a93e6941,478,6,202,3,482ffe65,,,2026-07-15,2026-07-15
2664,e0126332,580,5,202,5,2e179883,,,2026-07-15,2026-07-15
2665,54aa5f30,287,2,203,3,e89b35ce,,,2026-07-15,2026-07-15
2666,e15f0f96,143,6,202,1,f22bf066,,,2026-07-15,2026-07-15
2667,c15dd53c,63,4,204,1,18d773af,,,2026-07-15,2026-07-15
2668,b105fc0c,171,6,203,4,c49ff99c,,,2026-07-15,2026-07-15
2669,7a384d2b,559,2,202,4,d1cd1e4d,,,2026-07-15,2026-07-15
2670,4bc7ff0d,528,2,202,5,a71b0343,,,2026-07-15,2026-07-15
2671,f6cdcc2f,212,4,201,3,43cbe6fa,,,2026-07-15,2026-07-15
2672,ead3a84d,541,4,204,1,442d941c,,,2026-07-15,2026-07-15
2673,5b0aef04,314,5,202,2,195b4c1c,,,2026-07-15,2026-07-15
2674,3fc52ac5,112,4,204,2,ae76cc5c,,,2026-07-15,2026-07-15
2675,397630ae,357,4,201,1,b4ca029a,,,2026-07-15,2026-07-15
2676,38d83065,4,3,205,4,0cfefde4,,,2026-07-15,2026-07-15
2677,3025c54b,222,6,201,1,ec5b641f,,,2026-07-15,2026-07-15
2678,5644fd45,241,7,204,1,41087c74,,,2026-07-15,2026-07-15
2679,40912261,658,2,203,2,42d0014c,,,2026-07-15,2026-07-15
2680,d5be3917,287,6,205,4,d92199d8,,,2026-07-15,2026-07-15
2681,33da5400,713,6,205,4,84b47f93,,,2026-07-15,2026-07-15
2682,f0f9bfe2,206,1,202,1,b4065ef4,,,2026-07-15,2026-07-15
2683,88c5c52b,367,2,202,3,61fab6f7,,,2026-07-15,2026-07-15
2684,3e930780,656,4,204,4,1d498af8,,,2026-07-15,2026-07-15
2685,5d819f9b,9,1,201,2,f27a730c,,,2026-07-15,2026-07-15
2686,eaec13fe,430,2,203,5,b4065ef4,,,2026-07-15,2026-07-15
2687,96c805a0,581,1,202,5,8ad52b25,,,2026-07-15,2026-07-15
2688,27552fdb,258,1,201,3,1aaa9d3a,,,2026-07-15,2026-07-15
2689,bf66da2f,568,5,202,1,b5297bc8,,,2026-07-15,2026-07-15
2690,99020f48,230,5,202,1,11f3df17,,,2026-07-15,2026-07-15
2691,6dcb7c81,297,6,205,4,6a0cd270,,,2026-07-15,2026-07-15
2692,9049935f,708,6,202,3,3fc80484,,,2026-07-15,2026-07-15
2693,6e8c8bcc,276,1,202,1,bd4a772f,,,2026-07-15,2026-07-15
2694,31a440f0,607,1,202,3,69b06aa6,,,2026-07-15,2026-07-15
2695,81b362d7,148,2,202,5,f033669c,,,2026-07-15,2026-07-15
2696,a0368cf6,137,4,201,1,a426a28e,,,2026-07-15,2026-07-15
2697,f2c315a0,689,1,202,4,195b4c1c,,,2026-07-15,2026-07-15
2698,fb55eebd,606,4,205,4,97682d83,,,2026-07-15,2026-07-15
2699,2ae05b5b,366,7,201,5,ff079788,,,2026-07-15,2026-07-15
2700,c37588c9,695,4,201,1,b730e9e6,,,2026-07-15,2026-07-15
2701,195b8d17,624,5,204,3,1df1fe50,,,2026-07-15,2026-07-15
2702,a27d07e0,691,3,202,4,18d773af,,,2026-07-15,2026-07-15
2703,88a61146,371,1,203,3,7e1de19d,,,2026-07-15,2026-07-15
2704,601480c1,7,3,201,5,37166503,,,2026-07-15,2026-07-15
2705,620f84d6,324,3,202,3,52b3375c,,,2026-07-15,2026-07-15
2706,a627ba08,610,5,205,4,f169683e,,,2026-07-15,2026-07-15
2707,f88551cc,516,1,204,5,1e4cea7e,,,2026-07-15,2026-07-15
2708,c398281c,687,1,204,3,5a53b8e9,,,2026-07-15,2026-07-15
2709,7166cbb7,216,1,205,2,289b72c4,,,2026-07-15,2026-07-15
2710,ab7f4ee9,667,3,205,5,e9238f3f,,,2026-07-15,2026-07-15
2711,7f2faafe,403,1,205,2,628a4d89,,,2026-07-15,2026-07-15
2712,636d42fa,286,4,204,4,205742d2,,,2026-07-15,2026-07-15
2713,7c859fe1,115,4,205,2,8125c6f0,,,2026-07-15,2026-07-15
2714,28de75e8,92,3,205,5,35f98e98,,,2026-07-15,2026-07-15
2715,e45b57a4,682,1,203,3,03f0acfa,,,2026-07-15,2026-07-15
2716,908289d8,254,7,204,4,38daf3c5,,,2026-07-15,2026-07-15
2717,df56a1ef,422,3,202,2,d8a2bbd7,,,2026-07-15,2026-07-15
2718,85411c72,190,2,201,5,a79b76cb,,,2026-07-15,2026-07-15
2719,08036593,381,7,202,4,1f937553,,,2026-07-15,2026-07-15
2720,a56fd0ad,292,1,205,1,7ad06864,,,2026-07-15,2026-07-15
2721,f98abd15,128,1,205,1,28741ecd,,,2026-07-15,2026-07-15
2722,97d2e98f,302,3,201,2,e03caed0,,,2026-07-15,2026-07-15
2723,a9d7e6de,260,6,203,5,92f2fd13,,,2026-07-15,2026-07-15
2724,d6433913,441,5,205,4,fe86a413,,,2026-07-15,2026-07-15
2725,99ee4f8e,411,1,201,4,77c6d634,,,2026-07-15,2026-07-15
2726,bb80ef21,202,6,202,4,1df1fe50,,,2026-07-15,2026-07-15
2727,ec457060,106,1,202,3,cd901af9,,,2026-07-15,2026-07-15
2728,43e2e5e8,16,3,205,2,3d6a9dc8,,,2026-07-15,2026-07-15
2729,0c03c511,53,6,202,2,efc887b8,,,2026-07-15,2026-07-15
2730,ef4143fb,462,3,201,3,b716556b,,,2026-07-15,2026-07-15
2731,c682d929,518,1,201,3,c4993de9,,,2026-07-15,2026-07-15
2732,0ed38e46,83,4,201,3,f0924da4,,,2026-07-15,2026-07-15
2733,9564dceb,108,7,205,2,ed90a296,,,2026-07-15,2026-07-15
2734,ddf33660,247,7,205,5,8111bc07,,,2026-07-15,2026-07-15
2735,21b98a05,215,6,201,5,208d275a,,,2026-07-15,2026-07-15
2736,4f364d7c,311,7,204,1,f22bf066,,,2026-07-15,2026-07-15
2737,f86ff79c,241,5,203,3,ff142568,,,2026-07-15,2026-07-15
2738,4e2bc775,239,7,202,5,3a1572cc,,,2026-07-15,2026-07-15
2739,c194414a,597,1,205,2,718406a2,,,2026-07-15,2026-07-15
2740,65baab26,197,5,204,4,ada44e5b,,,2026-07-15,2026-07-15
2741,5ea8c773,129,7,201,3,1d9305e2,,,2026-07-15,2026-07-15
2742,6679d9fb,642,6,203,5,abeb982e,,,2026-07-15,2026-07-15
2743,9fe6f2fc,129,6,201,2,14a4c03c,,,2026-07-15,2026-07-15
2744,2056b323,227,6,201,1,45c95088,,,2026-07-15,2026-07-15
2745,cce96663,660,4,204,2,f0924da4,,,2026-07-15,2026-07-15
2746,f5d411de,376,1,201,1,77449c06,,,2026-07-15,2026-07-15
2747,46a19e47,695,2,201,5,3f491b77,,,2026-07-15,2026-07-15
2748,7f347bb3,248,1,204,1,550393a0,,,2026-07-15,2026-07-15
2749,d23ba8e4,660,1,205,3,4ce20b01,,,2026-07-15,2026-07-15
2750,a9a6dcaa,460,7,205,4,6568690c,,,2026-07-15,2026-07-15
2751,96a00ad4,104,2,204,1,3110a49a,,,2026-07-15,2026-07-15
2752,15eafb7a,365,5,205,5,c6934f84,,,2026-07-15,2026-07-15
2753,7481d7c2,408,6,204,5,531113e4,,,2026-07-15,2026-07-15
2754,0d2f1508,222,2,204,2,7b868e56,,,2026-07-15,2026-07-15
2755,f98bff42,576,3,202,1,9efecf41,,,2026-07-15,2026-07-15
2756,74721b0d,722,6,203,2,50641c23,,,2026-07-15,2026-07-15
2757,f18d83b2,693,7,201,3,3929633d,,,2026-07-15,2026-07-15
2758,326dd4eb,131,1,201,4,ed90a296,,,2026-07-15,2026-07-15
2759,f39e9c7d,205,4,202,1,bc297930,,,2026-07-15,2026-07-15
2760,9ef02db4,133,7,203,4,ec5b641f,,,2026-07-15,2026-07-15
2761,9021b163,163,3,204,5,49fdea5f,,,2026-07-15,2026-07-15
2762,8d72a3ff,118,7,205,5,4363b8d6,,,2026-07-15,2026-07-15
2763,77b983c4,128,5,205,2,b716556b,,,2026-07-15,2026-07-15
2764,a7dfeeaf,400,6,204,5,6601ea7f,,,2026-07-15,2026-07-15
2765,7b2a4193,689,1,205,5,7ad06864,,,2026-07-15,2026-07-15
2766,f2e52ff2,646,2,203,3,f27a730c,,,2026-07-15,2026-07-15
2767,86befd42,613,2,201,4,99fed753,,,2026-07-15,2026-07-15
2768,1ec6586d,429,6,203,5,943eab83,,,2026-07-15,2026-07-15
2769,0f7ef109,674,7,204,4,d88f6a7f,,,2026-07-15,2026-07-15
2770,5b41a5ff,486,5,202,4,4db20d32,,,2026-07-15,2026-07-15
2771,9ab91bf7,397,4,201,5,7a5bc5c2,,,2026-07-15,2026-07-15
2772,b82c23c1,496,5,204,4,77449c06,,,2026-07-15,2026-07-15
2773,541c8763,537,6,202,4,4e431688,,,2026-07-15,2026-07-15
2774,81875714,484,7,204,5,45592551,,,2026-07-15,2026-07-15
2775,f5479584,483,2,201,3,febfde98,,,2026-07-15,2026-07-15
2776,8082e07b,10,5,205,1,ee98f97e,,,2026-07-15,2026-07-15
2777,adaf44c3,386,5,203,4,531113e4,,,2026-07-15,2026-07-15
2778,693a1d01,80,5,201,4,943eab83,,,2026-07-15,2026-07-15
2779,a257d8a2,452,7,201,5,c3a6c571,,,2026-07-15,2026-07-15
2780,9ad1350b,386,7,201,1,62bfa0d9,,,2026-07-15,2026-07-15
2781,247fa7a9,99,3,202,5,0fbb521a,,,2026-07-15,2026-07-15
2782,99ff3708,698,2,203,2,37166503,,,2026-07-15,2026-07-15
2783,5bf5b43b,142,1,204,5,ddaa1bf9,,,2026-07-15,2026-07-15
2784,35cfbff4,423,1,202,5,b51ae2f1,,,2026-07-15,2026-07-15
2785,3f689d3c,420,1,203,2,b5297bc8,,,2026-07-15,2026-07-15
2786,4c2597a6,509,6,203,1,c4993de9,,,2026-07-15,2026-07-15
2787,5a8fbccc,583,1,202,4,e5d0ffbb,,,2026-07-15,2026-07-15
2788,b37dd93c,599,2,202,3,c6934f84,,,2026-07-15,2026-07-15
2789,fb4340e6,47,7,203,4,7fddfb89,,,2026-07-15,2026-07-15
2790,59b1d712,515,3,202,1,b3125078,,,2026-07-15,2026-07-15
2791,50882c70,517,4,204,2,ed90a296,,,2026-07-15,2026-07-15
2792,d096b0f3,88,7,205,4,5e91ed7b,,,2026-07-15,2026-07-15
2793,12cc3dac,187,5,201,5,b755ebae,,,2026-07-15,2026-07-15
2794,abe200da,231,5,201,5,2df31d11,,,2026-07-15,2026-07-15
2795,a829f560,116,4,204,1,60ce4ade,,,2026-07-15,2026-07-15
2796,6ca68b73,119,4,202,1,2a9b3aaa,,,2026-07-15,2026-07-15
2797,8a3adbc5,657,1,202,2,27c530c5,,,2026-07-15,2026-07-15
2798,17b929df,436,3,205,4,5a53b8e9,,,2026-07-15,2026-07-15
2799,5279d0ed,219,7,205,4,20f9eb9c,,,2026-07-15,2026-07-15
2800,79d1e6b4,582,5,203,3,cedf6f69,,,2026-07-15,2026-07-15
2801,21d54933,716,1,205,2,c4e558ad,,,2026-07-15,2026-07-15
2802,10015b8a,603,1,203,1,1e59121b,,,2026-07-15,2026-07-15
2803,144c6d0f,420,3,203,5,9ac47356,,,2026-07-15,2026-07-15
2804,cd7bb3b2,492,6,204,3,ae76cc5c,,,2026-07-15,2026-07-15
2805,2a554df6,533,3,204,5,1a601f48,,,2026-07-15,2026-07-15
2806,b25f225f,338,6,203,2,ccde9baa,,,2026-07-15,2026-07-15
2807,063e6509,492,6,203,1,c6934f84,,,2026-07-15,2026-07-15
2808,29139503,679,5,204,5,ce1b52ae,,,2026-07-15,2026-07-15
2809,1fc188e6,680,2,205,2,2e179883,,,2026-07-15,2026-07-15
2810,6fe7dd4f,486,4,201,2,ae18638f,,,2026-07-15,2026-07-15
2811,6e010d63,571,3,201,4,60c38ae4,,,2026-07-15,2026-07-15
2812,5caa785f,410,5,205,2,2dcdeda3,,,2026-07-15,2026-07-15
2813,0afefa11,542,1,205,3,1139e59a,,,2026-07-15,2026-07-15
2814,57e0af53,195,7,203,1,1e4cea7e,,,2026-07-15,2026-07-15
2815,5b218f6f,452,2,201,3,2df31d11,,,2026-07-15,2026-07-15
2816,7b3752fc,650,1,203,3,ada44e5b,,,2026-07-15,2026-07-15
2817,95a1df58,492,5,202,2,5e3a2195,,,2026-07-15,2026-07-15
2818,ce77554c,194,5,205,1,4943c5d9,,,2026-07-15,2026-07-15
2819,0f40c6ec,623,7,204,1,3110a49a,,,2026-07-15,2026-07-15
2820,b74d2495,450,5,203,5,4943c5d9,,,2026-07-15,2026-07-15
2821,1865bfa1,237,7,204,2,a93aa731,,,2026-07-15,2026-07-15
2822,04a79caa,709,3,201,5,367ca016,,,2026-07-15,2026-07-15
2823,6408bc7a,91,2,202,4,13a46227,,,2026-07-15,2026-07-15
2824,dedfcdac,498,4,204,5,ae18638f,,,2026-07-15,2026-07-15
2825,393e9bd5,192,6,202,1,9e7dae2e,,,2026-07-15,2026-07-15
2826,e0efcc84,123,4,204,1,718406a2,,,2026-07-15,2026-07-15
2827,2800e546,526,3,204,3,c4993de9,,,2026-07-15,2026-07-15
2828,1a680e57,128,6,202,1,cedf6f69,,,2026-07-15,2026-07-15
2829,2841bdb2,625,6,203,3,5905a3e7,,,2026-07-15,2026-07-15
2830,4875f6fd,700,6,202,3,96379792,,,2026-07-15,2026-07-15
2831,045a2a6c,84,1,202,4,1e59121b,,,2026-07-15,2026-07-15
2832,7fbe6be5,708,3,201,4,cd901af9,,,2026-07-15,2026-07-15
2833,2440c385,133,3,203,2,3832abbc,,,2026-07-15,2026-07-15
2834,1851acc7,122,2,201,1,4943c5d9,,,2026-07-15,2026-07-15
2835,dea36adb,184,6,202,1,3110a49a,,,2026-07-15,2026-07-15
2836,62211d3d,340,1,202,5,718406a2,,,2026-07-15,2026-07-15
2837,c18a5dd9,136,2,202,5,0fcaa55a,,,2026-07-15,2026-07-15
2838,2004a121,154,2,205,3,70bfbcda,,,2026-07-15,2026-07-15
2839,e4d6d5f4,293,4,203,1,719fa89e,,,2026-07-15,2026-07-15
2840,52844fc1,136,3,201,3,b716556b,,,2026-07-15,2026-07-15
2841,6c6bfa26,290,5,205,4,4049e911,,,2026-07-15,2026-07-15
2842,b51ed327,560,1,205,4,72bc630e,,,2026-07-15,2026-07-15
2843,015963e4,32,5,203,5,f248f0c6,,,2026-07-15,2026-07-15
2844,afff4331,139,6,205,1,8a51bc70,,,2026-07-15,2026-07-15
2845,7431c7d5,288,1,201,3,1a601f48,,,2026-07-15,2026-07-15
2846,215d1c5f,629,5,204,5,d9c08140,,,2026-07-15,2026-07-15
2847,d67fafd7,378,6,202,2,cbcf13d1,,,2026-07-15,2026-07-15
2848,7ff492a9,358,2,205,3,860df6aa,,,2026-07-15,2026-07-15
2849,995d006e,110,6,205,3,9e7dae2e,,,2026-07-15,2026-07-15
2850,13c11e36,133,5,204,2,d92199d8,,,2026-07-15,2026-07-15
2851,a0f7abe3,310,7,203,5,95ec6e5b,,,2026-07-15,2026-07-15
2852,611a2e5a,213,7,202,2,208d275a,,,2026-07-15,2026-07-15
2853,9306908b,265,7,204,1,f18b66c1,,,2026-07-15,2026-07-15
2854,8d817f5a,224,7,202,4,6b6d0941,,,2026-07-15,2026-07-15
2855,8f103026,679,6,205,3,7704f92c,,,2026-07-15,2026-07-15
2856,d2eb959c,615,7,203,5,f27a730c,,,2026-07-15,2026-07-15
2857,c4edb0a4,23,1,201,4,9e7dae2e,,,2026-07-15,2026-07-15
2858,8457bf93,324,2,201,2,7643c1ee,,,2026-07-15,2026-07-15
2859,d922c322,361,6,205,3,f248f0c6,,,2026-07-15,2026-07-15
2860,59a3ded6,417,3,203,1,bd47b713,,,2026-07-15,2026-07-15
2861,2e4898fe,150,3,201,5,b3125078,,,2026-07-15,2026-07-15
2862,373572f1,210,1,204,4,3a1572cc,,,2026-07-15,2026-07-15
2863,3ce72699,691,6,203,1,3184736b,,,2026-07-15,2026-07-15
2864,c902581d,527,6,205,2,7e1de19d,,,2026-07-15,2026-07-15
2865,58094631,84,6,204,4,3d6a9dc8,,,2026-07-15,2026-07-15
2866,9b167ea0,445,1,202,1,195b4c1c,,,2026-07-15,2026-07-15
2867,d373f957,260,6,204,2,1dc2bf91,,,2026-07-15,2026-07-15
2868,07e45dac,566,7,204,4,bc297930,,,2026-07-15,2026-07-15
2869,a08ebf8d,343,5,204,2,cd901af9,,,2026-07-15,2026-07-15
2870,1769e32f,27,3,203,2,4ce20b01,,,2026-07-15,2026-07-15
2871,34b4d2dc,488,4,203,4,f0924da4,,,2026-07-15,2026-07-15
2872,fd6056a2,578,3,203,5,3f26afe9,,,2026-07-15,2026-07-15
2873,2bd00ed7,380,4,202,4,1b14dcc9,,,2026-07-15,2026-07-15
2874,a49c51d3,262,4,203,1,b68bef7e,,,2026-07-15,2026-07-15
2875,2554d87b,725,1,203,3,4ce20b01,,,2026-07-15,2026-07-15
2876,fa2c0f1f,70,4,201,4,fa853203,,,2026-07-15,2026-07-15
2877,513067a8,721,6,203,3,ba285e29,,,2026-07-15,2026-07-15
2878,16224c9a,660,1,205,1,25faaa82,,,2026-07-15,2026-07-15
2879,ba0f8103,199,1,202,1,b7effad0,,,2026-07-15,2026-07-15
2880,c257aca3,449,4,202,5,7f1bca00,,,2026-07-15,2026-07-15
2881,d3984118,490,2,204,1,abeb982e,,,2026-07-15,2026-07-15
2882,c29457ed,124,2,204,5,b755ebae,,,2026-07-15,2026-07-15
2883,69eb5380,355,2,202,1,d8b06558,,,2026-07-15,2026-07-15
2884,1cb40698,525,1,201,1,1f937553,,,2026-07-15,2026-07-15
2885,c082441b,375,6,202,3,e6d45de3,,,2026-07-15,2026-07-15
2886,ef2e8cfe,456,6,202,4,3832abbc,,,2026-07-15,2026-07-15
2887,53a318dd,683,4,205,2,f22bf066,,,2026-07-15,2026-07-15
2888,e7f3cf4c,442,7,202,1,0fcaa55a,,,2026-07-15,2026-07-15
2889,dff57837,248,3,202,4,57be6156,,,2026-07-15,2026-07-15
2890,62d83b4f,321,7,205,1,425b1d3d,,,2026-07-15,2026-07-15
2891,3e89285b,516,3,203,2,fb5ef791,,,2026-07-15,2026-07-15
2892,616d8840,241,4,201,4,3a1756fa,,,2026-07-15,2026-07-15
2893,d352d802,405,2,205,4,c84a0390,,,2026-07-15,2026-07-15
2894,d4e2d0f3,717,4,205,1,b4ca029a,,,2026-07-15,2026-07-15
2895,6376d4ab,445,1,205,2,aaa7dca8,,,2026-07-15,2026-07-15
2896,1050a95d,81,3,201,2,6a0cd270,,,2026-07-15,2026-07-15
2897,96e2807c,543,7,205,2,3a0f258a,,,2026-07-15,2026-07-15
2898,264381b0,231,7,204,3,a71b0343,,,2026-07-15,2026-07-15
2899,8ddad8f2,223,2,205,4,7704f92c,,,2026-07-15,2026-07-15
2900,cc0f537f,400,4,203,3,628a4d89,,,2026-07-15,2026-07-15
2901,d51ae2da,351,7,201,2,c7ead2cc,,,2026-07-15,2026-07-15
2902,7f72ae80,391,2,201,4,4bc76ae2,,,2026-07-15,2026-07-15
2903,c4566f74,98,4,201,3,99fed753,,,2026-07-15,2026-07-15
2904,75248a3e,540,1,202,2,97682d83,,,2026-07-15,2026-07-15
2905,c4435f03,389,5,204,1,a0d8ebba,,,2026-07-15,2026-07-15
2906,39100654,293,1,204,3,0d484e5f,,,2026-07-15,2026-07-15
2907,07911633,297,5,202,4,3fc80484,,,2026-07-15,2026-07-15
2908,a1d90516,437,7,204,1,d88f6a7f,,,2026-07-15,2026-07-15
2909,def6782d,147,3,202,2,0b6ae467,,,2026-07-15,2026-07-15
2910,07aebec4,386,2,203,2,f248f0c6,,,2026-07-15,2026-07-15
2911,20429910,5,6,201,5,3832abbc,,,2026-07-15,2026-07-15
2912,d7bc1e03,296,6,205,4,0d4d4804,,,2026-07-15,2026-07-15
2913,e9db2520,624,5,203,2,8125c6f0,,,2026-07-15,2026-07-15
2914,ca8b8ab7,600,4,204,5,1d9305e2,,,2026-07-15,2026-07-15
2915,0d24da53,542,7,203,3,8125c6f0,,,2026-07-15,2026-07-15
2916,a0d796f2,445,7,201,1,a040e169,,,2026-07-15,2026-07-15
2917,12e74a9e,584,6,201,3,b03540b1,,,2026-07-15,2026-07-15
2918,4c578a80,150,7,204,2,c3a6c571,,,2026-07-15,2026-07-15
2919,853143cd,72,2,202,4,a008a294,,,2026-07-15,2026-07-15
2920,7bbae079,46,7,203,5,99fed753,,,2026-07-15,2026-07-15
2921,e59a435f,78,4,202,1,ae18638f,,,2026-07-15,2026-07-15
2922,3e6aaba0,481,2,204,4,ef75b4bf,,,2026-07-15,2026-07-15
2923,770b8b24,177,2,204,2,3d657bb9,,,2026-07-15,2026-07-15
2924,6ed21fbe,13,1,204,2,1e6e7fcd,,,2026-07-15,2026-07-15
2925,ffdd371c,524,3,201,3,944084a9,,,2026-07-15,2026-07-15
2926,f569c605,723,3,205,3,e52f5ed8,,,2026-07-15,2026-07-15
2927,e7f9613f,488,6,204,2,ec486749,,,2026-07-15,2026-07-15
2928,c3499a8d,170,7,205,5,f6e5fc4d,,,2026-07-15,2026-07-15
2929,2f624ef7,219,4,205,4,1e6e7fcd,,,2026-07-15,2026-07-15
2930,3a66cdaf,109,5,205,1,434c2454,,,2026-07-15,2026-07-15
2931,44314ddc,178,5,201,1,ef75b4bf,,,2026-07-15,2026-07-15
2932,93b46976,208,1,203,3,dd410d5f,,,2026-07-15,2026-07-15
2933,7628cb0e,117,3,205,1,c50cc14e,,,2026-07-15,2026-07-15
2934,bef18aa5,526,3,202,5,91a6c884,,,2026-07-15,2026-07-15
2935,213108a0,22,7,205,2,3f26afe9,,,2026-07-15,2026-07-15
2936,9706866a,445,1,203,5,63baf574,,,2026-07-15,2026-07-15
2937,03cdacc8,401,2,205,2,14a4c03c,,,2026-07-15,2026-07-15
2938,df5503b2,642,4,202,4,df28e3f0,,,2026-07-15,2026-07-15
2939,df16aeca,615,7,201,5,ef75b4bf,,,2026-07-15,2026-07-15
2940,f9e5ba0f,722,7,204,1,8993064a,,,2026-07-15,2026-07-15
2941,c767eea7,64,1,202,5,6b3185b0,,,2026-07-15,2026-07-15
2942,e575649b,289,5,205,1,465c1c13,,,2026-07-15,2026-07-15
2943,e9ccd26d,160,4,203,1,c05e9193,,,2026-07-15,2026-07-15
2944,b47f2b75,495,7,201,2,8993064a,,,2026-07-15,2026-07-15
2945,07a2e6db,422,2,201,4,d9c08140,,,2026-07-15,2026-07-15
2946,9d9ae893,233,4,203,4,2b2175cd,,,2026-07-15,2026-07-15
2947,6d5a037c,150,1,201,3,c84a0390,,,2026-07-15,2026-07-15
2948,b49eb5d6,303,3,204,5,205742d2,,,2026-07-15,2026-07-15
2949,160a7963,10,1,205,1,a84540d1,,,2026-07-15,2026-07-15
2950,5e756cc5,710,3,202,4,57be6156,,,2026-07-15,2026-07-15
2951,05a212b4,160,4,203,1,e75bb09b,,,2026-07-15,2026-07-15
2952,0f4432b9,262,4,202,4,2dcdeda3,,,2026-07-15,2026-07-15
2953,e98af5e7,313,5,203,1,5e91ed7b,,,2026-07-15,2026-07-15
2954,198bb7a2,418,3,203,3,a84540d1,,,2026-07-15,2026-07-15
2955,14a30fe6,301,1,205,2,e89b35ce,,,2026-07-15,2026-07-15
2956,c93eb729,689,7,204,3,4363b8d6,,,2026-07-15,2026-07-15
2957,46afe30d,177,4,202,2,5905a3e7,,,2026-07-15,2026-07-15
2958,94830cbe,434,5,205,2,5424e422,,,2026-07-15,2026-07-15
2959,80df21f4,228,7,205,5,4ba49536,,,2026-07-15,2026-07-15
2960,f01aa79c,245,4,203,2,25b7eced,,,2026-07-15,2026-07-15
2961,2a91e60c,566,3,202,4,f18b66c1,,,2026-07-15,2026-07-15
2962,276afed9,512,2,202,5,548dc0b3,,,2026-07-15,2026-07-15
2963,4a4f2427,183,7,204,3,ae76cc5c,,,2026-07-15,2026-07-15
2964,b65e378a,92,3,205,4,a426a28e,,,2026-07-15,2026-07-15
2965,440698f6,719,2,204,3,3832abbc,,,2026-07-15,2026-07-15
2966,64a65940,60,4,204,2,112f9cab,,,2026-07-15,2026-07-15
2967,8214ee88,380,6,204,5,7704f92c,,,2026-07-15,2026-07-15
2968,8075320f,463,3,201,2,2d4fce37,,,2026-07-15,2026-07-15
2969,1b096bb2,460,6,202,2,11f3df17,,,2026-07-15,2026-07-15
2970,0b081eb1,588,3,201,4,57221ec9,,,2026-07-15,2026-07-15
2971,9f4a2f91,375,2,205,4,abeb982e,,,2026-07-15,2026-07-15
2972,2b4f051a,544,7,201,2,0d4d4804,,,2026-07-15,2026-07-15
2973,c324f335,48,6,205,4,1d498af8,,,2026-07-15,2026-07-15
2974,ebde22c5,554,7,201,4,3f26afe9,,,2026-07-15,2026-07-15
2975,7feeb837,319,2,201,3,61fab6f7,,,2026-07-15,2026-07-15
2976,49c4c562,580,1,203,5,9e7dae2e,,,2026-07-15,2026-07-15
2977,1b3728e7,386,4,205,4,ccde9baa,,,2026-07-15,2026-07-15
2978,dbfdd6ec,308,7,203,1,ef5f41ce,,,2026-07-15,2026-07-15
2979,0eab1577,9,4,204,1,247dccf1,,,2026-07-15,2026-07-15
2980,85646591,146,4,203,5,f7817da3,,,2026-07-15,2026-07-15
2981,d5a7f5a3,2,6,205,5,487a1dd7,,,2026-07-15,2026-07-15
2982,bb9c7742,425,6,201,4,e0d2a5f3,,,2026-07-15,2026-07-15
2983,c1503724,603,2,201,1,9ac47356,,,2026-07-15,2026-07-15
2984,3bbdf1f1,299,2,201,2,1b14dcc9,,,2026-07-15,2026-07-15
2985,4f2c999c,122,4,204,1,aaa7dca8,,,2026-07-15,2026-07-15
2986,e764aa3d,545,2,202,5,43cbe6fa,,,2026-07-15,2026-07-15
2987,c454f57f,237,1,203,4,970e594b,,,2026-07-15,2026-07-15
2988,719bc25e,326,1,201,3,8125c6f0,,,2026-07-15,2026-07-15
2989,f1ee43fe,331,1,204,2,3d657bb9,,,2026-07-15,2026-07-15
2990,8225f2f4,555,2,203,4,482ffe65,,,2026-07-15,2026-07-15
2991,bf69015d,141,6,201,3,cedf6f69,,,2026-07-15,2026-07-15
2992,4772e001,574,4,204,3,0968f5a7,,,2026-07-15,2026-07-15
2993,27827745,276,5,204,2,3973c30a,,,2026-07-15,2026-07-15
2994,3dfdd90b,489,6,204,5,de084e17,,,2026-07-15,2026-07-15
2995,5d78ab41,152,4,203,3,ede49010,,,2026-07-15,2026-07-15
2996,7a0a0151,284,5,205,2,69956359,,,2026-07-15,2026-07-15
2997,03452b7c,642,2,204,2,3e66160b,,,2026-07-15,2026-07-15
2998,e7a867ff,71,4,201,5,4e431688,,,2026-07-15,2026-07-15
2999,92bf24ab,553,7,203,3,41c72cdb,,,2026-07-15,2026-07-15
3000,ad6aca7b,615,4,202,1,99fed753,,,2026-07-15,2026-07-15
3001,1cd5494e,408,4,201,1,87830e43,,,2026-07-15,2026-07-15
3002,a38bb228,91,3,205,3,8b319808,,,2026-07-15,2026-07-15
3003,eb7da073,135,3,201,5,c1b30594,,,2026-07-15,2026-07-15
3004,2eb8d78d,268,7,204,5,205742d2,,,2026-07-15,2026-07-15
3005,3d96f2cb,92,1,201,3,482ffe65,,,2026-07-15,2026-07-15
3006,6b9f434b,332,7,204,2,dfe6e1ff,,,2026-07-15,2026-07-15
3007,239e3ca0,322,4,202,1,fa578b09,,,2026-07-15,2026-07-15
3008,d7fe97a2,41,3,202,2,41c72cdb,,,2026-07-15,2026-07-15
3009,83f24b1a,234,3,204,3,60c38ae4,,,2026-07-15,2026-07-15
3010,38c375c7,22,3,205,4,1e6e7fcd,,,2026-07-15,2026-07-15
3011,21a58292,720,2,205,4,6f2a321a,,,2026-07-15,2026-07-15
3012,e03dd30c,604,1,205,2,6e76c557,,,2026-07-15,2026-07-15
3013,ce101dda,1,6,201,5,dd410d5f,,,2026-07-15,2026-07-15
3014,d4775645,582,7,201,5,ccde9baa,,,2026-07-15,2026-07-15
3015,b889e3b7,54,6,205,2,c475f6fc,,,2026-07-15,2026-07-15
3016,d08ab4ad,8,7,205,3,bb9d2955,,,2026-07-15,2026-07-15
3017,3302c0cc,589,1,204,5,69b06aa6,,,2026-07-15,2026-07-15
3018,7c5a36fb,123,5,205,4,ae18638f,,,2026-07-15,2026-07-15
3019,de82ef92,201,6,205,5,45592551,,,2026-07-15,2026-07-15
3020,3ee8443a,180,6,203,5,86613e2d,,,2026-07-15,2026-07-15
3021,7b17f89f,701,6,202,4,a638b4b0,,,2026-07-15,2026-07-15
3022,1bab573e,397,4,204,1,4907af8c,,,2026-07-15,2026-07-15
3023,0c51e659,295,5,205,4,c88f1b8d,,,2026-07-15,2026-07-15
3024,c5e51123,62,7,204,4,3929633d,,,2026-07-15,2026-07-15
3025,b70fe929,426,5,205,2,a1ba575a,,,2026-07-15,2026-07-15
3026,8c46faa7,183,7,201,2,c49ff99c,,,2026-07-15,2026-07-15
3027,899b3c3d,471,4,205,5,60ce4ade,,,2026-07-15,2026-07-15
3028,4ddb4370,40,2,201,2,cee867e3,,,2026-07-15,2026-07-15
3029,9b516694,243,2,205,1,f18b66c1,,,2026-07-15,2026-07-15
3030,924904d4,714,5,203,5,4799194e,,,2026-07-15,2026-07-15
3031,0546653c,490,4,205,4,bed1ac6c,,,2026-07-15,2026-07-15
3032,72566696,628,1,201,4,b427b66b,,,2026-07-15,2026-07-15
3033,0996de93,568,6,202,1,1d9305e2,,,2026-07-15,2026-07-15
3034,cd44c97f,641,7,203,1,72b21457,,,2026-07-15,2026-07-15
3035,ce6f51df,287,1,203,1,69956359,,,2026-07-15,2026-07-15
3036,caceba74,488,6,201,1,369a8438,,,2026-07-15,2026-07-15
3037,c9fd6ee7,72,7,204,4,f399f8e1,,,2026-07-15,2026-07-15
3038,e4300256,352,1,201,3,2b2175cd,,,2026-07-15,2026-07-15
3039,ae1c2e60,448,5,202,3,3929633d,,,2026-07-15,2026-07-15
3040,28151ee0,128,5,205,4,a30580a1,,,2026-07-15,2026-07-15
3041,48542eae,20,6,201,5,2c760828,,,2026-07-15,2026-07-15
3042,9bd6d9cd,343,7,204,2,b3125078,,,2026-07-15,2026-07-15
3043,20473b84,681,5,201,2,bd5892a8,,,2026-07-15,2026-07-15
3044,7ec12009,622,2,205,4,0b6ae467,,,2026-07-15,2026-07-15
3045,0d0299d8,33,2,201,3,f0758699,,,2026-07-15,2026-07-15
3046,ddebcb92,381,7,201,4,3973c30a,,,2026-07-15,2026-07-15
3047,b8438bcd,125,5,204,4,0968f5a7,,,2026-07-15,2026-07-15
3048,983a4ad6,258,4,203,3,ac535caa,,,2026-07-15,2026-07-15
3049,302f90c9,234,3,202,4,3929633d,,,2026-07-15,2026-07-15
3050,42e5cac2,706,1,202,1,a008a294,,,2026-07-15,2026-07-15
3051,344fbca7,499,2,201,5,dfcfee6c,,,2026-07-15,2026-07-15
3052,67533a0d,459,6,205,5,77449c06,,,2026-07-15,2026-07-15
3053,061c2e6b,449,5,205,3,6f2a321a,,,2026-07-15,2026-07-15
3054,961dd5f3,292,4,201,4,86613e2d,,,2026-07-15,2026-07-15
3055,8713d3f4,488,3,204,3,aaa7dca8,,,2026-07-15,2026-07-15
3056,c980d00c,148,4,205,3,27c530c5,,,2026-07-15,2026-07-15
3057,89f6a226,262,3,202,2,c475f6fc,,,2026-07-15,2026-07-15
3058,d90e0b36,348,1,203,4,3fc80484,,,2026-07-15,2026-07-15
3059,818426eb,528,6,204,5,eb3c1fb7,,,2026-07-15,2026-07-15
3060,268ff7dc,644,1,205,1,e6d45de3,,,2026-07-15,2026-07-15
3061,bbc6ef44,71,6,203,2,4049e911,,,2026-07-15,2026-07-15
3062,ff94984a,691,3,201,2,1a601f48,,,2026-07-15,2026-07-15
3063,ceae03d0,34,4,201,2,7fddfb89,,,2026-07-15,2026-07-15
3064,e9528340,50,4,205,2,425b1d3d,,,2026-07-15,2026-07-15
3065,836cde3f,614,7,204,3,f2fc7978,,,2026-07-15,2026-07-15
3066,8d8a013d,237,5,205,5,ed4939ed,,,2026-07-15,2026-07-15
3067,77e705ba,412,6,204,3,9e7dae2e,,,2026-07-15,2026-07-15
3068,10e88fb4,255,1,202,2,2df31d11,,,2026-07-15,2026-07-15
3069,b8af6ddc,671,7,201,5,77c6d634,,,2026-07-15,2026-07-15
3070,79e6bd8a,703,6,205,2,57be6156,,,2026-07-15,2026-07-15
3071,6a252480,490,4,205,5,a638b4b0,,,2026-07-15,2026-07-15
3072,fd02ca2b,291,6,203,2,4363b8d6,,,2026-07-15,2026-07-15
3073,e8a23839,238,5,202,5,3e66160b,,,2026-07-15,2026-07-15
3074,0ad2bcf7,205,7,205,1,aaa7dca8,,,2026-07-15,2026-07-15
3075,0ed48aaf,687,1,204,4,87830e43,,,2026-07-15,2026-07-15
3076,f2c1d233,459,1,204,4,827ac471,,,2026-07-15,2026-07-15
3077,4c3651f2,663,3,202,4,b3125078,,,2026-07-15,2026-07-15
3078,5f915b12,236,1,204,1,a79b76cb,,,2026-07-15,2026-07-15
3079,92144869,398,7,204,5,70bfbcda,,,2026-07-15,2026-07-15
3080,5623652f,542,2,203,2,1aaa9d3a,,,2026-07-15,2026-07-15
3081,a559dfc9,463,6,201,4,ec486749,,,2026-07-15,2026-07-15
3082,c37cf560,300,3,201,2,b3125078,,,2026-07-15,2026-07-15
3083,a89d292b,667,1,202,2,62bfa0d9,,,2026-07-15,2026-07-15
3084,44c5d453,230,3,203,1,0b454108,,,2026-07-15,2026-07-15
3085,9793b136,671,2,205,2,719fa89e,,,2026-07-15,2026-07-15
3086,e9f41e01,528,7,205,1,35f98e98,,,2026-07-15,2026-07-15
3087,35b67eb9,410,4,203,4,1e4cea7e,,,2026-07-15,2026-07-15
3088,bb69b17c,274,5,202,1,a30580a1,,,2026-07-15,2026-07-15
3089,fb962996,182,1,205,3,944084a9,,,2026-07-15,2026-07-15
3090,69af6568,454,3,202,3,de084e17,,,2026-07-15,2026-07-15
3091,e74879ce,709,6,202,3,0fbfd231,,,2026-07-15,2026-07-15
3092,835c2aa5,504,2,205,5,0cfefde4,,,2026-07-15,2026-07-15
3093,4de82cdc,306,3,204,2,d8a2bbd7,,,2026-07-15,2026-07-15
3094,b32809cb,438,2,203,5,7ad06864,,,2026-07-15,2026-07-15
3095,6a1e05eb,428,1,205,3,77449c06,,,2026-07-15,2026-07-15
3096,f2bdea55,527,3,204,3,d9c08140,,,2026-07-15,2026-07-15
3097,5b7312ef,620,7,201,1,3110a49a,,,2026-07-15,2026-07-15
3098,acc779d7,133,1,203,1,e89b35ce,,,2026-07-15,2026-07-15
3099,14977d32,232,6,202,4,96379792,,,2026-07-15,2026-07-15
3100,278b3898,367,6,201,1,e52f5ed8,,,2026-07-15,2026-07-15
3101,526a94de,124,5,205,2,1b14dcc9,,,2026-07-15,2026-07-15
3102,01ded660,431,2,204,1,531113e4,,,2026-07-15,2026-07-15
3103,add19c3e,472,5,201,1,7b868e56,,,2026-07-15,2026-07-15
3104,e1c87860,36,3,203,2,ee98f97e,,,2026-07-15,2026-07-15
3105,0c49e3cd,31,4,202,5,f0758699,,,2026-07-15,2026-07-15
3106,2a99852c,224,5,204,1,718406a2,,,2026-07-15,2026-07-15
3107,66f275d2,254,4,203,3,57be6156,,,2026-07-15,2026-07-15
3108,40dccad2,9,7,205,4,57be6156,,,2026-07-15,2026-07-15
3109,46285144,180,3,203,4,69b06aa6,,,2026-07-15,2026-07-15
3110,9dd00df4,461,6,205,1,ca496ce9,,,2026-07-15,2026-07-15
3111,214247a1,404,1,202,3,8993064a,,,2026-07-15,2026-07-15
3112,212c9953,38,5,203,2,ca496ce9,,,2026-07-15,2026-07-15
3113,8d7003f9,80,1,205,1,d2c89978,,,2026-07-15,2026-07-15
3114,079502c1,538,2,204,2,aaa7dca8,,,2026-07-15,2026-07-15
3115,a834919e,178,2,203,3,ddaa1bf9,,,2026-07-15,2026-07-15
3116,f1b74844,37,7,202,4,7ad06864,,,2026-07-15,2026-07-15
3117,28a136ed,156,3,202,1,e224a8c6,,,2026-07-15,2026-07-15
3118,6027861a,404,1,202,1,e52f5ed8,,,2026-07-15,2026-07-15
3119,6eea3ec6,88,2,202,5,5f2ab070,,,2026-07-15,2026-07-15
3120,736863bf,674,6,205,4,f0758699,,,2026-07-15,2026-07-15
3121,35057848,55,6,204,1,91a6c884,,,2026-07-15,2026-07-15
3122,04cd3a42,539,6,202,4,852032b7,,,2026-07-15,2026-07-15
3123,df86de54,540,1,202,3,bed1ac6c,,,2026-07-15,2026-07-15
3124,9754f145,144,6,202,3,c3a6c571,,,2026-07-15,2026-07-15
3125,dc837646,266,1,201,3,ec5b641f,,,2026-07-15,2026-07-15
3126,4639e9ef,387,6,205,5,97682d83,,,2026-07-15,2026-07-15
3127,457823c9,443,3,204,3,e52f5ed8,,,2026-07-15,2026-07-15
3128,2bdb522e,354,5,203,5,1e4cea7e,,,2026-07-15,2026-07-15
3129,a9cd4609,608,2,205,4,8125c6f0,,,2026-07-15,2026-07-15
3130,04e054dc,263,5,201,5,35f98e98,,,2026-07-15,2026-07-15
3131,f4bb0cc7,121,1,202,3,3a0f258a,,,2026-07-15,2026-07-15
3132,33a2a54a,145,5,201,5,f399f8e1,,,2026-07-15,2026-07-15
3133,670b1089,230,3,202,4,ae0deda5,,,2026-07-15,2026-07-15
3134,75a3df81,117,6,201,3,442d941c,,,2026-07-15,2026-07-15
3135,91742d55,642,1,204,4,4943c5d9,,,2026-07-15,2026-07-15
3136,9ba42e30,123,1,205,4,3f26afe9,,,2026-07-15,2026-07-15
3137,f5816473,670,3,202,1,3e66160b,,,2026-07-15,2026-07-15
3138,c4285508,318,6,205,5,95ec6e5b,,,2026-07-15,2026-07-15
3139,cb034751,287,4,201,2,abeb982e,,,2026-07-15,2026-07-15
3140,4f83adae,640,5,202,3,827ac471,,,2026-07-15,2026-07-15
3141,0322ae3f,351,7,201,3,fb5ef791,,,2026-07-15,2026-07-15
3142,b43969eb,507,5,201,5,ec486749,,,2026-07-15,2026-07-15
3143,3a857eee,438,3,205,2,63369e6c,,,2026-07-15,2026-07-15
3144,27f63d2b,388,6,202,1,5a53b8e9,,,2026-07-15,2026-07-15
3145,8d833209,418,4,203,1,3cc541a7,,,2026-07-15,2026-07-15
3146,454d5cf5,185,3,203,2,3929633d,,,2026-07-15,2026-07-15
3147,ca752468,360,2,202,5,1df1fe50,,,2026-07-15,2026-07-15
3148,c186dbbb,449,3,205,2,3110a49a,,,2026-07-15,2026-07-15
3149,c12347e6,359,4,205,1,b755ebae,,,2026-07-15,2026-07-15
3150,4befb843,4,2,203,2,e942aab7,,,2026-07-15,2026-07-15
3151,21edfa94,321,6,204,3,74258308,,,2026-07-15,2026-07-15
3152,0a7da3e3,181,4,201,5,a93aa731,,,2026-07-15,2026-07-15
3153,72f46a6e,101,2,202,2,1df1fe50,,,2026-07-15,2026-07-15
3154,b1125d7f,254,2,203,2,f27bb490,,,2026-07-15,2026-07-15
3155,0f0de84d,205,7,204,4,25b7eced,,,2026-07-15,2026-07-15
3156,6beaf446,156,1,205,4,a638b4b0,,,2026-07-15,2026-07-15
3157,5361dd60,636,4,201,3,f0924da4,,,2026-07-15,2026-07-15
3158,ae5baff5,461,5,202,2,550393a0,,,2026-07-15,2026-07-15
3159,bc08c30e,12,6,203,1,62bfa0d9,,,2026-07-15,2026-07-15
3160,3255c9c2,164,4,203,4,7bc42b05,,,2026-07-15,2026-07-15
3161,b843274f,164,3,205,1,c4cdb41c,,,2026-07-15,2026-07-15
3162,d3791ed2,13,7,202,1,72bc630e,,,2026-07-15,2026-07-15
3163,32d39f60,668,5,203,4,4db20d32,,,2026-07-15,2026-07-15
3164,d8e10dee,675,1,205,4,4392286c,,,2026-07-15,2026-07-15
3165,0f0dc333,166,5,203,4,c49ff99c,,,2026-07-15,2026-07-15
3166,68bd7d51,256,7,205,2,bed1ac6c,,,2026-07-15,2026-07-15
3167,c0e62d71,238,3,204,4,2c42c662,,,2026-07-15,2026-07-15
3168,84d51067,13,3,205,5,cd901af9,,,2026-07-15,2026-07-15
3169,b2e3a787,10,5,204,3,f7817da3,,,2026-07-15,2026-07-15
3170,b983d4de,195,2,202,3,f12d0983,,,2026-07-15,2026-07-15
3171,6c525430,395,3,201,2,3fc80484,,,2026-07-15,2026-07-15
3172,4599696f,43,6,205,5,bc297930,,,2026-07-15,2026-07-15
3173,5539dc00,516,3,202,2,dd88df46,,,2026-07-15,2026-07-15
3174,5297ce79,623,4,204,1,a84540d1,,,2026-07-15,2026-07-15
3175,c3ec9309,697,2,201,4,ada44e5b,,,2026-07-15,2026-07-15
3176,14ed7019,682,6,201,3,369a8438,,,2026-07-15,2026-07-15
3177,e3606a9f,437,4,203,3,ec5b641f,,,2026-07-15,2026-07-15
3178,7d3adda1,199,2,205,5,d8edbef1,,,2026-07-15,2026-07-15
3179,cfac83bf,559,3,204,4,0fbfd231,,,2026-07-15,2026-07-15
3180,026236ce,695,4,202,2,69956359,,,2026-07-15,2026-07-15
3181,6aed5195,187,4,204,4,e942aab7,,,2026-07-15,2026-07-15
3182,64bceac1,656,5,201,2,63369e6c,,,2026-07-15,2026-07-15
3183,86e8f8f0,455,1,201,5,e5d0ffbb,,,2026-07-15,2026-07-15
3184,3681877d,164,2,204,4,c05e9193,,,2026-07-15,2026-07-15
3185,290e5d4f,256,7,205,5,c6934f84,,,2026-07-15,2026-07-15
3186,63e8c309,633,2,202,2,289b72c4,,,2026-07-15,2026-07-15
3187,8df96690,168,6,203,3,6b71e7b7,,,2026-07-15,2026-07-15
3188,9a0ffe26,233,1,203,2,bc297930,,,2026-07-15,2026-07-15
3189,ba22ebb7,524,1,202,1,1e4cea7e,,,2026-07-15,2026-07-15
3190,be58044e,84,2,202,3,3973c30a,,,2026-07-15,2026-07-15
3191,3b36940e,394,4,202,3,4739f6d9,,,2026-07-15,2026-07-15
3192,c95e670a,415,3,203,1,95f70b4e,,,2026-07-15,2026-07-15
3193,d96cd334,285,3,201,3,b51ae2f1,,,2026-07-15,2026-07-15
3194,489a85fe,236,1,205,5,2f730975,,,2026-07-15,2026-07-15
3195,c0603d92,204,1,204,4,ed4939ed,,,2026-07-15,2026-07-15
3196,25826513,719,2,202,4,87830e43,,,2026-07-15,2026-07-15
3197,5732d2b5,51,3,202,5,9dd48364,,,2026-07-15,2026-07-15
3198,7d485eef,440,1,201,5,3f491b77,,,2026-07-15,2026-07-15
3199,06214082,393,3,204,4,205742d2,,,2026-07-15,2026-07-15
3200,9a8a2bf8,607,6,201,2,9349d295,,,2026-07-15,2026-07-15
3201,267d8efc,534,1,205,2,1b14dcc9,,,2026-07-15,2026-07-15
3202,26b7d116,377,1,204,1,b755ebae,,,2026-07-15,2026-07-15
3203,f8187c46,145,6,201,4,a0d8ebba,,,2026-07-15,2026-07-15
3204,6d6dd683,42,5,201,1,d1cd1e4d,,,2026-07-15,2026-07-15
3205,c252d4c4,406,1,202,5,ba285e29,,,2026-07-15,2026-07-15
3206,ec13147b,589,5,204,5,f22bf066,,,2026-07-15,2026-07-15
3207,9fd07fbd,473,5,203,1,68f3c4e5,,,2026-07-15,2026-07-15
3208,93f23ad1,246,4,205,5,99fed753,,,2026-07-15,2026-07-15
3209,e998b806,204,6,201,5,5e3a2195,,,2026-07-15,2026-07-15
3210,4bac0a7a,116,5,203,3,5a5bf759,,,2026-07-15,2026-07-15
3211,5ea9df14,176,6,203,3,03f0acfa,,,2026-07-15,2026-07-15
3212,56e072d2,584,4,204,1,95f70b4e,,,2026-07-15,2026-07-15
3213,d93964ee,615,2,202,2,531113e4,,,2026-07-15,2026-07-15
3214,b43ccef4,339,2,205,1,7704f92c,,,2026-07-15,2026-07-15
3215,96fd0c8d,241,5,203,1,ec5b641f,,,2026-07-15,2026-07-15
3216,6c28a2f7,373,4,204,1,2f730975,,,2026-07-15,2026-07-15
3217,82165485,240,5,203,3,cee867e3,,,2026-07-15,2026-07-15
3218,1ccc2fc3,335,7,204,5,6958bb49,,,2026-07-15,2026-07-15
3219,fcfc7a92,506,2,204,3,8b414a94,,,2026-07-15,2026-07-15
3220,d8f5bf57,278,4,205,4,9efecf41,,,2026-07-15,2026-07-15
3221,b7553ffa,504,6,202,4,1e6e7fcd,,,2026-07-15,2026-07-15
3222,5f8e56e3,312,1,204,2,208d275a,,,2026-07-15,2026-07-15
3223,ed1449bc,172,7,203,2,dd88df46,,,2026-07-15,2026-07-15
3224,5cb289e4,169,6,202,1,3cc541a7,,,2026-07-15,2026-07-15
3225,6f24d813,615,4,202,3,5e4299db,,,2026-07-15,2026-07-15
3226,0d74d059,403,3,204,2,57be6156,,,2026-07-15,2026-07-15
3227,9c1df58a,591,7,201,4,50987e86,,,2026-07-15,2026-07-15
3228,0c72cabd,274,5,202,5,0d4d4804,,,2026-07-15,2026-07-15
3229,4f43ddb0,388,6,203,1,3d6a9dc8,,,2026-07-15,2026-07-15
3230,e6aebf0c,671,5,203,3,6b71e7b7,,,2026-07-15,2026-07-15
3231,b7c0ce3d,421,7,204,1,dd3198d1,,,2026-07-15,2026-07-15
3232,8e63090e,578,4,201,2,25faaa82,,,2026-07-15,2026-07-15
3233,b79fc16f,709,3,202,4,69956359,,,2026-07-15,2026-07-15
3234,71d70b69,621,3,205,5,32029984,,,2026-07-15,2026-07-15
3235,1876fee7,23,5,201,5,d8a2bbd7,,,2026-07-15,2026-07-15
3236,715c284d,130,6,201,5,89eec31c,,,2026-07-15,2026-07-15
3237,72983872,501,5,205,5,27c530c5,,,2026-07-15,2026-07-15
3238,3aaf00ff,660,4,201,2,a1ba575a,,,2026-07-15,2026-07-15
3239,c13b1afd,540,3,205,4,df92d410,,,2026-07-15,2026-07-15
3240,4091cdbd,342,6,202,3,6f28469e,,,2026-07-15,2026-07-15
3241,f668ea79,263,3,205,5,70bfbcda,,,2026-07-15,2026-07-15
3242,05b7a29a,249,2,205,3,fb5ef791,,,2026-07-15,2026-07-15
3243,34634640,267,3,205,1,d88f6a7f,,,2026-07-15,2026-07-15
3244,4c3a02b1,593,1,202,1,69b06aa6,,,2026-07-15,2026-07-15
3245,21231ed1,692,3,201,5,61fab6f7,,,2026-07-15,2026-07-15
3246,bbfc81ee,417,2,203,4,442d941c,,,2026-07-15,2026-07-15
3247,38a0b2a6,154,2,202,1,df92d410,,,2026-07-15,2026-07-15
3248,f8e0cc4b,298,7,203,5,2f730975,,,2026-07-15,2026-07-15
3249,83dfa135,664,4,201,5,ba285e29,,,2026-07-15,2026-07-15
3250,23704831,388,7,202,3,8111bc07,,,2026-07-15,2026-07-15
3251,9643f91b,478,6,204,4,f7817da3,,,2026-07-15,2026-07-15
3252,c344d983,595,4,202,4,3fc80484,,,2026-07-15,2026-07-15
3253,090aa337,444,3,203,5,9349d295,,,2026-07-15,2026-07-15
3254,479d336b,616,2,205,2,247dccf1,,,2026-07-15,2026-07-15
3255,e038c0d3,187,7,204,4,c475f6fc,,,2026-07-15,2026-07-15
3256,6a85e1b7,505,3,204,2,082d21de,,,2026-07-15,2026-07-15
3257,4fd88ee9,705,5,201,2,15a65ae5,,,2026-07-15,2026-07-15
3258,17f5cf62,352,3,203,5,20f9eb9c,,,2026-07-15,2026-07-15
3259,7e83b0cf,210,1,202,4,aece207c,,,2026-07-15,2026-07-15
3260,386ec32f,340,5,204,3,6b3185b0,,,2026-07-15,2026-07-15
3261,42b12be1,216,1,204,4,fb87e33d,,,2026-07-15,2026-07-15
3262,44b1d1b4,594,2,204,5,a71b0343,,,2026-07-15,2026-07-15
3263,f2c6e54a,701,2,204,1,25b7eced,,,2026-07-15,2026-07-15
3264,7c0072b1,321,7,202,5,2f730975,,,2026-07-15,2026-07-15
3265,e8b737f9,642,7,201,3,cd901af9,,,2026-07-15,2026-07-15
3266,935555ad,413,4,205,5,ff142568,,,2026-07-15,2026-07-15
3267,42f18f7d,562,3,205,3,434c2454,,,2026-07-15,2026-07-15
3268,4adeb5ee,511,7,202,3,3973c30a,,,2026-07-15,2026-07-15
3269,2c0cb937,246,6,202,1,ec5b641f,,,2026-07-15,2026-07-15
3270,c2befd66,243,2,205,4,2a9b3aaa,,,2026-07-15,2026-07-15
3271,191eb826,660,2,202,2,2e179883,,,2026-07-15,2026-07-15
3272,357580d9,26,2,204,4,e1e17a72,,,2026-07-15,2026-07-15
3273,eca1ed47,242,5,202,3,b5297bc8,,,2026-07-15,2026-07-15
3274,060ab4a8,570,1,205,4,dfcfee6c,,,2026-07-15,2026-07-15
3275,a75abc46,379,3,202,5,bd4a772f,,,2026-07-15,2026-07-15
3276,351b5284,174,5,203,1,50641c23,,,2026-07-15,2026-07-15
3277,8c00e4c0,181,5,204,2,4907af8c,,,2026-07-15,2026-07-15
3278,eeae2662,613,6,202,3,442d941c,,,2026-07-15,2026-07-15
3279,0efb3f5e,136,3,201,2,84b47f93,,,2026-07-15,2026-07-15
3280,6db63218,517,3,205,4,3f491b77,,,2026-07-15,2026-07-15
3281,33512e54,442,3,202,1,195b4c1c,,,2026-07-15,2026-07-15
3282,a5e1c5b8,133,4,203,5,a008a294,,,2026-07-15,2026-07-15
3283,f5819cb6,155,4,202,5,cc9f65a9,,,2026-07-15,2026-07-15
3284,0e898b5c,9,6,205,5,750687ab,,,2026-07-15,2026-07-15
3285,821ce1a3,708,5,201,1,5482a297,,,2026-07-15,2026-07-15
3286,c444574d,494,1,203,4,550393a0,,,2026-07-15,2026-07-15
3287,cbb57e15,342,1,204,1,72bc630e,,,2026-07-15,2026-07-15
3288,eecd1f76,112,1,202,3,ac2c30bf,,,2026-07-15,2026-07-15
3289,fba6e11b,603,1,201,5,6b3185b0,,,2026-07-15,2026-07-15
3290,1ebdc127,138,5,203,2,3a1756fa,,,2026-07-15,2026-07-15
3291,63d3cfff,112,5,202,4,822c1444,,,2026-07-15,2026-07-15
3292,0c24db11,457,7,205,3,50987e86,,,2026-07-15,2026-07-15
3293,d2f88257,227,4,203,2,482ffe65,,,2026-07-15,2026-07-15
3294,b1148c47,329,5,203,1,38daf3c5,,,2026-07-15,2026-07-15
3295,eeee2a6c,543,2,203,3,de084e17,,,2026-07-15,2026-07-15
3296,427ad12a,630,1,204,4,b3125078,,,2026-07-15,2026-07-15
3297,31fc0563,625,5,201,3,10f10b2b,,,2026-07-15,2026-07-15
3298,337276da,559,7,204,4,7bc42b05,,,2026-07-15,2026-07-15
3299,cc2f6a58,143,4,205,5,2c42c662,,,2026-07-15,2026-07-15
3300,ae712c12,63,1,205,5,8a51bc70,,,2026-07-15,2026-07-15
3301,1c104185,702,6,204,3,8ad52b25,,,2026-07-15,2026-07-15
3302,7ab14e2a,78,3,205,1,e03caed0,,,2026-07-15,2026-07-15
3303,5b385b67,442,2,204,5,a93aa731,,,2026-07-15,2026-07-15
3304,a5cc263f,593,6,202,1,89c3a817,,,2026-07-15,2026-07-15
3305,29fc54b1,189,6,202,3,6b6d0941,,,2026-07-15,2026-07-15
3306,d1d6dc7f,606,3,204,5,2df8b6f4,,,2026-07-15,2026-07-15
3307,16f1f554,209,2,202,4,e0e8c2a1,,,2026-07-15,2026-07-15
3308,c080f404,354,6,203,2,dfe6e1ff,,,2026-07-15,2026-07-15
3309,dec987a9,69,1,204,5,425b1d3d,,,2026-07-15,2026-07-15
3310,dcb4a159,154,7,205,2,c1b30594,,,2026-07-15,2026-07-15
3311,0dc3d93e,364,7,202,2,27c530c5,,,2026-07-15,2026-07-15
3312,d01ed550,454,3,203,3,a71b0343,,,2026-07-15,2026-07-15
3313,e410cc08,209,5,201,2,69b06aa6,,,2026-07-15,2026-07-15
3314,0feb5b0a,470,6,204,1,0b6ae467,,,2026-07-15,2026-07-15
3315,e5a3403d,321,6,205,4,d8edbef1,,,2026-07-15,2026-07-15
3316,616ae9bc,182,5,203,2,5ae61d1c,,,2026-07-15,2026-07-15
3317,f18d2167,206,6,205,5,10f10b2b,,,2026-07-15,2026-07-15
3318,a817e4bf,32,5,202,4,febfde98,,,2026-07-15,2026-07-15
3319,bcf2578a,590,4,203,3,3a1756fa,,,2026-07-15,2026-07-15
3320,2a4e7fe3,284,3,201,5,96379792,,,2026-07-15,2026-07-15
3321,804681be,489,2,202,4,c88f1b8d,,,2026-07-15,2026-07-15
3322,0e1cd7a9,333,2,201,5,dfcfee6c,,,2026-07-15,2026-07-15
3323,68242a66,9,2,205,2,6601ea7f,,,2026-07-15,2026-07-15
3324,47624cf6,324,2,201,2,8111bc07,,,2026-07-15,2026-07-15
3325,8c3213c4,167,1,205,3,68f3c4e5,,,2026-07-15,2026-07-15
3326,721ee38d,320,6,203,5,bde42cc1,,,2026-07-15,2026-07-15
3327,3dc24473,51,5,204,4,970e594b,,,2026-07-15,2026-07-15
3328,71cde006,692,3,204,2,5e91ed7b,,,2026-07-15,2026-07-15
3329,03a0ed85,398,1,202,2,52368d16,,,2026-07-15,2026-07-15
3330,45c4b2b2,729,1,202,1,89eec31c,,,2026-07-15,2026-07-15
3331,e1b15640,131,5,204,4,cc9f65a9,,,2026-07-15,2026-07-15
3332,dbece14a,277,5,203,2,a0d8ebba,,,2026-07-15,2026-07-15
3333,9ea91eb9,625,7,203,3,1dc2bf91,,,2026-07-15,2026-07-15
3334,6a029818,497,1,205,5,750687ab,,,2026-07-15,2026-07-15
3335,963620d3,122,2,205,5,4bc76ae2,,,2026-07-15,2026-07-15
3336,271f1c3e,668,1,205,3,ee98f97e,,,2026-07-15,2026-07-15
3337,f842e5e6,32,4,201,5,1df1fe50,,,2026-07-15,2026-07-15
3338,a496c95c,633,7,202,4,69956359,,,2026-07-15,2026-07-15
3339,2b0956e5,521,4,201,3,315f550b,,,2026-07-15,2026-07-15
3340,134ee311,71,4,204,1,77449c06,,,2026-07-15,2026-07-15
3341,d57fef64,669,7,201,2,f2fc7978,,,2026-07-15,2026-07-15
3342,5cf2a0d4,729,5,204,3,8111bc07,,,2026-07-15,2026-07-15
3343,7d384d52,362,2,205,4,1f937553,,,2026-07-15,2026-07-15
3344,8fce4ad2,282,3,202,5,531113e4,,,2026-07-15,2026-07-15
3345,c3cadbed,474,2,201,4,bd47b713,,,2026-07-15,2026-07-15
3346,833e7309,51,3,203,5,f22bf066,,,2026-07-15,2026-07-15
3347,265edc99,420,4,201,2,4943c5d9,,,2026-07-15,2026-07-15
3348,b12d52ff,89,1,204,4,1139e59a,,,2026-07-15,2026-07-15
3349,7cfe9642,685,1,203,1,5a5bf759,,,2026-07-15,2026-07-15
3350,6177efc2,415,1,203,4,dfe6e1ff,,,2026-07-15,2026-07-15
3351,42c6b12c,263,1,202,4,ce1b52ae,,,2026-07-15,2026-07-15
3352,828d7b69,370,1,201,5,9efecf41,,,2026-07-15,2026-07-15
3353,0a5d755b,319,6,201,1,19a61dd4,,,2026-07-15,2026-07-15
3354,352d481a,484,3,201,2,e3ec02d4,,,2026-07-15,2026-07-15
3355,e4fca914,286,2,203,5,c50cc14e,,,2026-07-15,2026-07-15
3356,7f12e0e4,471,3,201,1,6601ea7f,,,2026-07-15,2026-07-15
3357,40d0256e,606,4,205,3,718406a2,,,2026-07-15,2026-07-15
3358,7a406dee,28,4,205,4,9efecf41,,,2026-07-15,2026-07-15
3359,b35ef21b,25,5,201,5,68f3c4e5,,,2026-07-15,2026-07-15
3360,eec13b92,92,4,203,1,a0d8ebba,,,2026-07-15,2026-07-15
3361,e7aa8342,335,4,202,3,a426a28e,,,2026-07-15,2026-07-15
3362,5faa22da,63,1,205,4,91a6c884,,,2026-07-15,2026-07-15
3363,c191d07f,300,5,202,2,f0924da4,,,2026-07-15,2026-07-15
3364,7e0c974b,707,3,203,5,6568690c,,,2026-07-15,2026-07-15
3365,02bfa293,257,3,203,4,a8a7db6d,,,2026-07-15,2026-07-15
3366,284d2fb6,475,2,203,3,2d4fce37,,,2026-07-15,2026-07-15
3367,16e6ee77,197,2,202,4,c4cdb41c,,,2026-07-15,2026-07-15
3368,653731c1,634,4,204,1,66299238,,,2026-07-15,2026-07-15
3369,d7f212a9,570,6,204,2,d88f6a7f,,,2026-07-15,2026-07-15
3370,a096aa31,164,1,202,4,bd47b713,,,2026-07-15,2026-07-15
3371,773697c0,517,1,201,3,37354f22,,,2026-07-15,2026-07-15
3372,796f83b1,489,4,201,1,ec5b641f,,,2026-07-15,2026-07-15
3373,dd0d5926,237,4,205,1,60ce4ade,,,2026-07-15,2026-07-15
3374,b9745867,14,7,202,2,14a4c03c,,,2026-07-15,2026-07-15
3375,a4cd3181,85,2,201,2,4049e911,,,2026-07-15,2026-07-15
3376,9c260b41,703,1,202,2,0b6ae467,,,2026-07-15,2026-07-15
3377,67d2378a,98,6,202,1,7fddfb89,,,2026-07-15,2026-07-15
3378,448da4d2,598,6,204,4,ae18638f,,,2026-07-15,2026-07-15
3379,62fdf0a6,596,6,203,5,2df8b6f4,,,2026-07-15,2026-07-15
3380,6c04acbb,288,5,204,4,c50cc14e,,,2026-07-15,2026-07-15
3381,1061d0b2,712,6,204,5,e75bb09b,,,2026-07-15,2026-07-15
3382,160c2835,194,2,205,2,25faaa82,,,2026-07-15,2026-07-15
3383,3ea88a8b,243,4,201,5,4049e911,,,2026-07-15,2026-07-15
3384,1b0852a5,720,3,201,2,f6ab1ed5,,,2026-07-15,2026-07-15
3385,7046e737,161,3,205,1,77c6d634,,,2026-07-15,2026-07-15
3386,f817105c,336,4,203,5,69b06aa6,,,2026-07-15,2026-07-15
3387,d8638ffc,391,2,203,4,4943c5d9,,,2026-07-15,2026-07-15
3388,23acb5f1,499,2,205,4,bed1ac6c,,,2026-07-15,2026-07-15
3389,b1d9d38d,397,4,204,3,8111bc07,,,2026-07-15,2026-07-15
3390,c00d7cf5,597,1,202,4,efc887b8,,,2026-07-15,2026-07-15
3391,f66bbee8,476,2,204,4,d92199d8,,,2026-07-15,2026-07-15
3392,4fb2b764,654,2,201,1,f033669c,,,2026-07-15,2026-07-15
3393,b703f96d,327,7,203,5,d8edbef1,,,2026-07-15,2026-07-15
3394,f442f85d,412,3,202,5,4960cc67,,,2026-07-15,2026-07-15
3395,84f8ffeb,115,4,201,3,abeb982e,,,2026-07-15,2026-07-15
3396,bb8543f0,489,6,203,1,70bfbcda,,,2026-07-15,2026-07-15
3397,159e52f7,455,4,202,2,e3ec02d4,,,2026-07-15,2026-07-15
3398,8da80683,44,4,205,2,2c42c662,,,2026-07-15,2026-07-15
3399,5296f043,54,5,202,4,f399f8e1,,,2026-07-15,2026-07-15
3400,e860b47a,208,6,202,4,1e4cea7e,,,2026-07-15,2026-07-15
3401,e0fc55f1,461,6,203,3,e0d2a5f3,,,2026-07-15,2026-07-15
3402,9e99041e,537,2,203,5,49fdea5f,,,2026-07-15,2026-07-15
3403,17b87503,665,7,201,5,4907af8c,,,2026-07-15,2026-07-15
3404,fb7c70e7,399,6,201,5,50987e86,,,2026-07-15,2026-07-15
3405,6b44ba36,357,1,203,5,68f3c4e5,,,2026-07-15,2026-07-15
3406,fb7ec3fb,680,4,201,4,4739f6d9,,,2026-07-15,2026-07-15
3407,eea3f114,27,6,203,4,a1ba575a,,,2026-07-15,2026-07-15
3408,0e69ceb4,665,7,204,4,e1e17a72,,,2026-07-15,2026-07-15
3409,332e6441,388,3,205,5,50987e86,,,2026-07-15,2026-07-15
3410,0e650a77,257,4,201,3,2d45f6bd,,,2026-07-15,2026-07-15
3411,1076885f,314,2,204,4,a5d658b7,,,2026-07-15,2026-07-15
3412,5e0891cf,397,1,204,3,d8a2bbd7,,,2026-07-15,2026-07-15
3413,ca5ed26c,77,1,202,3,1d498af8,,,2026-07-15,2026-07-15
3414,e5f82401,379,2,204,3,a0d8ebba,,,2026-07-15,2026-07-15
3415,e4181e20,8,3,204,2,ac535caa,,,2026-07-15,2026-07-15
3416,5df4b5c1,416,4,204,5,822c1444,,,2026-07-15,2026-07-15
3417,1c30dd66,502,7,204,2,1d498af8,,,2026-07-15,2026-07-15
3418,03a0d4da,438,7,203,3,b4ca029a,,,2026-07-15,2026-07-15
3419,8daf70ec,58,1,201,3,c578c38f,,,2026-07-15,2026-07-15
3420,9e4e4f00,633,1,204,1,5e91ed7b,,,2026-07-15,2026-07-15
3421,1005aba3,168,6,204,2,3d657bb9,,,2026-07-15,2026-07-15
3422,ae58ef7f,686,2,205,1,b730e9e6,,,2026-07-15,2026-07-15
3423,706e060b,349,7,201,2,5ae61d1c,,,2026-07-15,2026-07-15
3424,a1012c40,350,6,203,1,4799194e,,,2026-07-15,2026-07-15
3425,3d9b6aff,269,1,203,5,3c63e5d3,,,2026-07-15,2026-07-15
3426,a33a7dd0,125,4,204,2,fdb588e8,,,2026-07-15,2026-07-15
3427,27ed99df,338,6,202,5,ede49010,,,2026-07-15,2026-07-15
3428,844ddb84,586,4,203,3,72b21457,,,2026-07-15,2026-07-15
3429,cbf9c1b8,491,3,205,1,0cfefde4,,,2026-07-15,2026-07-15
3430,ba65c117,515,2,202,4,d92199d8,,,2026-07-15,2026-07-15
3431,21bdea08,672,3,201,4,bd5892a8,,,2026-07-15,2026-07-15
3432,6039fcff,76,5,202,4,84b47f93,,,2026-07-15,2026-07-15
3433,e4e5ee8d,258,6,201,5,2df31d11,,,2026-07-15,2026-07-15
3434,6b1e5a8b,510,4,203,4,25b7eced,,,2026-07-15,2026-07-15
3435,115a8b8e,184,5,205,5,68f3c4e5,,,2026-07-15,2026-07-15
3436,2af02913,535,5,204,3,550393a0,,,2026-07-15,2026-07-15
3437,49df40bb,583,1,203,1,15a65ae5,,,2026-07-15,2026-07-15
3438,f108c329,207,3,205,2,a93aa731,,,2026-07-15,2026-07-15
3439,afb33a88,52,2,205,1,d8a2bbd7,,,2026-07-15,2026-07-15
3440,ddb7dd2d,475,1,202,5,465c1c13,,,2026-07-15,2026-07-15
3441,17bc08ce,211,1,202,5,ada44e5b,,,2026-07-15,2026-07-15
3442,65c10f4f,561,6,203,3,2e179883,,,2026-07-15,2026-07-15
3443,8d558c07,506,6,204,2,2df31d11,,,2026-07-15,2026-07-15
3444,b21fdb48,41,1,205,2,32029984,,,2026-07-15,2026-07-15
3445,ccdca650,618,4,204,2,8ad52b25,,,2026-07-15,2026-07-15
3446,5fd95fae,696,1,201,5,0968f5a7,,,2026-07-15,2026-07-15
3447,1e22306a,424,5,201,2,a30580a1,,,2026-07-15,2026-07-15
3448,d5e2a083,722,3,201,3,41087c74,,,2026-07-15,2026-07-15
3449,36bc37e4,40,6,203,4,bd5892a8,,,2026-07-15,2026-07-15
3450,0e3d5af6,275,1,205,4,c4993de9,,,2026-07-15,2026-07-15
3451,e2f21b0c,429,7,202,3,c6934f84,,,2026-07-15,2026-07-15
3452,f53e1141,312,4,205,3,15a65ae5,,,2026-07-15,2026-07-15
3453,81185636,681,5,203,2,1aaa9d3a,,,2026-07-15,2026-07-15
3454,b04ede58,500,5,204,1,3184736b,,,2026-07-15,2026-07-15
3455,464728f0,627,4,205,2,6568690c,,,2026-07-15,2026-07-15
3456,72501fde,390,2,204,1,2df31d11,,,2026-07-15,2026-07-15
3457,1aa59ba4,659,2,202,3,a84540d1,,,2026-07-15,2026-07-15
3458,c626e7c1,312,7,204,3,6958bb49,,,2026-07-15,2026-07-15
3459,df0c9866,554,3,203,3,2c760828,,,2026-07-15,2026-07-15
3460,91a48624,641,6,202,1,f27bb490,,,2026-07-15,2026-07-15
3461,779dd1d0,388,3,201,2,dfcfee6c,,,2026-07-15,2026-07-15
3462,9b0e7668,375,1,202,5,c475f6fc,,,2026-07-15,2026-07-15
3463,b647082b,212,7,202,3,4907af8c,,,2026-07-15,2026-07-15
3464,63e3b2b7,340,2,205,1,43cbe6fa,,,2026-07-15,2026-07-15
3465,456cc822,621,3,203,2,57221ec9,,,2026-07-15,2026-07-15
3466,abff8033,338,4,203,5,aece207c,,,2026-07-15,2026-07-15
3467,9e452be5,690,4,202,3,3973c30a,,,2026-07-15,2026-07-15
3468,58354e1f,520,7,205,5,036ada7f,,,2026-07-15,2026-07-15
3469,9cfd1a00,557,5,203,4,548dc0b3,,,2026-07-15,2026-07-15
3470,c3113b36,2,1,203,2,247dccf1,,,2026-07-15,2026-07-15
3471,9b74c386,578,4,201,5,0cfefde4,,,2026-07-15,2026-07-15
3472,5db9aa10,683,1,201,1,de084e17,,,2026-07-15,2026-07-15
3473,262343e1,601,3,203,5,465c1c13,,,2026-07-15,2026-07-15
3474,ac90d99e,270,4,202,1,c475f6fc,,,2026-07-15,2026-07-15
3475,30ec02a4,655,1,201,1,37354f22,,,2026-07-15,2026-07-15
3476,2a8d7469,245,6,202,2,6ef9ace3,,,2026-07-15,2026-07-15
3477,ecf323a9,350,5,205,3,5dff7cb7,,,2026-07-15,2026-07-15
3478,667f0184,239,2,204,3,944084a9,,,2026-07-15,2026-07-15
3479,b041426b,251,4,202,5,abeb982e,,,2026-07-15,2026-07-15
3480,0e983385,595,2,201,1,35acd685,,,2026-07-15,2026-07-15
3481,c5dd09b7,573,3,204,4,531113e4,,,2026-07-15,2026-07-15
3482,7097a13d,346,4,203,5,bde42cc1,,,2026-07-15,2026-07-15
3483,5e393e71,187,2,205,4,ae18638f,,,2026-07-15,2026-07-15
3484,280cb87e,418,3,201,2,4049e911,,,2026-07-15,2026-07-15
3485,c7d35625,271,7,205,1,6c4f0c4c,,,2026-07-15,2026-07-15
3486,034c1ced,35,1,201,5,2a9b3aaa,,,2026-07-15,2026-07-15
3487,ad2438ae,707,2,202,3,208d275a,,,2026-07-15,2026-07-15
3488,ebbd6d69,530,5,205,3,944084a9,,,2026-07-15,2026-07-15
3489,7e6059c9,604,2,204,4,b5297bc8,,,2026-07-15,2026-07-15
3490,5e06cd14,413,6,201,4,60c38ae4,,,2026-07-15,2026-07-15
3491,7b20d425,554,5,201,1,aece207c,,,2026-07-15,2026-07-15
3492,a4b75f64,26,2,204,3,0d484e5f,,,2026-07-15,2026-07-15
3493,7de83604,505,2,201,2,860df6aa,,,2026-07-15,2026-07-15
3494,ad3bc560,196,7,205,4,dfe6e1ff,,,2026-07-15,2026-07-15
3495,a163652d,303,4,202,1,f971e386,,,2026-07-15,2026-07-15
3496,a0997e09,199,2,203,2,60c38ae4,,,2026-07-15,2026-07-15
3497,207b9854,169,7,204,2,95f70b4e,,,2026-07-15,2026-07-15
3498,0c62e5f2,637,2,201,4,f18b66c1,,,2026-07-15,2026-07-15
3499,f1b87912,468,3,204,1,8d3cc46f,,,2026-07-15,2026-07-15
3500,4bfb2c05,560,7,203,1,822c1444,,,2026-07-15,2026-07-15
3501,ebcbc169,452,2,203,3,4aeffd09,,,2026-07-15,2026-07-15
3502,666805b3,84,1,202,2,7b868e56,,,2026-07-15,2026-07-15
3503,729412d4,17,3,205,2,0d484e5f,,,2026-07-15,2026-07-15
3504,144da9ee,442,6,201,1,5ae61d1c,,,2026-07-15,2026-07-15
3505,21b6032c,199,7,205,3,7643c1ee,,,2026-07-15,2026-07-15
3506,6ad58bbd,108,3,201,2,6b71e7b7,,,2026-07-15,2026-07-15
3507,33a5b41f,82,3,203,4,3c63e5d3,,,2026-07-15,2026-07-15
3508,b2bb8bc5,434,4,203,1,a79b76cb,,,2026-07-15,2026-07-15
3509,64d7d3c5,118,3,204,4,8111bc07,,,2026-07-15,2026-07-15
3510,e4f9a65c,382,6,204,2,7b868e56,,,2026-07-15,2026-07-15
3511,1544a9d7,647,2,202,3,f248f0c6,,,2026-07-15,2026-07-15
3512,e085156c,116,3,205,4,d88f6a7f,,,2026-07-15,2026-07-15
3513,1f299220,153,2,203,1,c4cdb41c,,,2026-07-15,2026-07-15
3514,6b5659fd,2,6,205,5,87830e43,,,2026-07-15,2026-07-15
3515,b807146a,450,3,201,5,7e1de19d,,,2026-07-15,2026-07-15
3516,fae4c153,23,5,201,1,6b71e7b7,,,2026-07-15,2026-07-15
3517,ad8dea5d,552,4,201,2,18d773af,,,2026-07-15,2026-07-15
3518,79d90d18,543,6,204,3,52b3375c,,,2026-07-15,2026-07-15
3519,f4bebb12,3,3,201,3,b4ca029a,,,2026-07-15,2026-07-15
3520,ad9d2424,201,3,204,1,c49ff99c,,,2026-07-15,2026-07-15
3521,97c945e8,71,6,204,2,b03540b1,,,2026-07-15,2026-07-15
3522,b1fe757f,108,2,202,1,5a53b8e9,,,2026-07-15,2026-07-15
3523,bc0f2458,143,1,201,2,e224a8c6,,,2026-07-15,2026-07-15
3524,6eec6a87,61,6,204,4,c578c38f,,,2026-07-15,2026-07-15
3525,028272fb,94,1,204,5,1aaa9d3a,,,2026-07-15,2026-07-15
3526,37f93f8b,128,3,204,2,6f28469e,,,2026-07-15,2026-07-15
3527,50a8940f,631,5,203,4,25b7eced,,,2026-07-15,2026-07-15
3528,835df408,448,2,203,4,2dcdeda3,,,2026-07-15,2026-07-15
3529,826f978e,615,2,202,5,eb3c1fb7,,,2026-07-15,2026-07-15
3530,f0d41af9,394,3,203,2,f169683e,,,2026-07-15,2026-07-15
3531,9751cfc0,301,3,202,5,9e7dae2e,,,2026-07-15,2026-07-15
3532,7874df1b,299,3,203,5,43b89e78,,,2026-07-15,2026-07-15
3533,86477493,543,7,204,2,7f1bca00,,,2026-07-15,2026-07-15
3534,524299e3,284,7,201,5,ef5f41ce,,,2026-07-15,2026-07-15
3535,dc735dd7,169,2,201,2,d2599bb6,,,2026-07-15,2026-07-15
3536,dd33541f,6,2,205,5,7f1bca00,,,2026-07-15,2026-07-15
3537,883c50f4,489,4,205,4,195b4c1c,,,2026-07-15,2026-07-15
3538,20c791f5,83,4,204,1,6c4f0c4c,,,2026-07-15,2026-07-15
3539,5b69f05a,27,1,203,3,346c1416,,,2026-07-15,2026-07-15
3540,a394d81e,573,1,201,3,74258308,,,2026-07-15,2026-07-15
3541,1b2fa771,667,2,203,1,4bc76ae2,,,2026-07-15,2026-07-15
3542,fa8e282f,700,3,205,1,f248f0c6,,,2026-07-15,2026-07-15
3543,49f76d48,442,7,203,2,70bfbcda,,,2026-07-15,2026-07-15
3544,d88f99fa,655,4,202,4,95f70b4e,,,2026-07-15,2026-07-15
3545,8b247ef5,405,2,202,2,0b454108,,,2026-07-15,2026-07-15
3546,43e1c05e,418,1,202,5,3110a49a,,,2026-07-15,2026-07-15
3547,05f8c8ac,491,1,205,2,a84540d1,,,2026-07-15,2026-07-15
3548,d55b31bf,86,1,201,1,d88f6a7f,,,2026-07-15,2026-07-15
3549,d8a919ee,310,1,205,1,f0924da4,,,2026-07-15,2026-07-15
3550,83bb735d,61,2,201,5,c475f6fc,,,2026-07-15,2026-07-15
3551,2f564445,642,2,203,2,f033669c,,,2026-07-15,2026-07-15
3552,248516e2,50,1,201,1,69b06aa6,,,2026-07-15,2026-07-15
3553,1d1ba858,566,1,201,4,ce1b52ae,,,2026-07-15,2026-07-15
3554,1c9fb5c7,395,4,201,1,b5297bc8,,,2026-07-15,2026-07-15
3555,f5e28135,440,6,203,1,8ad52b25,,,2026-07-15,2026-07-15
3556,8c52d36d,157,2,202,4,c4993de9,,,2026-07-15,2026-07-15
3557,92d03b87,92,1,205,2,ed4939ed,,,2026-07-15,2026-07-15
3558,23a10609,46,1,202,5,3fc80484,,,2026-07-15,2026-07-15
3559,074c89db,296,6,205,4,8111bc07,,,2026-07-15,2026-07-15
3560,399c2dac,642,3,203,1,5905a3e7,,,2026-07-15,2026-07-15
3561,dbea46a7,437,2,201,3,f18b66c1,,,2026-07-15,2026-07-15
3562,697b970c,678,6,204,2,c3a6c571,,,2026-07-15,2026-07-15
3563,11f9d008,688,6,204,3,a638b4b0,,,2026-07-15,2026-07-15
3564,79e03ce8,561,4,203,1,b716556b,,,2026-07-15,2026-07-15
3565,3f77d865,74,7,201,2,f399f8e1,,,2026-07-15,2026-07-15
3566,d50c4b42,610,3,204,4,cd901af9,,,2026-07-15,2026-07-15
3567,2df80e98,33,1,203,2,1b14dcc9,,,2026-07-15,2026-07-15
3568,cbfa1834,576,1,205,2,b716556b,,,2026-07-15,2026-07-15
3569,1092a74c,577,7,201,4,bed1ac6c,,,2026-07-15,2026-07-15
3570,346d0d9e,57,6,202,4,b730e9e6,,,2026-07-15,2026-07-15
3571,6bfb6f39,599,5,201,3,c578c38f,,,2026-07-15,2026-07-15
3572,ec8d2fd4,596,3,204,1,b755ebae,,,2026-07-15,2026-07-15
3573,2680c093,26,4,202,2,7b748fb3,,,2026-07-15,2026-07-15
3574,c9b0d5c9,232,3,203,5,0fbfd231,,,2026-07-15,2026-07-15
3575,e1b45739,522,7,203,4,35f98e98,,,2026-07-15,2026-07-15
3576,072bba86,524,6,202,1,77449c06,,,2026-07-15,2026-07-15
3577,01e499d3,25,7,204,2,442d941c,,,2026-07-15,2026-07-15
3578,e2e91e80,317,4,201,2,163d0b32,,,2026-07-15,2026-07-15
3579,648e6d6b,590,1,204,4,c7ead2cc,,,2026-07-15,2026-07-15
3580,f8456930,129,7,204,1,b4ca029a,,,2026-07-15,2026-07-15
3581,cb9fea04,557,2,204,4,8ad52b25,,,2026-07-15,2026-07-15
3582,0ecf1e3a,126,3,203,3,95f70b4e,,,2026-07-15,2026-07-15
3583,37fc6970,612,3,201,3,943eab83,,,2026-07-15,2026-07-15
3584,04c65443,649,5,203,3,66299238,,,2026-07-15,2026-07-15
3585,5bd51194,75,4,202,1,20f9eb9c,,,2026-07-15,2026-07-15
3586,917692e0,379,2,205,4,50987e86,,,2026-07-15,2026-07-15
3587,16f0483d,483,7,201,5,a84540d1,,,2026-07-15,2026-07-15
3588,d1487408,200,5,205,3,3fc80484,,,2026-07-15,2026-07-15
3589,82f7b401,36,5,201,3,c1b30594,,,2026-07-15,2026-07-15
3590,71116e97,462,7,201,5,a040e169,,,2026-07-15,2026-07-15
3591,7ed8829f,263,5,201,3,63369e6c,,,2026-07-15,2026-07-15
3592,8cbc388f,485,3,201,5,195b4c1c,,,2026-07-15,2026-07-15
3593,a9b49e77,176,2,202,3,ec486749,,,2026-07-15,2026-07-15
3594,5657c7d3,65,6,205,4,c4993de9,,,2026-07-15,2026-07-15
3595,2ed39da0,330,7,204,5,6958bb49,,,2026-07-15,2026-07-15
3596,e3c69950,195,3,204,4,021c675d,,,2026-07-15,2026-07-15
3597,7e59fae5,167,6,204,2,63baf574,,,2026-07-15,2026-07-15
3598,b4cdfa64,681,7,202,4,5e4299db,,,2026-07-15,2026-07-15
3599,934de8c5,524,3,205,4,e0e8c2a1,,,2026-07-15,2026-07-15
3600,f41a5d17,646,6,203,4,c05e9193,,,2026-07-15,2026-07-15
3601,e54d6353,605,2,201,4,628a4d89,,,2026-07-15,2026-07-15
3602,8142d49c,646,5,203,2,6a0cd270,,,2026-07-15,2026-07-15
3603,12159549,163,5,205,3,6958bb49,,,2026-07-15,2026-07-15
3604,9722b98f,568,2,201,1,7b868e56,,,2026-07-15,2026-07-15
3605,27795d97,63,1,204,1,c1b30594,,,2026-07-15,2026-07-15
3606,3d131746,451,1,202,2,35f98e98,,,2026-07-15,2026-07-15
3607,61356a2a,723,1,205,1,d8b06558,,,2026-07-15,2026-07-15
3608,fd15227e,260,7,201,3,60ce4ade,,,2026-07-15,2026-07-15
3609,26534760,376,4,203,2,43cbe6fa,,,2026-07-15,2026-07-15
3610,e3a27796,677,5,204,2,e03caed0,,,2026-07-15,2026-07-15
3611,ed331ac2,622,7,205,4,9349d295,,,2026-07-15,2026-07-15
3612,56ccb9d3,315,1,203,4,7b868e56,,,2026-07-15,2026-07-15
3613,59c32ab7,127,1,202,5,62bfa0d9,,,2026-07-15,2026-07-15
3614,fdb4017d,454,5,201,4,0b454108,,,2026-07-15,2026-07-15
3615,40aa70bf,475,5,201,2,e89b35ce,,,2026-07-15,2026-07-15
3616,4060ade2,575,4,201,5,61fab6f7,,,2026-07-15,2026-07-15
3617,c7245b11,419,4,203,2,7e22a2b5,,,2026-07-15,2026-07-15
3618,6c6fcf52,600,5,205,2,8a51bc70,,,2026-07-15,2026-07-15
3619,bfa3e3da,303,1,201,5,cb8ec133,,,2026-07-15,2026-07-15
3620,2de41193,225,2,204,4,944084a9,,,2026-07-15,2026-07-15
3621,931b66f8,633,5,201,4,4d5e252e,,,2026-07-15,2026-07-15
3622,b314014f,36,4,202,1,e224a8c6,,,2026-07-15,2026-07-15
3623,954c3e43,99,1,203,2,7643c1ee,,,2026-07-15,2026-07-15
3624,fbcad014,114,3,201,2,f0758699,,,2026-07-15,2026-07-15
3625,e73ebe78,136,3,201,3,b68bef7e,,,2026-07-15,2026-07-15
3626,c36545be,248,2,204,4,1a601f48,,,2026-07-15,2026-07-15
3627,63bbaba1,694,3,205,1,1aaa9d3a,,,2026-07-15,2026-07-15
3628,89b829ee,57,6,203,1,1d498af8,,,2026-07-15,2026-07-15
3629,b4bcdfff,482,3,203,5,eb3c1fb7,,,2026-07-15,2026-07-15
3630,a0c22bf0,225,6,202,4,8ad52b25,,,2026-07-15,2026-07-15
3631,9b40a0eb,385,2,202,2,bed1ac6c,,,2026-07-15,2026-07-15
3632,b5bba89e,392,7,201,3,efc887b8,,,2026-07-15,2026-07-15
3633,5259050e,207,2,201,1,ed4939ed,,,2026-07-15,2026-07-15
3634,9fcc57d0,560,1,205,5,a79b76cb,,,2026-07-15,2026-07-15
3635,90c33b89,341,1,202,5,346c1416,,,2026-07-15,2026-07-15
3636,64f8d3ab,164,7,201,3,6958bb49,,,2026-07-15,2026-07-15
3637,1633d4ab,625,4,204,3,62bfa0d9,,,2026-07-15,2026-07-15
3638,e1dee90f,244,7,201,2,195b4c1c,,,2026-07-15,2026-07-15
3639,14973113,337,3,204,4,195b4c1c,,,2026-07-15,2026-07-15
3640,6f2e8133,354,3,204,1,b716556b,,,2026-07-15,2026-07-15
3641,453db7c5,114,6,205,4,482ffe65,,,2026-07-15,2026-07-15
3642,c4270bf9,658,1,203,5,b427b66b,,,2026-07-15,2026-07-15
3643,ab54a2e4,550,7,204,5,bb9d2955,,,2026-07-15,2026-07-15
3644,a59f0849,364,6,205,3,f27a730c,,,2026-07-15,2026-07-15
3645,7cc68ae0,206,1,205,4,bde42cc1,,,2026-07-15,2026-07-15
3646,871a8b07,625,3,202,4,4db20d32,,,2026-07-15,2026-07-15
3647,3ef4ba58,416,3,203,2,3d6a9dc8,,,2026-07-15,2026-07-15
3648,19d3758a,199,4,205,1,e89b35ce,,,2026-07-15,2026-07-15
3649,de91bb49,252,6,204,5,b68bef7e,,,2026-07-15,2026-07-15
3650,3ae8b912,533,1,201,3,0cfefde4,,,2026-07-15,2026-07-15
3651,c42fe800,570,2,203,5,15a65ae5,,,2026-07-15,2026-07-15
3652,c4da716e,659,6,204,2,8a51bc70,,,2026-07-15,2026-07-15
3653,e1aa7d9a,127,2,204,5,43cbe6fa,,,2026-07-15,2026-07-15
3654,437abd2e,416,4,202,2,6b71e7b7,,,2026-07-15,2026-07-15
3655,3f762878,128,2,203,5,fdb588e8,,,2026-07-15,2026-07-15
3656,84109ce6,712,2,203,3,a93aa731,,,2026-07-15,2026-07-15
3657,335df19a,643,6,204,5,e5d0ffbb,,,2026-07-15,2026-07-15
3658,76c1fc42,55,7,203,3,4ce20b01,,,2026-07-15,2026-07-15
3659,3abbeda6,487,6,202,3,ae18638f,,,2026-07-15,2026-07-15
3660,5458681d,133,3,203,2,6f28469e,,,2026-07-15,2026-07-15
3661,226fc013,330,7,205,1,ac535caa,,,2026-07-15,2026-07-15
3662,d515bfda,143,6,201,3,10f10b2b,,,2026-07-15,2026-07-15
3663,eeae6438,293,3,202,5,89eec31c,,,2026-07-15,2026-07-15
3664,14607e34,584,6,202,2,c05e9193,,,2026-07-15,2026-07-15
3665,4b7b91f1,285,6,205,1,425b1d3d,,,2026-07-15,2026-07-15
3666,eb71f4ac,246,3,204,5,f0758699,,,2026-07-15,2026-07-15
3667,c482cd5d,305,7,205,4,6780333b,,,2026-07-15,2026-07-15
3668,af61f148,706,6,203,5,77c6d634,,,2026-07-15,2026-07-15
3669,6355f882,577,5,204,5,6f28469e,,,2026-07-15,2026-07-15
3670,0527cef9,285,1,205,5,ca496ce9,,,2026-07-15,2026-07-15
3671,1086489a,2,2,205,5,208d275a,,,2026-07-15,2026-07-15
3672,c6047f3f,36,4,203,1,7ad06864,,,2026-07-15,2026-07-15
3673,0575bc88,708,5,205,5,9e7dae2e,,,2026-07-15,2026-07-15
3674,c150bd6a,563,1,201,4,20f9eb9c,,,2026-07-15,2026-07-15
3675,5a548a61,597,4,202,3,3d657bb9,,,2026-07-15,2026-07-15
3676,60d7fcfa,618,7,201,5,2d4fce37,,,2026-07-15,2026-07-15
3677,7f6b9d51,644,7,201,2,60c38ae4,,,2026-07-15,2026-07-15
3678,c2a572a5,171,1,202,5,66299238,,,2026-07-15,2026-07-15
3679,e1f31a89,277,6,205,1,112f9cab,,,2026-07-15,2026-07-15
3680,a95ddf75,187,6,202,2,7e22a2b5,,,2026-07-15,2026-07-15
3681,76c0048d,249,3,202,3,56205f69,,,2026-07-15,2026-07-15
3682,8e714f48,272,4,203,5,43cbe6fa,,,2026-07-15,2026-07-15
3683,b42454d9,549,6,205,1,a79b76cb,,,2026-07-15,2026-07-15
3684,12980b09,120,2,203,3,91c9bcd7,,,2026-07-15,2026-07-15
3685,e01cda71,205,1,204,4,7704f92c,,,2026-07-15,2026-07-15
3686,972975e2,214,3,201,1,205742d2,,,2026-07-15,2026-07-15
3687,b3133d3e,256,5,202,2,b51ae2f1,,,2026-07-15,2026-07-15
3688,0d94160b,475,4,201,3,ef75b4bf,,,2026-07-15,2026-07-15
3689,4c9eb800,312,5,201,3,a426a28e,,,2026-07-15,2026-07-15
3690,1cbc8a34,342,4,203,2,c84a0390,,,2026-07-15,2026-07-15
3691,c9f0d8b9,330,5,203,3,03f0acfa,,,2026-07-15,2026-07-15
3692,c1eb4dad,711,7,201,3,c7ead2cc,,,2026-07-15,2026-07-15
3693,f96c78f6,417,4,203,3,95f70b4e,,,2026-07-15,2026-07-15
3694,0b90caaf,457,6,203,4,0a18e760,,,2026-07-15,2026-07-15
3695,e2c1f59d,153,4,205,4,b51ae2f1,,,2026-07-15,2026-07-15
3696,7e0e8983,711,3,203,1,c578c38f,,,2026-07-15,2026-07-15
3697,4ed3c608,386,1,201,4,2c42c662,,,2026-07-15,2026-07-15
3698,8597436c,138,1,204,3,ac2c30bf,,,2026-07-15,2026-07-15
3699,e56781b3,588,4,202,3,5f2ab070,,,2026-07-15,2026-07-15
3700,ff7bed00,236,3,205,5,fb5ef791,,,2026-07-15,2026-07-15
3701,e2eb8df1,235,4,202,5,1a601f48,,,2026-07-15,2026-07-15
3702,e6570316,173,6,202,5,5e91ed7b,,,2026-07-15,2026-07-15
3703,f79c9a7f,25,1,202,2,3d657bb9,,,2026-07-15,2026-07-15
3704,3cf54749,641,5,205,5,35f98e98,,,2026-07-15,2026-07-15
3705,1c017218,493,6,204,4,6ee48559,,,2026-07-15,2026-07-15
3706,655b1226,302,6,203,4,f033669c,,,2026-07-15,2026-07-15
3707,95df8691,498,3,201,2,e03caed0,,,2026-07-15,2026-07-15
3708,a1bc6903,155,6,201,4,3f09714a,,,2026-07-15,2026-07-15
3709,c1883070,541,4,205,2,ef75b4bf,,,2026-07-15,2026-07-15
3710,1947b13a,400,3,201,5,fa578b09,,,2026-07-15,2026-07-15
3711,7c6ea693,630,4,201,3,6958bb49,,,2026-07-15,2026-07-15
3712,e50d5632,480,1,204,4,7a5bc5c2,,,2026-07-15,2026-07-15
3713,0540dfbc,671,3,204,1,a426a28e,,,2026-07-15,2026-07-15
3714,009e070f,174,1,204,3,163d0b32,,,2026-07-15,2026-07-15
3715,5d3a321f,596,7,205,3,d9c08140,,,2026-07-15,2026-07-15
3716,26c41f6c,386,7,202,5,41c72cdb,,,2026-07-15,2026-07-15
3717,cfa0c272,367,7,201,2,b3125078,,,2026-07-15,2026-07-15
3718,12feb98e,533,1,202,2,208d275a,,,2026-07-15,2026-07-15
3719,1a1eb1fb,194,2,205,3,2dcdeda3,,,2026-07-15,2026-07-15
3720,1bd46e20,582,6,202,1,f0758699,,,2026-07-15,2026-07-15
3721,c17d07a6,253,4,205,5,ec486749,,,2026-07-15,2026-07-15
3722,3d8689d1,362,4,204,2,a0d8ebba,,,2026-07-15,2026-07-15
3723,29db5734,361,6,203,3,6ee48559,,,2026-07-15,2026-07-15
3724,4341a4d3,4,3,204,1,f248f0c6,,,2026-07-15,2026-07-15
3725,e93ef7a3,268,7,205,5,45592551,,,2026-07-15,2026-07-15
3726,b287b5c6,328,7,205,1,84b47f93,,,2026-07-15,2026-07-15
3727,98d876f4,666,6,204,5,719fa89e,,,2026-07-15,2026-07-15
3728,361e2fb1,530,3,202,3,970e594b,,,2026-07-15,2026-07-15
3729,900f7f61,59,4,201,5,bd4a772f,,,2026-07-15,2026-07-15
3730,f41f7638,648,2,204,4,e942aab7,,,2026-07-15,2026-07-15
3731,50800bc9,51,7,202,4,9349d295,,,2026-07-15,2026-07-15
3732,d272fa2f,375,2,204,4,719fa89e,,,2026-07-15,2026-07-15
3733,2e835dbf,148,4,205,5,0cfefde4,,,2026-07-15,2026-07-15
3734,45558569,496,3,201,3,9dd48364,,,2026-07-15,2026-07-15
3735,b40dc59b,379,2,204,4,dfe6e1ff,,,2026-07-15,2026-07-15
3736,3846df91,668,2,203,4,628a4d89,,,2026-07-15,2026-07-15
3737,de45b033,691,1,201,1,6780333b,,,2026-07-15,2026-07-15
3738,a2ef5388,718,7,205,2,fe86a413,,,2026-07-15,2026-07-15
3739,0a34654a,290,5,204,5,a426a28e,,,2026-07-15,2026-07-15
3740,af5cde6e,100,3,202,1,c7ead2cc,,,2026-07-15,2026-07-15
3741,3a310f29,59,5,204,4,c1b30594,,,2026-07-15,2026-07-15
3742,350c9683,712,6,203,3,205742d2,,,2026-07-15,2026-07-15
3743,8a7998df,256,7,204,2,ec5b641f,,,2026-07-15,2026-07-15
3744,e0eb22ec,423,2,205,4,ac535caa,,,2026-07-15,2026-07-15
3745,68f4dc6f,252,6,203,3,641c61ac,,,2026-07-15,2026-07-15
3746,9579db68,117,5,201,2,2c760828,,,2026-07-15,2026-07-15
3747,7fed3252,132,3,203,2,482ffe65,,,2026-07-15,2026-07-15
3748,5ca46c7a,289,5,203,5,f27a730c,,,2026-07-15,2026-07-15
3749,0386d700,224,2,202,3,fa578b09,,,2026-07-15,2026-07-15
3750,3dd71986,382,6,202,4,6a0cd270,,,2026-07-15,2026-07-15
3751,6d4f89ce,426,7,205,2,2d4fce37,,,2026-07-15,2026-07-15
3752,99071783,167,4,201,1,52b3375c,,,2026-07-15,2026-07-15
3753,339ff015,195,4,204,1,b427b66b,,,2026-07-15,2026-07-15
3754,26dd5d8f,350,6,205,2,20f9eb9c,,,2026-07-15,2026-07-15
3755,6b5d2374,373,2,202,4,e5d0ffbb,,,2026-07-15,2026-07-15
3756,f854488a,332,6,203,5,b68bef7e,,,2026-07-15,2026-07-15
3757,24a39e1d,632,5,201,5,52b3375c,,,2026-07-15,2026-07-15
3758,48988cd2,307,3,202,5,1df1fe50,,,2026-07-15,2026-07-15
3759,977bd90d,561,3,203,5,e1e17a72,,,2026-07-15,2026-07-15
3760,fe5914a5,554,6,201,1,63baf574,,,2026-07-15,2026-07-15
3761,bc414c1c,375,3,201,4,a1ba575a,,,2026-07-15,2026-07-15
3762,418a3599,187,1,202,3,0d4d4804,,,2026-07-15,2026-07-15
3763,ed7d8284,473,6,203,1,37354f22,,,2026-07-15,2026-07-15
3764,59c9a619,129,3,204,3,f7817da3,,,2026-07-15,2026-07-15
3765,60153ceb,46,1,205,4,895b017c,,,2026-07-15,2026-07-15
3766,46f911d6,180,6,203,1,c4e558ad,,,2026-07-15,2026-07-15
3767,9894a076,530,7,203,1,1d9305e2,,,2026-07-15,2026-07-15
3768,2ab2f3d9,529,4,202,1,0fbb521a,,,2026-07-15,2026-07-15
3769,a39dc36b,412,4,203,4,58954ba4,,,2026-07-15,2026-07-15
3770,219d8525,436,6,202,3,41c72cdb,,,2026-07-15,2026-07-15
3771,6f6c6663,175,1,202,2,fb5ef791,,,2026-07-15,2026-07-15
3772,f1c3df4a,375,5,204,4,42d0014c,,,2026-07-15,2026-07-15
3773,3727a5c8,313,4,205,5,0968f5a7,,,2026-07-15,2026-07-15
3774,0cb81ff5,85,3,205,4,f22bf066,,,2026-07-15,2026-07-15
3775,b00b2521,93,2,201,5,c4993de9,,,2026-07-15,2026-07-15
3776,c405b5d0,202,5,204,4,8125c6f0,,,2026-07-15,2026-07-15
3777,501b940f,267,4,203,4,c7ead2cc,,,2026-07-15,2026-07-15
3778,ed8faa2b,103,7,201,2,4739f6d9,,,2026-07-15,2026-07-15
3779,6791f170,644,5,202,3,74258308,,,2026-07-15,2026-07-15
3780,1e1c2dc0,721,4,205,1,ada44e5b,,,2026-07-15,2026-07-15
3781,c55d952f,514,6,205,3,ef75b4bf,,,2026-07-15,2026-07-15
3782,1f50619f,592,7,202,2,11f3df17,,,2026-07-15,2026-07-15
3783,132bfdf1,320,3,203,3,fe86a413,,,2026-07-15,2026-07-15
3784,5ee4de55,82,5,204,5,315f550b,,,2026-07-15,2026-07-15
3785,1fefee66,653,5,205,5,41087c74,,,2026-07-15,2026-07-15
3786,ef410a58,368,2,205,3,6ee48559,,,2026-07-15,2026-07-15
3787,11087b8f,188,7,204,3,1f937553,,,2026-07-15,2026-07-15
3788,f932fe21,115,6,202,4,ae0deda5,,,2026-07-15,2026-07-15
3789,ec94f677,89,7,203,5,2a9b3aaa,,,2026-07-15,2026-07-15
3790,249ca1d7,369,1,203,2,2c42c662,,,2026-07-15,2026-07-15
3791,641427ed,244,1,203,2,57be6156,,,2026-07-15,2026-07-15
3792,14ccea8b,529,2,202,3,f248f0c6,,,2026-07-15,2026-07-15
3793,6a54804a,717,1,205,5,fe86a413,,,2026-07-15,2026-07-15
3794,20f61c14,15,5,201,5,719fa89e,,,2026-07-15,2026-07-15
3795,6cfa09a8,328,2,204,1,df28e3f0,,,2026-07-15,2026-07-15
3796,c12ca912,280,6,202,1,482ffe65,,,2026-07-15,2026-07-15
3797,aa7e54ce,554,5,202,4,97682d83,,,2026-07-15,2026-07-15
3798,0f62735e,217,2,204,3,f2fc7978,,,2026-07-15,2026-07-15
3799,55e03b29,524,4,205,5,5a5bf759,,,2026-07-15,2026-07-15
3800,c4f4de8f,230,4,204,1,c7ead2cc,,,2026-07-15,2026-07-15
3801,dc295b22,338,6,202,1,a30580a1,,,2026-07-15,2026-07-15
3802,0491d1df,33,3,205,2,d9c08140,,,2026-07-15,2026-07-15
3803,d64402dc,589,3,201,5,41c72cdb,,,2026-07-15,2026-07-15
3804,73eaf2ee,287,2,204,5,e3ec02d4,,,2026-07-15,2026-07-15
3805,ca5ef14b,701,4,202,5,1b14dcc9,,,2026-07-15,2026-07-15
3806,10087809,674,1,203,1,37354f22,,,2026-07-15,2026-07-15
3807,6c5e5ceb,381,7,205,1,c6934f84,,,2026-07-15,2026-07-15
3808,f6934056,579,1,201,2,df28e3f0,,,2026-07-15,2026-07-15
3809,5c84aebf,354,3,202,1,e942aab7,,,2026-07-15,2026-07-15
3810,a5fb9f08,139,4,203,3,2b2175cd,,,2026-07-15,2026-07-15
3811,ed2f36ab,445,7,201,1,c88f1b8d,,,2026-07-15,2026-07-15
3812,5df421d0,362,6,204,4,b7effad0,,,2026-07-15,2026-07-15
3813,55e19b9c,388,7,204,3,62bfa0d9,,,2026-07-15,2026-07-15
3814,7b358631,224,2,203,4,315f550b,,,2026-07-15,2026-07-15
3815,230e0fb4,615,3,203,3,e5d0ffbb,,,2026-07-15,2026-07-15
3816,650098d4,199,5,201,3,4049e911,,,2026-07-15,2026-07-15
3817,1570af93,419,7,205,2,a30580a1,,,2026-07-15,2026-07-15
3818,31179bab,225,1,201,3,45592551,,,2026-07-15,2026-07-15
3819,1707c7c1,29,4,204,5,5482a297,,,2026-07-15,2026-07-15
3820,98884f9a,498,7,204,4,550393a0,,,2026-07-15,2026-07-15
3821,d66f7773,404,6,205,5,df28e3f0,,,2026-07-15,2026-07-15
3822,b11eb6f8,128,2,202,1,df92d410,,,2026-07-15,2026-07-15
3823,3fb969a0,103,3,202,2,dd88df46,,,2026-07-15,2026-07-15
3824,9c6fdb93,52,2,205,1,b755ebae,,,2026-07-15,2026-07-15
3825,9c135c7b,334,6,201,4,163d0b32,,,2026-07-15,2026-07-15
3826,f7469ede,306,5,204,2,6b71e7b7,,,2026-07-15,2026-07-15
3827,53dcde88,285,2,204,4,d92199d8,,,2026-07-15,2026-07-15
3828,aa3411e2,509,5,203,1,2d4fce37,,,2026-07-15,2026-07-15
3829,0643050b,429,6,201,4,3c63e5d3,,,2026-07-15,2026-07-15
3830,60092655,262,1,205,4,89eec31c,,,2026-07-15,2026-07-15
3831,fadb47ef,632,1,203,3,3f491b77,,,2026-07-15,2026-07-15
3832,da9e54bf,249,7,202,2,92f2fd13,,,2026-07-15,2026-07-15
3833,cb6571d7,670,4,203,3,465c1c13,,,2026-07-15,2026-07-15
3834,9a0b3aa5,113,4,202,1,4363b8d6,,,2026-07-15,2026-07-15
3835,415a2632,400,7,204,4,822c1444,,,2026-07-15,2026-07-15
3836,761fb87c,125,1,202,1,ac535caa,,,2026-07-15,2026-07-15
3837,5ca95eeb,721,4,203,3,fb87e33d,,,2026-07-15,2026-07-15
3838,95f7b144,684,2,201,2,369a8438,,,2026-07-15,2026-07-15
3839,0083d9b4,39,7,201,1,cc9f65a9,,,2026-07-15,2026-07-15
3840,409b858a,367,2,204,5,95f70b4e,,,2026-07-15,2026-07-15
3841,f91caea7,530,3,205,1,84b47f93,,,2026-07-15,2026-07-15
3842,a42673a6,433,4,201,3,7bc42b05,,,2026-07-15,2026-07-15
3843,a1393ea2,205,4,202,4,b4065ef4,,,2026-07-15,2026-07-15
3844,c53c5b02,12,1,205,5,2d4fce37,,,2026-07-15,2026-07-15
3845,d56728b0,157,2,203,2,2a9b3aaa,,,2026-07-15,2026-07-15
3846,d5877dff,372,1,204,3,b755ebae,,,2026-07-15,2026-07-15
3847,e1396356,245,1,205,4,bc297930,,,2026-07-15,2026-07-15
3848,f4741ebd,572,4,203,1,f27bb490,,,2026-07-15,2026-07-15
3849,6baa5e63,708,7,201,1,cee867e3,,,2026-07-15,2026-07-15
3850,26ff2d14,502,1,204,4,74258308,,,2026-07-15,2026-07-15
3851,70d1e8af,28,4,205,1,95ec6e5b,,,2026-07-15,2026-07-15
3852,73ee1ab0,482,5,201,1,0a18e760,,,2026-07-15,2026-07-15
3853,f340b102,106,7,202,3,943eab83,,,2026-07-15,2026-07-15
3854,c28baec9,183,5,201,5,1aaa9d3a,,,2026-07-15,2026-07-15
3855,c12965e3,322,1,202,3,a040e169,,,2026-07-15,2026-07-15
3856,03b5e7f9,653,1,205,3,f033669c,,,2026-07-15,2026-07-15
3857,b8455159,321,2,204,1,0b454108,,,2026-07-15,2026-07-15
3858,bf21b9b8,531,7,205,3,5a5bf759,,,2026-07-15,2026-07-15
3859,00e646d6,151,1,203,3,4960cc67,,,2026-07-15,2026-07-15
3860,f45eb856,215,5,203,5,c49ff99c,,,2026-07-15,2026-07-15
3861,90778e6e,388,2,202,3,852032b7,,,2026-07-15,2026-07-15
3862,ec320a6d,45,6,205,5,a426a28e,,,2026-07-15,2026-07-15
3863,81131514,9,7,205,3,50987e86,,,2026-07-15,2026-07-15
3864,28c3c2ae,545,1,204,3,4bc76ae2,,,2026-07-15,2026-07-15
3865,fe5300d4,104,2,201,3,4aeffd09,,,2026-07-15,2026-07-15
3866,d354fc40,184,5,202,5,25faaa82,,,2026-07-15,2026-07-15
3867,6b0b6d60,514,3,203,5,4e431688,,,2026-07-15,2026-07-15
3868,3650ae95,246,2,205,5,b51ae2f1,,,2026-07-15,2026-07-15
3869,d9fd5b9e,68,1,202,2,0b6ae467,,,2026-07-15,2026-07-15
3870,954ca7d9,295,2,202,5,8b414a94,,,2026-07-15,2026-07-15
3871,96ab7165,714,3,201,3,2c760828,,,2026-07-15,2026-07-15
3872,f2490377,279,4,204,2,3f491b77,,,2026-07-15,2026-07-15
3873,a82963d9,428,2,204,2,6b3185b0,,,2026-07-15,2026-07-15
3874,1faebe7f,219,1,202,3,f18b66c1,,,2026-07-15,2026-07-15
3875,4be153a5,202,7,203,1,cb8ec133,,,2026-07-15,2026-07-15
3876,a7383c3b,565,6,202,2,ee98f97e,,,2026-07-15,2026-07-15
3877,b79f68be,341,6,201,4,434c2454,,,2026-07-15,2026-07-15
3878,206e5fba,423,4,202,3,3cc541a7,,,2026-07-15,2026-07-15
3879,f51b12d7,1,2,205,3,3a0f258a,,,2026-07-15,2026-07-15
3880,ac697a50,286,6,203,1,5a53b8e9,,,2026-07-15,2026-07-15
3881,872cd4bd,254,1,204,4,7e22a2b5,,,2026-07-15,2026-07-15
3882,0e81f2a6,610,4,201,4,14a4c03c,,,2026-07-15,2026-07-15
3883,92077600,558,2,202,1,487a1dd7,,,2026-07-15,2026-07-15
3884,5d07cd2d,612,3,203,2,bb9d2955,,,2026-07-15,2026-07-15
3885,20c2d913,9,7,201,1,ae76cc5c,,,2026-07-15,2026-07-15
3886,08376b0d,41,3,203,2,3fc80484,,,2026-07-15,2026-07-15
3887,afcb1e35,609,3,202,2,41087c74,,,2026-07-15,2026-07-15
3888,131af2d1,498,7,205,3,7b748fb3,,,2026-07-15,2026-07-15
3889,c2dd5624,139,3,205,1,f033669c,,,2026-07-15,2026-07-15
3890,c36bcca8,286,2,203,4,0fbfd231,,,2026-07-15,2026-07-15
3891,92a36008,212,3,203,5,10f10b2b,,,2026-07-15,2026-07-15
3892,e5802aa7,242,2,203,3,a0d8ebba,,,2026-07-15,2026-07-15
3893,2b27a524,71,1,204,5,548dc0b3,,,2026-07-15,2026-07-15
3894,4a501c50,626,3,202,5,5ae61d1c,,,2026-07-15,2026-07-15
3895,09f5dd16,74,1,202,4,5f2ab070,,,2026-07-15,2026-07-15
3896,595f1aeb,338,2,204,4,7e22a2b5,,,2026-07-15,2026-07-15
3897,d8d3a48c,486,3,204,5,6ee48559,,,2026-07-15,2026-07-15
3898,40cef8fc,138,3,202,1,52368d16,,,2026-07-15,2026-07-15
3899,94e4348b,677,4,201,2,15a65ae5,,,2026-07-15,2026-07-15
3900,e468c886,24,2,202,3,dfcfee6c,,,2026-07-15,2026-07-15
3901,422af215,123,2,203,4,37354f22,,,2026-07-15,2026-07-15
3902,239c4741,675,6,203,1,bd5892a8,,,2026-07-15,2026-07-15
3903,d8afbec8,565,7,204,3,8125c6f0,,,2026-07-15,2026-07-15
3904,0536f935,19,5,205,1,89c3a817,,,2026-07-15,2026-07-15
3905,ea018f46,361,1,205,3,15a65ae5,,,2026-07-15,2026-07-15
3906,e1c370a7,338,3,203,3,628a4d89,,,2026-07-15,2026-07-15
3907,d25cee85,190,5,203,2,641c61ac,,,2026-07-15,2026-07-15
3908,454f7672,622,1,203,4,68f3c4e5,,,2026-07-15,2026-07-15
3909,a637145b,264,1,201,5,2d45f6bd,,,2026-07-15,2026-07-15
3910,f17400c5,507,5,205,5,eb3c1fb7,,,2026-07-15,2026-07-15
3911,e6f4972c,393,1,203,1,2a9b3aaa,,,2026-07-15,2026-07-15
3912,e7d1123a,145,1,201,5,ac535caa,,,2026-07-15,2026-07-15
3913,e31af1da,508,2,202,4,315f550b,,,2026-07-15,2026-07-15
3914,8155ec13,441,4,201,3,cd901af9,,,2026-07-15,2026-07-15
3915,9c3f4fb3,315,7,203,3,1139e59a,,,2026-07-15,2026-07-15
3916,2b6f67cc,524,2,203,5,641c61ac,,,2026-07-15,2026-07-15
3917,04db00f5,230,1,202,4,45c95088,,,2026-07-15,2026-07-15
3918,04568ec9,605,2,202,4,70bfbcda,,,2026-07-15,2026-07-15
3919,2c3c5fa2,648,6,202,4,96379792,,,2026-07-15,2026-07-15
3920,a40183c1,492,3,204,4,52b3375c,,,2026-07-15,2026-07-15
3921,6d61ad8d,650,4,205,2,b68bef7e,,,2026-07-15,2026-07-15
3922,b4c7f30b,655,2,204,1,37166503,,,2026-07-15,2026-07-15
3923,553a26e6,699,7,203,1,a1ba575a,,,2026-07-15,2026-07-15
3924,5d8670fa,221,3,205,3,112f9cab,,,2026-07-15,2026-07-15
3925,9809ea2f,328,2,203,4,6ef9ace3,,,2026-07-15,2026-07-15
3926,fad6ffb9,321,2,205,3,d92199d8,,,2026-07-15,2026-07-15
3927,f0eb7c53,78,4,201,5,f033669c,,,2026-07-15,2026-07-15
3928,7289f05e,359,6,202,1,f033669c,,,2026-07-15,2026-07-15
3929,d46a4e32,66,1,201,4,45c95088,,,2026-07-15,2026-07-15
3930,47f3f3f4,476,4,202,5,a30580a1,,,2026-07-15,2026-07-15
3931,4ba7580c,496,1,204,4,37166503,,,2026-07-15,2026-07-15
3932,4c065d0f,8,5,204,1,63baf574,,,2026-07-15,2026-07-15
3933,d111ff23,679,2,205,2,dfcfee6c,,,2026-07-15,2026-07-15
3934,6149a58c,522,6,203,5,434c2454,,,2026-07-15,2026-07-15
3935,edafd36d,317,7,202,3,68f3c4e5,,,2026-07-15,2026-07-15
3936,db3e4b0f,404,2,202,3,b4ca029a,,,2026-07-15,2026-07-15
3937,0fec5c79,5,3,201,1,0a18e760,,,2026-07-15,2026-07-15
3938,267f4044,446,5,202,4,195b4c1c,,,2026-07-15,2026-07-15
3939,eb141cd4,194,2,204,2,52368d16,,,2026-07-15,2026-07-15
3940,4b70a75a,617,7,202,1,35f98e98,,,2026-07-15,2026-07-15
3941,be878f95,267,1,204,4,7e22a2b5,,,2026-07-15,2026-07-15
3942,3de75d0a,157,5,202,5,d2599bb6,,,2026-07-15,2026-07-15
3943,cb38a0c3,433,7,201,5,ef5f41ce,,,2026-07-15,2026-07-15
3944,fb659d02,594,1,205,5,1d9305e2,,,2026-07-15,2026-07-15
3945,82e59bd1,447,3,202,2,8111bc07,,,2026-07-15,2026-07-15
3946,c1d61cba,663,7,201,5,ed90a296,,,2026-07-15,2026-07-15
3947,a3754199,501,4,203,3,df28e3f0,,,2026-07-15,2026-07-15
3948,9f42d7c0,106,3,203,4,ddaa1bf9,,,2026-07-15,2026-07-15
3949,9743f68f,665,1,201,3,3d657bb9,,,2026-07-15,2026-07-15
3950,4a1e9a3d,56,3,202,1,97682d83,,,2026-07-15,2026-07-15
3951,8532440e,655,6,205,2,860df6aa,,,2026-07-15,2026-07-15
3952,05f254ca,725,6,203,4,1139e59a,,,2026-07-15,2026-07-15
3953,cd6f9f64,87,3,202,4,f033669c,,,2026-07-15,2026-07-15
3954,2c9166bc,638,6,202,5,97682d83,,,2026-07-15,2026-07-15
3955,ddbd105c,609,7,201,5,0cfefde4,,,2026-07-15,2026-07-15
3956,63aadeee,637,3,203,5,0fbb521a,,,2026-07-15,2026-07-15
3957,5ec8e32f,161,5,201,4,d8b06558,,,2026-07-15,2026-07-15
3958,6b06b2c2,186,3,203,2,bd5892a8,,,2026-07-15,2026-07-15
3959,b688d40b,656,1,203,4,1242762d,,,2026-07-15,2026-07-15
3960,fbaa61d4,82,2,203,2,7fddfb89,,,2026-07-15,2026-07-15
3961,0747df15,268,5,201,2,822c1444,,,2026-07-15,2026-07-15
3962,e8ccdd3f,333,6,203,3,f27bb490,,,2026-07-15,2026-07-15
3963,f032e89d,223,2,205,4,aaa7dca8,,,2026-07-15,2026-07-15
3964,c3b74937,39,1,202,3,1b14dcc9,,,2026-07-15,2026-07-15
3965,f6964f62,307,7,201,3,a79b76cb,,,2026-07-15,2026-07-15
3966,2ab203f4,498,5,203,4,febfde98,,,2026-07-15,2026-07-15
3967,8d74298b,494,1,204,5,6f2a321a,,,2026-07-15,2026-07-15
3968,c19ec040,169,3,203,5,f033669c,,,2026-07-15,2026-07-15
3969,5c134446,436,6,204,3,cb8ec133,,,2026-07-15,2026-07-15
3970,3b252e72,172,5,203,1,61fab6f7,,,2026-07-15,2026-07-15
3971,f920d16c,530,5,203,5,cedf6f69,,,2026-07-15,2026-07-15
3972,8c72ca06,31,5,204,1,c88f1b8d,,,2026-07-15,2026-07-15
3973,dc740c0d,304,4,205,2,7643c1ee,,,2026-07-15,2026-07-15
3974,72dfa991,197,6,204,1,4960cc67,,,2026-07-15,2026-07-15
3975,92b54f0e,449,7,201,2,5a5bf759,,,2026-07-15,2026-07-15
3976,d63186ce,698,3,202,4,bc297930,,,2026-07-15,2026-07-15
3977,e85135c7,39,2,202,1,69956359,,,2026-07-15,2026-07-15
3978,221ec891,657,7,203,1,4907af8c,,,2026-07-15,2026-07-15
3979,cdc7961c,581,1,204,5,f27a730c,,,2026-07-15,2026-07-15
3980,0fa16315,494,4,203,2,5e3a2195,,,2026-07-15,2026-07-15
3981,cb53f654,532,7,204,4,d92199d8,,,2026-07-15,2026-07-15
3982,4d9c8070,487,4,205,4,2f730975,,,2026-07-15,2026-07-15
3983,a3eef6e3,260,6,205,4,f248f0c6,,,2026-07-15,2026-07-15
3984,a41e15d4,419,1,201,2,9efecf41,,,2026-07-15,2026-07-15
3985,e84e4b7d,382,5,201,3,2a9b3aaa,,,2026-07-15,2026-07-15
3986,9b0831cd,187,7,203,4,91a6c884,,,2026-07-15,2026-07-15
3987,5a40b764,9,6,205,2,20f9eb9c,,,2026-07-15,2026-07-15
3988,96b26e84,102,7,201,4,cb8ec133,,,2026-07-15,2026-07-15
3989,cdd4f782,719,3,201,4,b51ae2f1,,,2026-07-15,2026-07-15
3990,60067b27,262,5,204,2,8a51bc70,,,2026-07-15,2026-07-15
3991,28c055a2,84,6,205,2,a040e169,,,2026-07-15,2026-07-15
3992,da116d12,292,3,203,3,37354f22,,,2026-07-15,2026-07-15
3993,d5aa1148,403,3,202,5,e75bb09b,,,2026-07-15,2026-07-15
3994,aef106a1,26,5,204,1,6780333b,,,2026-07-15,2026-07-15
3995,d680a47c,304,5,203,2,cb8ec133,,,2026-07-15,2026-07-15
3996,9bb2d600,126,7,201,3,c05e9193,,,2026-07-15,2026-07-15
3997,6b37a7d1,223,3,204,5,37354f22,,,2026-07-15,2026-07-15
3998,24741a89,583,2,202,2,205742d2,,,2026-07-15,2026-07-15
3999,1bff191f,307,4,202,2,4db20d32,,,2026-07-15,2026-07-15
4000,8fa557aa,114,5,202,2,e5d0ffbb,,,2026-07-15,2026-07-15
4001,c26f75f9,561,4,202,1,dd410d5f,,,2026-07-15,2026-07-15
4002,a6ea2d27,582,1,203,3,4c309170,,,2026-07-15,2026-07-15
4003,d1ba48cc,107,5,201,1,45c95088,,,2026-07-15,2026-07-15
4004,f1db93de,93,1,204,5,5e4299db,,,2026-07-15,2026-07-15
4005,9d6d0424,465,1,201,2,c88f1b8d,,,2026-07-15,2026-07-15
4006,1eeab8b8,178,7,205,4,b3125078,,,2026-07-15,2026-07-15
4007,769d7167,2,4,202,3,289b72c4,,,2026-07-15,2026-07-15
4008,dca0e7c1,724,6,204,1,cd901af9,,,2026-07-15,2026-07-15
4009,f04218ec,724,3,205,1,860df6aa,,,2026-07-15,2026-07-15
4010,31b2a514,249,2,203,5,50641c23,,,2026-07-15,2026-07-15
4011,b3ce487f,557,2,204,1,1d9305e2,,,2026-07-15,2026-07-15
4012,5b7d2e4e,502,3,203,5,970e594b,,,2026-07-15,2026-07-15
4013,4a9a92fa,588,6,203,2,8d3cc46f,,,2026-07-15,2026-07-15
4014,ca924486,383,3,201,1,f12d0983,,,2026-07-15,2026-07-15
4015,8e39c9da,572,4,204,4,fa853203,,,2026-07-15,2026-07-15
4016,91565861,167,3,205,3,036ada7f,,,2026-07-15,2026-07-15
4017,455678e9,99,7,204,3,4db20d32,,,2026-07-15,2026-07-15
4018,74e44300,352,5,202,1,ac535caa,,,2026-07-15,2026-07-15
4019,a15e3978,78,4,202,4,43b89e78,,,2026-07-15,2026-07-15
4020,2e3f9274,638,6,204,4,dd410d5f,,,2026-07-15,2026-07-15
4021,404667e7,242,1,203,5,f18b66c1,,,2026-07-15,2026-07-15
4022,fe4fe1ad,24,6,205,1,b115a948,,,2026-07-15,2026-07-15
4023,8edd5ab6,248,3,205,3,45592551,,,2026-07-15,2026-07-15
4024,9bb24650,477,3,204,2,dd410d5f,,,2026-07-15,2026-07-15
4025,5ca2582d,518,6,202,2,3110a49a,,,2026-07-15,2026-07-15
4026,4c59fd1a,518,1,203,3,ddaa1bf9,,,2026-07-15,2026-07-15
4027,9e4301b0,151,2,205,2,6601ea7f,,,2026-07-15,2026-07-15
4028,e30f1540,459,4,201,4,56205f69,,,2026-07-15,2026-07-15
4029,65edb4be,18,2,205,4,df92d410,,,2026-07-15,2026-07-15
4030,36603760,81,3,203,5,aefc1727,,,2026-07-15,2026-07-15
4031,16c7e631,251,5,204,1,1aaa9d3a,,,2026-07-15,2026-07-15
4032,ed1f782d,645,1,205,1,dd3198d1,,,2026-07-15,2026-07-15
4033,e38ba401,540,4,201,5,c50cc14e,,,2026-07-15,2026-07-15
4034,bafc9a17,346,4,204,1,4ce20b01,,,2026-07-15,2026-07-15
4035,7642ece7,370,3,202,5,f27bb490,,,2026-07-15,2026-07-15
4036,c12aef67,285,2,204,3,5482a297,,,2026-07-15,2026-07-15
4037,019aab7b,274,7,203,4,bb9d2955,,,2026-07-15,2026-07-15
4038,44912fca,516,3,205,3,0fcaa55a,,,2026-07-15,2026-07-15
4039,acbb9a28,61,1,203,4,a93aa731,,,2026-07-15,2026-07-15
4040,6c0939c6,99,5,204,2,d8edbef1,,,2026-07-15,2026-07-15
4041,9f871ad8,571,4,203,2,8111bc07,,,2026-07-15,2026-07-15
4042,ec36dcbe,165,6,205,2,1d498af8,,,2026-07-15,2026-07-15
4043,923f304b,723,7,201,3,5dff7cb7,,,2026-07-15,2026-07-15
4044,886b9840,388,3,201,1,7b748fb3,,,2026-07-15,2026-07-15
4045,3d69e4de,299,4,205,2,14a4c03c,,,2026-07-15,2026-07-15
4046,6c1d2141,723,6,202,4,efc887b8,,,2026-07-15,2026-07-15
4047,6df967f2,444,2,202,3,5905a3e7,,,2026-07-15,2026-07-15
4048,305611f0,518,6,204,5,ce1b52ae,,,2026-07-15,2026-07-15
4049,ab575b01,116,6,201,3,4aeffd09,,,2026-07-15,2026-07-15
4050,f74aa4b0,516,3,201,4,6a0cd270,,,2026-07-15,2026-07-15
4051,4c810ff4,123,2,202,4,41087c74,,,2026-07-15,2026-07-15
4052,b7f702fa,156,1,202,5,5424e422,,,2026-07-15,2026-07-15
4053,4c22d597,445,6,203,4,2f730975,,,2026-07-15,2026-07-15
4054,64f73450,236,7,204,1,45c95088,,,2026-07-15,2026-07-15
4055,03850ff5,363,7,204,1,c1b30594,,,2026-07-15,2026-07-15
4056,4f75c714,35,3,203,1,5ae61d1c,,,2026-07-15,2026-07-15
4057,7234c5ff,178,2,201,3,f12d0983,,,2026-07-15,2026-07-15
4058,3a522181,352,6,205,1,4363b8d6,,,2026-07-15,2026-07-15
4059,157c2037,670,5,204,2,4392286c,,,2026-07-15,2026-07-15
4060,136ebd50,435,2,204,1,a426a28e,,,2026-07-15,2026-07-15
4061,e58121ce,202,5,202,4,4739f6d9,,,2026-07-15,2026-07-15
4062,0167375a,348,4,203,2,20f9eb9c,,,2026-07-15,2026-07-15
4063,8b6dc2c2,546,7,205,3,e0d2a5f3,,,2026-07-15,2026-07-15
4064,78544ace,57,3,202,4,6a0cd270,,,2026-07-15,2026-07-15
4065,75ffa28a,97,7,203,1,0fbfd231,,,2026-07-15,2026-07-15
4066,eb7722c2,650,6,205,2,dd88df46,,,2026-07-15,2026-07-15
4067,988dd75f,618,7,203,2,1df1fe50,,,2026-07-15,2026-07-15
4068,0250c061,539,3,202,4,f2fc7978,,,2026-07-15,2026-07-15
4069,a83e9c4b,667,7,205,5,60ce4ade,,,2026-07-15,2026-07-15
4070,17944b37,571,1,201,1,f0924da4,,,2026-07-15,2026-07-15
4071,08abc6c0,450,1,204,2,0b6ae467,,,2026-07-15,2026-07-15
4072,c041f74a,553,1,205,4,ae76cc5c,,,2026-07-15,2026-07-15
4073,e5f2243c,520,2,204,5,3832abbc,,,2026-07-15,2026-07-15
4074,594e07c7,213,7,204,5,32029984,,,2026-07-15,2026-07-15
4075,9880df0c,498,6,203,5,021c675d,,,2026-07-15,2026-07-15
4076,d5cc6c13,196,2,205,2,e942aab7,,,2026-07-15,2026-07-15
4077,e28e3179,10,6,203,4,9ac47356,,,2026-07-15,2026-07-15
4078,cd6d3fee,62,3,204,4,ec5b641f,,,2026-07-15,2026-07-15
4079,a380754e,359,5,204,4,2a9b3aaa,,,2026-07-15,2026-07-15
4080,3a68822d,690,2,204,4,2df8b6f4,,,2026-07-15,2026-07-15
4081,f5ed94fc,448,4,202,4,9dd48364,,,2026-07-15,2026-07-15
4082,599808f7,528,6,205,2,247dccf1,,,2026-07-15,2026-07-15
4083,204d48bb,178,6,201,1,1e4cea7e,,,2026-07-15,2026-07-15
4084,3c2f74b3,299,4,205,1,4e431688,,,2026-07-15,2026-07-15
4085,a693fac6,518,7,201,1,4739f6d9,,,2026-07-15,2026-07-15
4086,ad7c46b8,536,5,204,1,7e1de19d,,,2026-07-15,2026-07-15
4087,0f9d53ff,110,1,201,2,e3ec02d4,,,2026-07-15,2026-07-15
4088,723eef47,646,7,205,2,4049e911,,,2026-07-15,2026-07-15
4089,8432ad61,99,6,201,4,247dccf1,,,2026-07-15,2026-07-15
4090,32a631ee,204,2,205,4,df28e3f0,,,2026-07-15,2026-07-15
4091,ee85e130,432,3,204,1,b5297bc8,,,2026-07-15,2026-07-15
4092,abcadfd8,57,3,205,1,367ca016,,,2026-07-15,2026-07-15
4093,93a8de8e,646,4,203,4,1a601f48,,,2026-07-15,2026-07-15
4094,301a4f8b,167,7,204,4,c1b30594,,,2026-07-15,2026-07-15
4095,e3f73c7e,533,6,201,3,6ee48559,,,2026-07-15,2026-07-15
4096,5da21cb2,661,6,203,1,dfcfee6c,,,2026-07-15,2026-07-15
4097,672f7db9,682,4,203,2,bd47b713,,,2026-07-15,2026-07-15
4098,fc190b5b,568,2,205,5,52368d16,,,2026-07-15,2026-07-15
4099,462e7104,215,5,204,4,ef5f41ce,,,2026-07-15,2026-07-15
4100,fa9b68d8,172,6,201,4,a71b0343,,,2026-07-15,2026-07-15
4101,9a71c6ba,469,5,205,2,74258308,,,2026-07-15,2026-07-15
4102,00ad3bc4,453,4,204,2,943eab83,,,2026-07-15,2026-07-15
4103,3011978d,122,7,205,4,2c760828,,,2026-07-15,2026-07-15
4104,737c9481,31,3,203,2,a4e3426c,,,2026-07-15,2026-07-15
4105,249746c8,373,3,204,2,3973c30a,,,2026-07-15,2026-07-15
4106,50c3c8d1,472,6,205,4,3184736b,,,2026-07-15,2026-07-15
4107,afa7898a,599,3,205,2,b68bef7e,,,2026-07-15,2026-07-15
4108,f779e100,633,7,204,4,febfde98,,,2026-07-15,2026-07-15
4109,ee94d6f3,146,2,202,2,3a0f258a,,,2026-07-15,2026-07-15
4110,95264654,276,4,202,2,50641c23,,,2026-07-15,2026-07-15
4111,868dea01,272,4,203,2,60c38ae4,,,2026-07-15,2026-07-15
4112,3893548d,661,4,204,4,4ce20b01,,,2026-07-15,2026-07-15
4113,2fbc8842,312,5,202,1,2df8b6f4,,,2026-07-15,2026-07-15
4114,84a87197,342,1,205,5,c475f6fc,,,2026-07-15,2026-07-15
4115,6e95f3cc,546,6,205,4,531113e4,,,2026-07-15,2026-07-15
4116,a3937908,72,5,205,5,5e4299db,,,2026-07-15,2026-07-15
4117,59cd2659,351,7,201,4,9349d295,,,2026-07-15,2026-07-15
4118,0418d538,309,1,204,4,d8a2bbd7,,,2026-07-15,2026-07-15
4119,c2ad302e,536,7,201,4,e9238f3f,,,2026-07-15,2026-07-15
4120,d5b7e942,150,1,201,3,56205f69,,,2026-07-15,2026-07-15
4121,652e7f6b,9,5,203,3,8b319808,,,2026-07-15,2026-07-15
4122,8f554b7b,587,1,205,3,25b7eced,,,2026-07-15,2026-07-15
4123,3b400e96,5,3,203,5,43b89e78,,,2026-07-15,2026-07-15
4124,06c7e266,14,3,205,1,42d0014c,,,2026-07-15,2026-07-15
4125,dd275a35,395,3,205,3,72bc630e,,,2026-07-15,2026-07-15
4126,272bac58,372,4,203,1,ed90a296,,,2026-07-15,2026-07-15
4127,ec51438d,214,2,202,4,ae0deda5,,,2026-07-15,2026-07-15
4128,06aacdad,252,6,201,1,4907af8c,,,2026-07-15,2026-07-15
4129,15f24b93,57,2,201,5,ae76cc5c,,,2026-07-15,2026-07-15
4130,86091fdc,301,2,205,3,4c309170,,,2026-07-15,2026-07-15
4131,c9e15069,470,1,202,5,8ad52b25,,,2026-07-15,2026-07-15
4132,fdca9df1,167,6,203,4,943eab83,,,2026-07-15,2026-07-15
4133,54ff12b8,529,1,202,5,4db20d32,,,2026-07-15,2026-07-15
4134,fe648244,427,7,204,2,ec486749,,,2026-07-15,2026-07-15
4135,532bcb68,317,6,205,3,a1ba575a,,,2026-07-15,2026-07-15
4136,b9492b96,663,1,201,2,4907af8c,,,2026-07-15,2026-07-15
4137,ceff37f1,45,5,204,5,315f550b,,,2026-07-15,2026-07-15
4138,7d4f968a,545,6,203,5,dd88df46,,,2026-07-15,2026-07-15
4139,c9cb6618,60,6,202,4,50987e86,,,2026-07-15,2026-07-15
4140,4a156a3e,336,5,205,2,f248f0c6,,,2026-07-15,2026-07-15
4141,7da21d45,436,6,204,1,c475f6fc,,,2026-07-15,2026-07-15
4142,d62f13a4,639,6,204,5,9efecf41,,,2026-07-15,2026-07-15
4143,c452fa72,292,6,201,4,ff079788,,,2026-07-15,2026-07-15
4144,627b4e95,118,5,203,5,0b6ae467,,,2026-07-15,2026-07-15
4145,82c6e21f,236,6,201,1,99fed753,,,2026-07-15,2026-07-15
4146,7375b972,553,4,205,1,5e91ed7b,,,2026-07-15,2026-07-15
4147,2bb35721,694,4,203,5,021c675d,,,2026-07-15,2026-07-15
4148,128bf246,677,1,202,3,cc9f65a9,,,2026-07-15,2026-07-15
4149,1f31bea7,499,2,201,3,86613e2d,,,2026-07-15,2026-07-15
4150,2c180f7c,699,2,202,1,6ef9ace3,,,2026-07-15,2026-07-15
4151,18a0ba10,431,4,205,3,346c1416,,,2026-07-15,2026-07-15
4152,3d6ce415,314,1,202,5,fe86a413,,,2026-07-15,2026-07-15
4153,521b5531,643,4,202,4,4aeffd09,,,2026-07-15,2026-07-15
4154,5f1b9069,469,5,205,5,aece207c,,,2026-07-15,2026-07-15
4155,ca240e01,47,7,205,4,37166503,,,2026-07-15,2026-07-15
4156,0f7df267,567,4,202,1,5f2ab070,,,2026-07-15,2026-07-15
4157,84128094,668,3,205,5,1d9305e2,,,2026-07-15,2026-07-15
4158,baef36b3,423,7,204,2,38daf3c5,,,2026-07-15,2026-07-15
4159,0f108524,546,2,205,1,89eec31c,,,2026-07-15,2026-07-15
4160,07c63e7a,390,1,202,2,7ad06864,,,2026-07-15,2026-07-15
4161,95101e5c,681,5,205,2,3a1756fa,,,2026-07-15,2026-07-15
4162,20cdd76d,345,2,201,5,6f2a321a,,,2026-07-15,2026-07-15
4163,70a92381,439,4,201,2,2df8b6f4,,,2026-07-15,2026-07-15
4164,8c737017,215,4,201,4,20f9eb9c,,,2026-07-15,2026-07-15
4165,88d6a232,434,5,201,5,ede49010,,,2026-07-15,2026-07-15
4166,3c6a677d,104,2,202,5,2df8b6f4,,,2026-07-15,2026-07-15
4167,07d2a1ae,715,4,205,4,719fa89e,,,2026-07-15,2026-07-15
4168,337954c3,534,2,204,2,6b6d0941,,,2026-07-15,2026-07-15
4169,94d8fdd4,304,4,204,1,14a4c03c,,,2026-07-15,2026-07-15
4170,6eef7ae2,234,6,205,3,4363b8d6,,,2026-07-15,2026-07-15
4171,90e3d728,254,4,204,4,7e22a2b5,,,2026-07-15,2026-07-15
4172,d0c49fb9,702,1,203,5,2b2175cd,,,2026-07-15,2026-07-15
4173,dd9110ef,465,6,203,5,3f491b77,,,2026-07-15,2026-07-15
4174,fd5415dd,266,5,201,4,f27bb490,,,2026-07-15,2026-07-15
4175,3eff33ac,73,6,202,1,e03caed0,,,2026-07-15,2026-07-15
4176,64060f46,478,4,201,3,95f70b4e,,,2026-07-15,2026-07-15
4177,86e63f78,247,6,202,2,61fab6f7,,,2026-07-15,2026-07-15
4178,da839615,104,1,205,5,96379792,,,2026-07-15,2026-07-15
4179,ea706e01,80,4,204,2,0b6ae467,,,2026-07-15,2026-07-15
4180,e2fed060,583,3,205,5,a1ba575a,,,2026-07-15,2026-07-15
4181,aac84acc,443,1,203,4,56205f69,,,2026-07-15,2026-07-15
4182,dab92294,79,7,202,2,52368d16,,,2026-07-15,2026-07-15
4183,c415c3a0,443,5,201,5,8b414a94,,,2026-07-15,2026-07-15
4184,162458e7,575,1,203,4,0d484e5f,,,2026-07-15,2026-07-15
4185,3f2a2369,178,2,204,2,0fbfd231,,,2026-07-15,2026-07-15
4186,0e553a13,123,6,201,1,aaa7dca8,,,2026-07-15,2026-07-15
4187,5af4c8c1,293,6,203,4,a040e169,,,2026-07-15,2026-07-15
4188,4c447e0d,255,2,201,2,b4065ef4,,,2026-07-15,2026-07-15
4189,82ac443d,730,4,203,1,28741ecd,,,2026-07-15,2026-07-15
4190,3a771033,595,2,204,3,ca496ce9,,,2026-07-15,2026-07-15
4191,1255cf9a,388,2,205,2,5f2ab070,,,2026-07-15,2026-07-15
4192,7093357a,491,3,205,3,289b72c4,,,2026-07-15,2026-07-15
4193,1912b784,81,5,204,1,3f26afe9,,,2026-07-15,2026-07-15
4194,4028a3ea,458,5,203,2,8993064a,,,2026-07-15,2026-07-15
4195,8184883b,163,3,205,3,4363b8d6,,,2026-07-15,2026-07-15
4196,30e13853,272,6,204,2,f399f8e1,,,2026-07-15,2026-07-15
4197,4da790d2,628,6,204,5,822c1444,,,2026-07-15,2026-07-15
4198,617fd94c,290,2,202,2,a4e3426c,,,2026-07-15,2026-07-15
4199,bfce000c,177,2,204,5,bd4a772f,,,2026-07-15,2026-07-15
4200,14da1b8e,140,6,204,5,ef5f41ce,,,2026-07-15,2026-07-15
4201,fd8473af,721,2,205,2,c6934f84,,,2026-07-15,2026-07-15
4202,0401d059,689,5,202,1,11f3df17,,,2026-07-15,2026-07-15
4203,27b14672,114,1,201,3,f2fc7978,,,2026-07-15,2026-07-15
4204,0699c979,227,5,204,5,5e4299db,,,2026-07-15,2026-07-15
4205,84aba24e,617,2,203,2,50987e86,,,2026-07-15,2026-07-15
4206,e6fcdd82,237,2,203,2,41087c74,,,2026-07-15,2026-07-15
4207,bea75cdf,228,1,202,2,641c61ac,,,2026-07-15,2026-07-15
4208,078b1e04,718,3,203,2,7f1bca00,,,2026-07-15,2026-07-15
4209,6828c0be,223,3,201,1,a5d658b7,,,2026-07-15,2026-07-15
4210,c1fafa6d,297,3,203,3,63baf574,,,2026-07-15,2026-07-15
4211,b90e5446,513,7,204,4,b68bef7e,,,2026-07-15,2026-07-15
4212,88d92a84,174,4,201,5,719fa89e,,,2026-07-15,2026-07-15
4213,17c026c9,610,2,204,4,7ad06864,,,2026-07-15,2026-07-15
4214,dc5be4f4,212,3,201,1,205742d2,,,2026-07-15,2026-07-15
4215,976030f8,642,7,205,5,3d6a9dc8,,,2026-07-15,2026-07-15
4216,ed6ddfb3,189,3,202,4,346c1416,,,2026-07-15,2026-07-15
4217,714febc0,411,5,204,1,cb8ec133,,,2026-07-15,2026-07-15
4218,fe75fc4c,627,4,202,2,3e66160b,,,2026-07-15,2026-07-15
4219,54518e77,188,2,202,3,d9c08140,,,2026-07-15,2026-07-15
4220,d78f31ec,253,6,201,2,b4ca029a,,,2026-07-15,2026-07-15
4221,d90d273d,44,7,205,5,aece207c,,,2026-07-15,2026-07-15
4222,c9a70ff0,649,3,204,2,7b868e56,,,2026-07-15,2026-07-15
4223,75348c81,37,6,202,1,f6e5fc4d,,,2026-07-15,2026-07-15
4224,9ce3505a,717,5,204,2,b730e9e6,,,2026-07-15,2026-07-15
4225,56b09c5e,584,6,204,1,346c1416,,,2026-07-15,2026-07-15
4226,617023e4,698,3,203,5,3f09714a,,,2026-07-15,2026-07-15
4227,f64d0695,420,5,201,2,7643c1ee,,,2026-07-15,2026-07-15
4228,5199dde6,562,2,205,5,195b4c1c,,,2026-07-15,2026-07-15
4229,7a797284,20,4,201,5,f248f0c6,,,2026-07-15,2026-07-15
4230,2f2fd01d,553,3,204,2,6ee48559,,,2026-07-15,2026-07-15
4231,d8a4d514,185,1,202,1,718406a2,,,2026-07-15,2026-07-15
4232,ebf25205,469,7,203,5,6ef9ace3,,,2026-07-15,2026-07-15
4233,12e46472,280,4,201,4,860df6aa,,,2026-07-15,2026-07-15
4234,a0f91c51,729,4,203,1,6c4f0c4c,,,2026-07-15,2026-07-15
4235,de51733b,661,4,202,3,77c6d634,,,2026-07-15,2026-07-15
4236,1d5825f6,124,6,203,3,2c760828,,,2026-07-15,2026-07-15
4237,fb8a99f8,710,5,202,2,f27bb490,,,2026-07-15,2026-07-15
4238,268eb83b,511,2,201,5,827ac471,,,2026-07-15,2026-07-15
4239,ff69b8a9,213,7,205,4,4363b8d6,,,2026-07-15,2026-07-15
4240,dac39f29,417,1,205,5,1dc2bf91,,,2026-07-15,2026-07-15
4241,1975e1b7,635,7,202,2,3d6a9dc8,,,2026-07-15,2026-07-15
4242,f6bc6e74,724,7,204,3,ce1b52ae,,,2026-07-15,2026-07-15
4243,58089eb5,196,5,203,1,50987e86,,,2026-07-15,2026-07-15
4244,17051a70,140,6,204,1,61fab6f7,,,2026-07-15,2026-07-15
4245,73ab738b,40,6,204,4,895b017c,,,2026-07-15,2026-07-15
4246,53911e61,480,6,205,2,fc9cf0b8,,,2026-07-15,2026-07-15
4247,a94727f7,726,7,203,2,ca496ce9,,,2026-07-15,2026-07-15
4248,b990dbbc,347,4,204,2,01974f0f,,,2026-07-15,2026-07-15
4249,6ff40baf,511,1,201,5,2d45f6bd,,,2026-07-15,2026-07-15
4250,37a4ac1d,676,6,202,5,4db20d32,,,2026-07-15,2026-07-15
4251,248092d0,267,2,202,4,d8b06558,,,2026-07-15,2026-07-15
4252,094623c2,303,2,204,1,60ce4ade,,,2026-07-15,2026-07-15
4253,ddd3d66b,550,3,205,2,718406a2,,,2026-07-15,2026-07-15
4254,606263f8,685,1,205,2,d88f6a7f,,,2026-07-15,2026-07-15
4255,8e8c7195,619,2,201,5,465c1c13,,,2026-07-15,2026-07-15
4256,547be205,329,6,204,2,77449c06,,,2026-07-15,2026-07-15
4257,14923003,374,3,201,5,37354f22,,,2026-07-15,2026-07-15
4258,cca07bb2,224,6,204,4,a008a294,,,2026-07-15,2026-07-15
4259,73cd70fc,477,3,204,4,d1cd1e4d,,,2026-07-15,2026-07-15
4260,e1ffd6f1,147,2,205,2,ccde9baa,,,2026-07-15,2026-07-15
4261,8aa351ae,90,7,203,3,b51ae2f1,,,2026-07-15,2026-07-15
4262,8709d1ff,407,2,201,4,205742d2,,,2026-07-15,2026-07-15
4263,424f44b8,330,1,204,2,42d0014c,,,2026-07-15,2026-07-15
4264,a2ae0681,150,1,203,5,66299238,,,2026-07-15,2026-07-15
4265,f1a935d4,211,5,203,3,37354f22,,,2026-07-15,2026-07-15
4266,9d348f96,275,2,203,5,c49ff99c,,,2026-07-15,2026-07-15
4267,2e5cccf7,707,1,205,5,8a51bc70,,,2026-07-15,2026-07-15
4268,595ced42,408,6,204,5,efc887b8,,,2026-07-15,2026-07-15
4269,4260a3c7,192,6,204,4,ef5f41ce,,,2026-07-15,2026-07-15
4270,38b8f7ad,534,3,201,3,a79b76cb,,,2026-07-15,2026-07-15
4271,f6de58c0,33,3,201,2,8111bc07,,,2026-07-15,2026-07-15
4272,8f99bc6c,150,4,205,1,112f9cab,,,2026-07-15,2026-07-15
4273,2c4ab25c,379,7,205,5,c50cc14e,,,2026-07-15,2026-07-15
4274,6cf9dd31,252,5,205,2,f18b66c1,,,2026-07-15,2026-07-15
4275,2513e81b,291,4,204,2,f033669c,,,2026-07-15,2026-07-15
4276,6ed7ceb6,686,5,202,4,6c4f0c4c,,,2026-07-15,2026-07-15
4277,367f239f,295,1,203,3,195b4c1c,,,2026-07-15,2026-07-15
4278,e9b409b2,368,5,204,5,89eec31c,,,2026-07-15,2026-07-15
4279,84065621,458,4,205,3,315f550b,,,2026-07-15,2026-07-15
4280,614665fa,44,1,201,2,970e594b,,,2026-07-15,2026-07-15
4281,f8cebbdb,598,3,202,2,3fc80484,,,2026-07-15,2026-07-15
4282,5eceb71c,634,5,203,5,63369e6c,,,2026-07-15,2026-07-15
4283,67aeaa22,414,7,203,2,7ad06864,,,2026-07-15,2026-07-15
4284,ad015320,262,6,205,3,6c4f0c4c,,,2026-07-15,2026-07-15
4285,61914cf6,58,1,204,5,4049e911,,,2026-07-15,2026-07-15
4286,34b16f8e,501,4,202,2,7fddfb89,,,2026-07-15,2026-07-15
4287,e606d4bb,615,1,203,1,852032b7,,,2026-07-15,2026-07-15
4288,9fe58d5c,711,2,203,1,2c760828,,,2026-07-15,2026-07-15
4289,8390efed,719,6,205,2,9ac47356,,,2026-07-15,2026-07-15
4290,a09d1a3f,176,6,201,5,cd901af9,,,2026-07-15,2026-07-15
4291,dacbd48d,68,5,204,2,c6934f84,,,2026-07-15,2026-07-15
4292,96795ea2,480,5,202,5,c49ff99c,,,2026-07-15,2026-07-15
4293,033733c0,287,7,205,3,97682d83,,,2026-07-15,2026-07-15
4294,f865c9ac,490,2,202,1,de084e17,,,2026-07-15,2026-07-15
4295,e8201bf9,642,3,203,4,d8b06558,,,2026-07-15,2026-07-15
4296,9886a560,599,1,204,3,58954ba4,,,2026-07-15,2026-07-15
4297,a5f26227,572,3,203,3,4049e911,,,2026-07-15,2026-07-15
4298,956899d7,381,3,201,1,dfcfee6c,,,2026-07-15,2026-07-15
4299,076b9b2f,75,7,202,4,6f28469e,,,2026-07-15,2026-07-15
4300,51febe89,3,3,205,4,7e22a2b5,,,2026-07-15,2026-07-15
4301,b10c5c6f,631,7,204,2,c3a6c571,,,2026-07-15,2026-07-15
4302,17fbecdf,45,6,205,3,6a0cd270,,,2026-07-15,2026-07-15
4303,3e05039d,441,2,205,3,ed4939ed,,,2026-07-15,2026-07-15
4304,f8b7e924,251,2,203,5,6ef9ace3,,,2026-07-15,2026-07-15
4305,05da7729,279,3,204,2,41087c74,,,2026-07-15,2026-07-15
4306,70d43ce6,396,5,203,4,e75bb09b,,,2026-07-15,2026-07-15
4307,77ff4bd8,630,1,202,3,57221ec9,,,2026-07-15,2026-07-15
4308,734dfd8d,328,7,204,4,e1e17a72,,,2026-07-15,2026-07-15
4309,b77bb61f,655,2,202,4,df28e3f0,,,2026-07-15,2026-07-15
4310,ca361c8c,178,4,205,3,434c2454,,,2026-07-15,2026-07-15
4311,63a98be7,142,3,203,4,a79b76cb,,,2026-07-15,2026-07-15
4312,84589662,718,4,204,1,425b1d3d,,,2026-07-15,2026-07-15
4313,2a9115d4,309,6,203,4,8111bc07,,,2026-07-15,2026-07-15
4314,5541ab3f,507,7,205,3,61fab6f7,,,2026-07-15,2026-07-15
4315,2169bd80,160,3,205,5,a1ba575a,,,2026-07-15,2026-07-15
4316,d7e9e147,231,2,205,1,7ad06864,,,2026-07-15,2026-07-15
4317,c252f651,614,6,203,3,e5d0ffbb,,,2026-07-15,2026-07-15
4318,ccf73a2c,270,5,201,4,cd901af9,,,2026-07-15,2026-07-15
4319,696e327b,368,3,201,4,27c530c5,,,2026-07-15,2026-07-15
4320,34416c17,220,3,202,4,c7ead2cc,,,2026-07-15,2026-07-15
4321,39485bd8,662,2,205,5,aefc1727,,,2026-07-15,2026-07-15
4322,3630988b,253,2,205,2,367ca016,,,2026-07-15,2026-07-15
4323,1c7fa42f,85,6,202,2,c6934f84,,,2026-07-15,2026-07-15
4324,e6f0bcda,496,1,202,2,38daf3c5,,,2026-07-15,2026-07-15
4325,39ce5690,632,3,204,1,367ca016,,,2026-07-15,2026-07-15
4326,df9fbdc0,396,2,201,4,45592551,,,2026-07-15,2026-07-15
4327,c080a105,136,6,202,4,8125c6f0,,,2026-07-15,2026-07-15
4328,4fcef315,26,3,205,1,72bc630e,,,2026-07-15,2026-07-15
4329,d630f92e,372,2,201,1,28741ecd,,,2026-07-15,2026-07-15
4330,a2aeb8a5,227,5,201,3,f12d0983,,,2026-07-15,2026-07-15
4331,175a9546,639,6,204,1,628a4d89,,,2026-07-15,2026-07-15
4332,88df7f5b,121,1,204,1,fe86a413,,,2026-07-15,2026-07-15
4333,78639145,395,7,201,2,b7effad0,,,2026-07-15,2026-07-15
4334,deb4641c,697,1,203,1,3a1756fa,,,2026-07-15,2026-07-15
4335,8c2f9940,381,3,203,3,3d6a9dc8,,,2026-07-15,2026-07-15
4336,cf240586,388,4,202,5,ed4939ed,,,2026-07-15,2026-07-15
4337,eda1feed,26,5,202,5,abeb982e,,,2026-07-15,2026-07-15
4338,b89e1219,300,3,204,2,efc887b8,,,2026-07-15,2026-07-15
4339,8a078e42,348,2,201,1,c49ff99c,,,2026-07-15,2026-07-15
4340,64fb2cad,342,1,202,3,1f937553,,,2026-07-15,2026-07-15
4341,f33c4dc1,280,7,203,2,9dd48364,,,2026-07-15,2026-07-15
4342,35f768bc,189,1,201,4,2dcdeda3,,,2026-07-15,2026-07-15
4343,3c9cf05f,501,3,202,1,bd5892a8,,,2026-07-15,2026-07-15
4344,eb55d76d,360,5,203,1,f22bf066,,,2026-07-15,2026-07-15
4345,4fceaee5,606,2,203,2,f033669c,,,2026-07-15,2026-07-15
4346,531001b2,608,6,203,4,b5297bc8,,,2026-07-15,2026-07-15
4347,32a84c3b,65,5,201,5,ba285e29,,,2026-07-15,2026-07-15
4348,a8b02c86,136,6,203,2,a5d658b7,,,2026-07-15,2026-07-15
4349,55210f97,599,6,204,2,95f70b4e,,,2026-07-15,2026-07-15
4350,a09f76b5,203,6,201,1,c4993de9,,,2026-07-15,2026-07-15
4351,c97f8158,571,6,202,2,ef75b4bf,,,2026-07-15,2026-07-15
4352,0871c8f5,310,5,201,2,a4e3426c,,,2026-07-15,2026-07-15
4353,46d7efca,352,7,204,3,86613e2d,,,2026-07-15,2026-07-15
4354,fe923997,341,3,204,3,4db20d32,,,2026-07-15,2026-07-15
4355,67ed898e,696,2,202,2,dd3198d1,,,2026-07-15,2026-07-15
4356,cbc27df3,533,5,202,5,18d773af,,,2026-07-15,2026-07-15
4357,4854ff50,523,4,201,4,ac2c30bf,,,2026-07-15,2026-07-15
4358,c38ed111,591,4,202,3,20f9eb9c,,,2026-07-15,2026-07-15
4359,ee5eaad2,284,2,201,3,944084a9,,,2026-07-15,2026-07-15
4360,841e9753,21,7,205,4,6a0cd270,,,2026-07-15,2026-07-15
4361,1d0d56e4,7,7,204,3,fc9cf0b8,,,2026-07-15,2026-07-15
4362,df450a6e,668,7,204,1,3973c30a,,,2026-07-15,2026-07-15
4363,80fe8728,123,2,203,5,1e59121b,,,2026-07-15,2026-07-15
4364,6dfa9228,570,1,205,2,c6934f84,,,2026-07-15,2026-07-15
4365,a8595cae,265,5,201,5,8d3cc46f,,,2026-07-15,2026-07-15
4366,50db07a7,407,7,203,5,58954ba4,,,2026-07-15,2026-07-15
4367,44b4f834,491,3,205,5,38daf3c5,,,2026-07-15,2026-07-15
4368,c239e403,224,7,204,1,86613e2d,,,2026-07-15,2026-07-15
4369,499b120b,649,3,202,2,2df8b6f4,,,2026-07-15,2026-07-15
4370,88470a4c,259,7,202,1,4799194e,,,2026-07-15,2026-07-15
4371,689d4a62,669,2,202,4,367ca016,,,2026-07-15,2026-07-15
4372,c203880a,170,2,201,4,cb8ec133,,,2026-07-15,2026-07-15
4373,a4154521,76,4,205,1,69956359,,,2026-07-15,2026-07-15
4374,ba33be24,81,2,204,3,0a18e760,,,2026-07-15,2026-07-15
4375,059f5ce8,719,3,205,2,0b6ae467,,,2026-07-15,2026-07-15
4376,f8033dd9,468,7,203,2,5a5bf759,,,2026-07-15,2026-07-15
4377,7242e3a3,598,4,202,5,195b4c1c,,,2026-07-15,2026-07-15
4378,a9d5ba78,414,2,201,2,718406a2,,,2026-07-15,2026-07-15
4379,0f6ecdaf,245,4,204,2,d8edbef1,,,2026-07-15,2026-07-15
4380,dd336a02,624,7,205,5,ec5b641f,,,2026-07-15,2026-07-15
4381,5f93d720,165,4,204,1,e75bb09b,,,2026-07-15,2026-07-15
4382,812f49b0,133,7,203,5,fa853203,,,2026-07-15,2026-07-15
4383,d965e2d3,146,6,205,3,7e22a2b5,,,2026-07-15,2026-07-15
4384,1f48bb1e,145,1,203,2,52b3375c,,,2026-07-15,2026-07-15
4385,eba71fab,429,5,201,5,7a5bc5c2,,,2026-07-15,2026-07-15
4386,731a8e16,57,2,203,3,6f28469e,,,2026-07-15,2026-07-15
4387,b902f418,331,2,204,2,7643c1ee,,,2026-07-15,2026-07-15
4388,e88da971,3,3,203,4,68f3c4e5,,,2026-07-15,2026-07-15
4389,04f53c44,456,6,204,2,72b21457,,,2026-07-15,2026-07-15
4390,aff98783,649,1,202,2,531113e4,,,2026-07-15,2026-07-15
4391,55ad3684,441,2,205,4,2a9b3aaa,,,2026-07-15,2026-07-15
4392,f9ccdd3a,725,2,201,2,a426a28e,,,2026-07-15,2026-07-15
4393,0fa9e54e,584,2,204,3,7b748fb3,,,2026-07-15,2026-07-15
4394,f39fd68c,536,4,204,5,e1e17a72,,,2026-07-15,2026-07-15
4395,c6186966,521,3,205,4,bb9d2955,,,2026-07-15,2026-07-15
4396,04c8ae74,110,1,205,3,0d4d4804,,,2026-07-15,2026-07-15
4397,468f7ce9,580,4,203,1,6ef9ace3,,,2026-07-15,2026-07-15
4398,da50afac,478,5,203,5,628a4d89,,,2026-07-15,2026-07-15
4399,a384c79a,109,1,202,4,ca496ce9,,,2026-07-15,2026-07-15
4400,37d58dd5,563,7,203,1,b03540b1,,,2026-07-15,2026-07-15
4401,4f3d0a0d,29,7,205,2,ff079788,,,2026-07-15,2026-07-15
4402,17b40b19,721,1,201,1,112f9cab,,,2026-07-15,2026-07-15
4403,ca3c0375,436,5,203,1,c4993de9,,,2026-07-15,2026-07-15
4404,e16bd223,323,3,205,1,fc9cf0b8,,,2026-07-15,2026-07-15
4405,5c2333e3,559,6,205,4,01974f0f,,,2026-07-15,2026-07-15
4406,7ece5534,263,7,203,4,df28e3f0,,,2026-07-15,2026-07-15
4407,c041a872,279,5,204,3,dfcfee6c,,,2026-07-15,2026-07-15
4408,840319ee,523,3,204,3,6f28469e,,,2026-07-15,2026-07-15
4409,3dfb44b8,525,1,204,2,4aeffd09,,,2026-07-15,2026-07-15
4410,ec993216,435,6,204,1,91c9bcd7,,,2026-07-15,2026-07-15
4411,8571e3c8,426,2,204,5,369a8438,,,2026-07-15,2026-07-15
4412,17ff3961,253,7,201,4,1d9305e2,,,2026-07-15,2026-07-15
4413,e2ed30e9,371,5,201,3,ccde9baa,,,2026-07-15,2026-07-15
4414,0d33e063,222,7,205,2,e9238f3f,,,2026-07-15,2026-07-15
4415,1a2de7e9,198,7,204,1,ac535caa,,,2026-07-15,2026-07-15
4416,41fb0a4c,394,7,204,2,4960cc67,,,2026-07-15,2026-07-15
4417,36734ec3,145,3,203,3,442d941c,,,2026-07-15,2026-07-15
4418,e82022a4,241,2,205,1,77c6d634,,,2026-07-15,2026-07-15
4419,7374cd1b,67,2,202,1,3fc80484,,,2026-07-15,2026-07-15
4420,e7c4277e,85,4,204,4,86613e2d,,,2026-07-15,2026-07-15
4421,f040bf4f,573,1,201,3,89eec31c,,,2026-07-15,2026-07-15
4422,d0ee735a,384,4,201,4,487a1dd7,,,2026-07-15,2026-07-15
4423,2c6ed585,723,2,205,4,f033669c,,,2026-07-15,2026-07-15
4424,dbad5404,422,3,201,3,e3ec02d4,,,2026-07-15,2026-07-15
4425,29be245a,595,4,202,2,18d773af,,,2026-07-15,2026-07-15
4426,f1edbfcb,588,7,201,2,e5d0ffbb,,,2026-07-15,2026-07-15
4427,ef4db348,216,7,202,4,14a4c03c,,,2026-07-15,2026-07-15
4428,7dca0d50,560,3,204,4,4e431688,,,2026-07-15,2026-07-15
4429,7763d644,708,7,201,4,e52f5ed8,,,2026-07-15,2026-07-15
4430,bc03116d,272,1,201,5,487a1dd7,,,2026-07-15,2026-07-15
4431,e6996130,610,1,205,4,dd410d5f,,,2026-07-15,2026-07-15
4432,f1723fdc,45,1,204,4,4049e911,,,2026-07-15,2026-07-15
4433,8f625f8a,729,7,205,5,7b748fb3,,,2026-07-15,2026-07-15
4434,845cb7a6,54,6,204,4,e6d45de3,,,2026-07-15,2026-07-15
4435,e004ff8e,122,1,202,4,ff079788,,,2026-07-15,2026-07-15
4436,9d2947f2,465,1,204,2,4392286c,,,2026-07-15,2026-07-15
4437,e836d3ee,316,5,203,1,97682d83,,,2026-07-15,2026-07-15
4438,cb8a2a8a,91,3,202,4,970e594b,,,2026-07-15,2026-07-15
4439,c81ff96c,671,6,203,2,346c1416,,,2026-07-15,2026-07-15
4440,37a96449,553,5,203,2,c50cc14e,,,2026-07-15,2026-07-15
4441,f479ecfc,497,4,201,1,e942aab7,,,2026-07-15,2026-07-15
4442,47351931,518,3,204,2,4db20d32,,,2026-07-15,2026-07-15
4443,8438ba6e,665,7,203,4,de084e17,,,2026-07-15,2026-07-15
4444,39d24582,562,6,205,5,f27a730c,,,2026-07-15,2026-07-15
4445,b6701a37,632,5,204,1,f399f8e1,,,2026-07-15,2026-07-15
4446,b9b3f300,586,4,205,1,bed1ac6c,,,2026-07-15,2026-07-15
4447,68cb3697,569,7,203,5,ca496ce9,,,2026-07-15,2026-07-15
4448,bd67155d,170,1,205,3,99fed753,,,2026-07-15,2026-07-15
4449,efc7b5dc,457,2,205,3,e9238f3f,,,2026-07-15,2026-07-15
4450,19f14147,591,1,205,2,8b414a94,,,2026-07-15,2026-07-15
4451,eefdb073,608,7,204,3,b730e9e6,,,2026-07-15,2026-07-15
4452,49c5d2ce,450,1,205,5,a4e3426c,,,2026-07-15,2026-07-15
4453,dd57ef86,388,3,204,5,fb87e33d,,,2026-07-15,2026-07-15
4454,ebeaa1e0,527,7,203,4,f27a730c,,,2026-07-15,2026-07-15
4455,fc05eccf,460,7,201,2,52b3375c,,,2026-07-15,2026-07-15
4456,02d0e19b,500,4,205,1,3832abbc,,,2026-07-15,2026-07-15
4457,2525ea0b,223,4,202,4,ff079788,,,2026-07-15,2026-07-15
4458,433fe596,461,3,202,3,70bfbcda,,,2026-07-15,2026-07-15
4459,89dc697e,437,1,205,5,6958bb49,,,2026-07-15,2026-07-15
4460,1033b7a3,133,7,203,3,95ec6e5b,,,2026-07-15,2026-07-15
4461,753d5c34,258,1,203,5,ede49010,,,2026-07-15,2026-07-15
4462,fc32cdca,609,7,205,4,c7ead2cc,,,2026-07-15,2026-07-15
4463,ba88905c,514,7,205,1,943eab83,,,2026-07-15,2026-07-15
4464,01c78508,39,6,201,3,1aaa9d3a,,,2026-07-15,2026-07-15
4465,f5394fdb,219,7,205,4,a30580a1,,,2026-07-15,2026-07-15
4466,e3ac3205,595,4,205,1,f12d0983,,,2026-07-15,2026-07-15
4467,72b40bd8,478,1,205,5,641c61ac,,,2026-07-15,2026-07-15
4468,a5b4e237,231,4,205,5,1d9305e2,,,2026-07-15,2026-07-15
4469,e960b50e,664,7,201,5,d8b06558,,,2026-07-15,2026-07-15
4470,4e8d4c6b,509,4,203,4,bde42cc1,,,2026-07-15,2026-07-15
4471,98bad604,143,1,204,5,f7817da3,,,2026-07-15,2026-07-15
4472,207556de,612,6,205,2,1e59121b,,,2026-07-15,2026-07-15
4473,ae0a6309,398,1,201,1,62bfa0d9,,,2026-07-15,2026-07-15
4474,bd12acf3,656,7,202,1,4ba49536,,,2026-07-15,2026-07-15
4475,654954a2,629,7,201,5,3832abbc,,,2026-07-15,2026-07-15
4476,f4f23721,25,4,203,3,d2c89978,,,2026-07-15,2026-07-15
4477,77af0b32,566,4,202,5,ddaa1bf9,,,2026-07-15,2026-07-15
4478,707ec229,397,7,201,4,a30580a1,,,2026-07-15,2026-07-15
4479,c17839c2,665,3,204,1,5e91ed7b,,,2026-07-15,2026-07-15
4480,44c8a68a,71,1,201,4,4d5e252e,,,2026-07-15,2026-07-15
4481,b02ba8c3,188,6,203,2,3cc541a7,,,2026-07-15,2026-07-15
4482,520ab2e2,321,7,204,2,e75bb09b,,,2026-07-15,2026-07-15
4483,4eb43c7e,403,1,204,1,c88f1b8d,,,2026-07-15,2026-07-15
4484,6c02dcd2,485,3,201,5,a71b0343,,,2026-07-15,2026-07-15
4485,6960bd16,189,3,203,3,45c95088,,,2026-07-15,2026-07-15
4486,e03dd501,705,6,201,5,f6e5fc4d,,,2026-07-15,2026-07-15
4487,5372d905,351,5,202,4,6b71e7b7,,,2026-07-15,2026-07-15
4488,9bf324f1,656,4,205,2,1d498af8,,,2026-07-15,2026-07-15
4489,0bd6e408,87,6,203,3,45c95088,,,2026-07-15,2026-07-15
4490,cbab4c9d,650,1,205,3,3a1572cc,,,2026-07-15,2026-07-15
4491,0f8d101d,60,4,202,2,50641c23,,,2026-07-15,2026-07-15
4492,c8a64390,464,7,204,2,57be6156,,,2026-07-15,2026-07-15
4493,3b02eef5,506,4,204,3,852032b7,,,2026-07-15,2026-07-15
4494,e72b9006,509,2,204,5,442d941c,,,2026-07-15,2026-07-15
4495,2d9a6c46,7,5,203,4,641c61ac,,,2026-07-15,2026-07-15
4496,f55cee3d,690,1,203,2,d8b06558,,,2026-07-15,2026-07-15
4497,eacd8c8a,109,7,204,2,b03540b1,,,2026-07-15,2026-07-15
4498,8a60dd36,153,2,203,4,52368d16,,,2026-07-15,2026-07-15
4499,c92fcb00,276,3,201,2,4aeffd09,,,2026-07-15,2026-07-15
4500,da861496,241,1,204,4,3973c30a,,,2026-07-15,2026-07-15
4501,77accd4b,139,6,201,4,cee867e3,,,2026-07-15,2026-07-15
4502,d696179d,707,2,205,2,70bfbcda,,,2026-07-15,2026-07-15
4503,2f0e950f,247,7,201,2,4d5e252e,,,2026-07-15,2026-07-15
4504,580b6a3b,56,4,202,5,a0d8ebba,,,2026-07-15,2026-07-15
4505,f1c72ac8,251,7,202,5,641c61ac,,,2026-07-15,2026-07-15
4506,b85a1714,465,3,203,1,fc9cf0b8,,,2026-07-15,2026-07-15
4507,58c4d4be,68,2,202,2,943eab83,,,2026-07-15,2026-07-15
4508,3807549b,701,4,205,4,6ee48559,,,2026-07-15,2026-07-15
4509,bc15a3c8,484,7,205,1,1dc2bf91,,,2026-07-15,2026-07-15
4510,c5c673e2,490,7,201,4,0b454108,,,2026-07-15,2026-07-15
4511,d2babd33,232,6,204,5,91c9bcd7,,,2026-07-15,2026-07-15
4512,f952393d,470,7,201,4,9efecf41,,,2026-07-15,2026-07-15
4513,a38bf496,321,2,202,3,ec5b641f,,,2026-07-15,2026-07-15
4514,4bad2409,280,5,201,5,482ffe65,,,2026-07-15,2026-07-15
4515,66ba52e5,396,6,204,2,56205f69,,,2026-07-15,2026-07-15
4516,9ab28d90,653,6,204,2,487a1dd7,,,2026-07-15,2026-07-15
4517,c47fb4fb,319,4,205,4,6a0cd270,,,2026-07-15,2026-07-15
4518,9c015912,12,1,205,3,0d484e5f,,,2026-07-15,2026-07-15
4519,c10bffe6,374,5,202,4,6780333b,,,2026-07-15,2026-07-15
4520,396821e5,686,1,201,1,e75bb09b,,,2026-07-15,2026-07-15
4521,8ae11d7e,376,2,204,2,ae76cc5c,,,2026-07-15,2026-07-15
4522,05b59df6,336,2,204,3,c50cc14e,,,2026-07-15,2026-07-15
4523,cc1f674f,45,3,201,4,c7ead2cc,,,2026-07-15,2026-07-15
4524,cd33285b,351,1,202,4,b68bef7e,,,2026-07-15,2026-07-15
4525,77053eca,457,4,202,4,6c4f0c4c,,,2026-07-15,2026-07-15
4526,a7aa4444,3,3,201,2,531113e4,,,2026-07-15,2026-07-15
4527,87173fa3,99,3,203,3,fe86a413,,,2026-07-15,2026-07-15
4528,c1bcfa45,97,1,202,1,c578c38f,,,2026-07-15,2026-07-15
4529,70454747,413,6,204,4,91a6c884,,,2026-07-15,2026-07-15
4530,c0486583,176,3,202,1,13a46227,,,2026-07-15,2026-07-15
4531,89aa585e,26,2,202,4,77449c06,,,2026-07-15,2026-07-15
4532,a1ae987b,654,7,205,4,5dff7cb7,,,2026-07-15,2026-07-15
4533,d231bbb8,400,2,201,3,45592551,,,2026-07-15,2026-07-15
4534,38ebe598,412,3,205,4,2b2175cd,,,2026-07-15,2026-07-15
4535,30d7c1c5,694,5,205,4,ba285e29,,,2026-07-15,2026-07-15
4536,3b945376,139,6,204,2,03f0acfa,,,2026-07-15,2026-07-15
4537,c521b4be,280,4,205,3,3f26afe9,,,2026-07-15,2026-07-15
4538,de87d628,296,5,203,4,91c9bcd7,,,2026-07-15,2026-07-15
4539,92cbba1e,82,2,203,4,ee98f97e,,,2026-07-15,2026-07-15
4540,f436d8ea,204,6,204,5,ef75b4bf,,,2026-07-15,2026-07-15
4541,39ab27ae,76,1,203,4,c50cc14e,,,2026-07-15,2026-07-15
4542,ef758ced,347,2,205,4,1139e59a,,,2026-07-15,2026-07-15
4543,ad827b56,529,1,203,5,fe86a413,,,2026-07-15,2026-07-15
4544,a4872361,235,5,204,2,42d0014c,,,2026-07-15,2026-07-15
4545,fbbe2c00,39,7,201,4,35acd685,,,2026-07-15,2026-07-15
4546,25c0c079,110,3,202,5,febfde98,,,2026-07-15,2026-07-15
4547,b00e2be1,180,4,201,2,38daf3c5,,,2026-07-15,2026-07-15
4548,9ad91716,425,2,203,4,f27a730c,,,2026-07-15,2026-07-15
4549,461e135f,216,2,204,4,6780333b,,,2026-07-15,2026-07-15
4550,1485ec5b,503,3,203,5,e224a8c6,,,2026-07-15,2026-07-15
4551,0855efe9,567,7,205,5,c3a6c571,,,2026-07-15,2026-07-15
4552,e0a12b1a,488,2,201,3,852032b7,,,2026-07-15,2026-07-15
4553,adabd1b2,242,2,201,2,8ad52b25,,,2026-07-15,2026-07-15
4554,c5156507,383,7,204,3,14a4c03c,,,2026-07-15,2026-07-15
4555,3a32b4b4,439,2,203,5,860df6aa,,,2026-07-15,2026-07-15
4556,a8a0364b,181,2,201,1,11f3df17,,,2026-07-15,2026-07-15
4557,1d6bae7c,194,1,203,1,45592551,,,2026-07-15,2026-07-15
4558,06baffd9,575,5,202,2,3fc80484,,,2026-07-15,2026-07-15
4559,57a99567,210,6,204,2,fc9cf0b8,,,2026-07-15,2026-07-15
4560,79b2f0c6,669,2,202,4,4bc76ae2,,,2026-07-15,2026-07-15
4561,c8f0cb51,606,2,205,1,943eab83,,,2026-07-15,2026-07-15
4562,b63ec2bf,118,6,202,3,63baf574,,,2026-07-15,2026-07-15
4563,310c7536,595,4,202,4,2c760828,,,2026-07-15,2026-07-15
4564,025aab30,614,3,203,3,1d9305e2,,,2026-07-15,2026-07-15
4565,534a2705,320,2,204,1,77c6d634,,,2026-07-15,2026-07-15
4566,03974327,265,6,201,3,b755ebae,,,2026-07-15,2026-07-15
4567,72a0bf93,318,2,201,5,1dc2bf91,,,2026-07-15,2026-07-15
4568,32bb8843,533,1,202,4,4960cc67,,,2026-07-15,2026-07-15
4569,217a1127,325,7,204,4,a30580a1,,,2026-07-15,2026-07-15
4570,ef06e285,3,1,203,3,35f98e98,,,2026-07-15,2026-07-15
4571,a8449acc,148,6,204,4,50987e86,,,2026-07-15,2026-07-15
4572,b8b9ab2b,569,2,205,4,37354f22,,,2026-07-15,2026-07-15
4573,a8007fbd,41,7,202,3,1df1fe50,,,2026-07-15,2026-07-15
4574,d5af4983,221,3,204,1,e89b35ce,,,2026-07-15,2026-07-15
4575,7cced3a8,457,1,205,2,f18b66c1,,,2026-07-15,2026-07-15
4576,1a344c69,585,7,205,1,082d21de,,,2026-07-15,2026-07-15
4577,9f54017b,28,2,204,4,3d657bb9,,,2026-07-15,2026-07-15
4578,a4deea4f,689,5,204,5,895b017c,,,2026-07-15,2026-07-15
4579,dd6ee976,10,3,204,1,943eab83,,,2026-07-15,2026-07-15
4580,04f97903,673,3,201,4,7e22a2b5,,,2026-07-15,2026-07-15
4581,0a35ab71,473,3,205,3,f22bf066,,,2026-07-15,2026-07-15
4582,fd3e027a,555,5,204,5,1e6e7fcd,,,2026-07-15,2026-07-15
4583,26b4c658,364,7,203,2,ff079788,,,2026-07-15,2026-07-15
4584,f1cad4be,443,3,203,4,fdb588e8,,,2026-07-15,2026-07-15
4585,62bc2335,585,3,203,4,487a1dd7,,,2026-07-15,2026-07-15
4586,229359d8,149,4,203,5,205742d2,,,2026-07-15,2026-07-15
4587,cd054052,303,3,203,5,ae0deda5,,,2026-07-15,2026-07-15
4588,c40febbd,65,2,204,1,20f9eb9c,,,2026-07-15,2026-07-15
4589,ac9d108f,99,6,203,2,8ad52b25,,,2026-07-15,2026-07-15
4590,4b2b428d,350,4,201,4,5dff7cb7,,,2026-07-15,2026-07-15
4591,54b94c1e,79,4,203,3,50641c23,,,2026-07-15,2026-07-15
4592,368f1976,305,3,202,2,a5d658b7,,,2026-07-15,2026-07-15
4593,b3b4ea74,712,7,201,5,021c675d,,,2026-07-15,2026-07-15
4594,33ed34d0,692,5,203,2,0b6ae467,,,2026-07-15,2026-07-15
4595,6ccad947,79,5,203,5,0fcaa55a,,,2026-07-15,2026-07-15
4596,1aed6470,706,2,204,5,abeb982e,,,2026-07-15,2026-07-15
4597,7a00a8dc,107,1,205,1,b68bef7e,,,2026-07-15,2026-07-15
4598,2f673a38,460,4,203,1,62bfa0d9,,,2026-07-15,2026-07-15
4599,a0e1eec1,1,7,205,4,5dff7cb7,,,2026-07-15,2026-07-15
4600,d2691a04,361,7,204,2,aefc1727,,,2026-07-15,2026-07-15
4601,faa36230,3,7,203,1,3110a49a,,,2026-07-15,2026-07-15
4602,435605a4,171,6,202,3,b7effad0,,,2026-07-15,2026-07-15
4603,15facc0d,601,1,203,3,1a601f48,,,2026-07-15,2026-07-15
4604,5a76f272,86,1,202,1,4aeffd09,,,2026-07-15,2026-07-15
4605,9f49f39e,294,2,201,4,45c95088,,,2026-07-15,2026-07-15
4606,5d19196f,583,2,201,4,d8edbef1,,,2026-07-15,2026-07-15
4607,79e9adf2,404,3,205,1,1aaa9d3a,,,2026-07-15,2026-07-15
4608,6b557444,95,7,201,2,8ad52b25,,,2026-07-15,2026-07-15
4609,2109073c,730,2,202,4,b68bef7e,,,2026-07-15,2026-07-15
4610,9ca3802b,640,1,203,4,4943c5d9,,,2026-07-15,2026-07-15
4611,3f04c2f5,465,5,202,5,25b7eced,,,2026-07-15,2026-07-15
4612,8c87bad8,604,7,205,3,5a5bf759,,,2026-07-15,2026-07-15
4613,6d9a30f0,398,3,201,5,7704f92c,,,2026-07-15,2026-07-15
4614,84fe9821,17,2,205,1,95f70b4e,,,2026-07-15,2026-07-15
4615,1e4ad0a0,54,1,205,2,827ac471,,,2026-07-15,2026-07-15
4616,ce4ce524,59,4,201,1,1dc2bf91,,,2026-07-15,2026-07-15
4617,b4d67b59,101,2,204,2,3a1756fa,,,2026-07-15,2026-07-15
4618,3be67503,597,7,201,2,ccde9baa,,,2026-07-15,2026-07-15
4619,89094444,525,4,202,2,37166503,,,2026-07-15,2026-07-15
4620,877a2651,227,4,203,2,d1cd1e4d,,,2026-07-15,2026-07-15
4621,025f971b,374,6,203,5,32029984,,,2026-07-15,2026-07-15
4622,051ed791,37,2,203,3,0968f5a7,,,2026-07-15,2026-07-15
4623,d0932937,498,5,204,1,5f2ab070,,,2026-07-15,2026-07-15
4624,b5d79b34,371,7,201,2,4e431688,,,2026-07-15,2026-07-15
4625,dbb655b6,324,4,201,3,e942aab7,,,2026-07-15,2026-07-15
4626,50138fad,573,2,203,3,aefc1727,,,2026-07-15,2026-07-15
4627,81997e4a,45,6,204,4,b7effad0,,,2026-07-15,2026-07-15
4628,80ad5efa,110,2,202,5,7704f92c,,,2026-07-15,2026-07-15
4629,7a2fd86b,721,2,202,2,d1cd1e4d,,,2026-07-15,2026-07-15
4630,ace087fc,594,6,202,2,bc297930,,,2026-07-15,2026-07-15
4631,474e2741,367,3,204,2,b115a948,,,2026-07-15,2026-07-15
4632,e9099617,27,3,201,3,b3125078,,,2026-07-15,2026-07-15
4633,1b7513c6,588,3,201,1,719fa89e,,,2026-07-15,2026-07-15
4634,1ac81505,31,4,204,2,4aeffd09,,,2026-07-15,2026-07-15
4635,6c1b3cc0,393,3,203,2,ce1b52ae,,,2026-07-15,2026-07-15
4636,51f3df0c,552,7,201,1,1242762d,,,2026-07-15,2026-07-15
4637,915e5ae2,721,2,204,3,87830e43,,,2026-07-15,2026-07-15
4638,14fd5655,280,4,202,3,97682d83,,,2026-07-15,2026-07-15
4639,5b45690c,448,3,203,3,465c1c13,,,2026-07-15,2026-07-15
4640,c80e0f5c,528,3,202,3,bed1ac6c,,,2026-07-15,2026-07-15
4641,747a1592,259,3,205,3,dfe6e1ff,,,2026-07-15,2026-07-15
4642,ec0b0e47,22,4,201,5,3cc541a7,,,2026-07-15,2026-07-15
4643,58528295,256,5,204,4,c84a0390,,,2026-07-15,2026-07-15
4644,c2528f44,76,5,203,4,4960cc67,,,2026-07-15,2026-07-15
4645,6433dabb,685,2,201,5,a30580a1,,,2026-07-15,2026-07-15
4646,2e0d3682,142,4,204,2,367ca016,,,2026-07-15,2026-07-15
4647,669998b8,337,1,204,3,dfcfee6c,,,2026-07-15,2026-07-15
4648,3c0222c7,604,2,202,4,346c1416,,,2026-07-15,2026-07-15
4649,b367fa94,121,3,202,5,eb3c1fb7,,,2026-07-15,2026-07-15
4650,36a35875,581,4,203,2,70bfbcda,,,2026-07-15,2026-07-15
4651,46f9cf06,445,3,202,5,4363b8d6,,,2026-07-15,2026-07-15
4652,ffa018b7,663,1,203,2,72b21457,,,2026-07-15,2026-07-15
4653,4adad804,494,2,203,2,2b2175cd,,,2026-07-15,2026-07-15
4654,d0a36751,295,5,201,4,4ba49536,,,2026-07-15,2026-07-15
4655,de28578b,289,7,201,1,b7effad0,,,2026-07-15,2026-07-15
4656,397e796a,380,7,204,2,827ac471,,,2026-07-15,2026-07-15
4657,c220001b,275,2,203,3,28741ecd,,,2026-07-15,2026-07-15
4658,486f104c,163,1,204,4,827ac471,,,2026-07-15,2026-07-15
4659,afe08830,695,4,203,1,f0758699,,,2026-07-15,2026-07-15
4660,43fa2977,696,5,201,5,548dc0b3,,,2026-07-15,2026-07-15
4661,4ac8e484,364,7,202,5,b730e9e6,,,2026-07-15,2026-07-15
4662,e70b832b,711,2,202,3,f0758699,,,2026-07-15,2026-07-15
4663,c4345ad7,125,7,205,3,195b4c1c,,,2026-07-15,2026-07-15
4664,dad4a1cf,614,4,202,4,5e4299db,,,2026-07-15,2026-07-15
4665,c9811f0f,558,1,205,3,4392286c,,,2026-07-15,2026-07-15
4666,339390be,314,6,205,4,95f70b4e,,,2026-07-15,2026-07-15
4667,14b1f20e,489,2,205,3,ed4939ed,,,2026-07-15,2026-07-15
4668,3ace7577,96,6,203,1,84b47f93,,,2026-07-15,2026-07-15
4669,3da9f74e,705,4,201,1,89c3a817,,,2026-07-15,2026-07-15
4670,fd037ba8,599,1,205,2,ed90a296,,,2026-07-15,2026-07-15
4671,cecbaeb3,110,3,205,4,0d484e5f,,,2026-07-15,2026-07-15
4672,c88815f0,631,7,204,4,b716556b,,,2026-07-15,2026-07-15
4673,f4db22d0,112,2,202,3,5482a297,,,2026-07-15,2026-07-15
4674,0472476b,225,1,201,4,f27a730c,,,2026-07-15,2026-07-15
4675,23aba7c7,326,6,203,1,f0924da4,,,2026-07-15,2026-07-15
4676,9e168109,507,4,201,1,550393a0,,,2026-07-15,2026-07-15
4677,e792763a,680,7,204,5,4ba49536,,,2026-07-15,2026-07-15
4678,fb16f8eb,154,4,204,4,ca496ce9,,,2026-07-15,2026-07-15
4679,bbea71cc,233,1,203,2,205742d2,,,2026-07-15,2026-07-15
4680,03884e76,162,5,205,3,6568690c,,,2026-07-15,2026-07-15
4681,2be22edf,635,2,201,3,442d941c,,,2026-07-15,2026-07-15
4682,1e5c0c4f,471,1,202,2,89c3a817,,,2026-07-15,2026-07-15
4683,8bf4d75e,440,7,203,5,8111bc07,,,2026-07-15,2026-07-15
4684,cbfd7be0,207,5,202,1,45592551,,,2026-07-15,2026-07-15
4685,757ab2a1,644,4,204,2,b03540b1,,,2026-07-15,2026-07-15
4686,eeb04847,177,2,203,3,5e4299db,,,2026-07-15,2026-07-15
4687,35a1e9a7,27,7,204,1,a8a7db6d,,,2026-07-15,2026-07-15
4688,9b66aeba,425,2,205,4,0d4d4804,,,2026-07-15,2026-07-15
4689,b18e238d,49,2,202,3,3a1572cc,,,2026-07-15,2026-07-15
4690,9c1a416d,144,2,204,5,bed1ac6c,,,2026-07-15,2026-07-15
4691,32dffea4,29,5,201,2,c7ead2cc,,,2026-07-15,2026-07-15
4692,b67a0b37,68,7,201,2,e52f5ed8,,,2026-07-15,2026-07-15
4693,6e4bf98e,330,6,203,1,ede49010,,,2026-07-15,2026-07-15
4694,f769597a,570,5,202,5,c84a0390,,,2026-07-15,2026-07-15
4695,02c6e3df,7,7,203,2,6ef9ace3,,,2026-07-15,2026-07-15
4696,7f25f03a,569,5,204,3,69b06aa6,,,2026-07-15,2026-07-15
4697,6fb51e4e,695,6,201,2,5dff7cb7,,,2026-07-15,2026-07-15
4698,4e329c0e,361,4,205,2,3d657bb9,,,2026-07-15,2026-07-15
4699,d7ab0b55,119,2,205,5,3973c30a,,,2026-07-15,2026-07-15
4700,67621810,64,4,205,2,e03caed0,,,2026-07-15,2026-07-15
4701,ce5331f2,526,5,203,2,7fddfb89,,,2026-07-15,2026-07-15
4702,ce0ce913,395,1,203,3,91a6c884,,,2026-07-15,2026-07-15
4703,45487d4f,119,2,203,1,3973c30a,,,2026-07-15,2026-07-15
4704,f2f33d21,550,5,203,5,ed4939ed,,,2026-07-15,2026-07-15
4705,3f929507,628,3,204,4,dd88df46,,,2026-07-15,2026-07-15
4706,3c02806d,276,4,202,4,1d498af8,,,2026-07-15,2026-07-15
4707,780f1745,255,4,205,3,19a61dd4,,,2026-07-15,2026-07-15
4708,0d678a7c,502,5,205,2,5e91ed7b,,,2026-07-15,2026-07-15
4709,a8bb0b08,246,1,204,2,548dc0b3,,,2026-07-15,2026-07-15
4710,8e13b306,107,1,201,3,3c63e5d3,,,2026-07-15,2026-07-15
4711,d773a4b7,550,4,201,2,aece207c,,,2026-07-15,2026-07-15
4712,1ccf29c0,167,1,201,2,d9c08140,,,2026-07-15,2026-07-15
4713,d0175ebb,15,3,202,1,2c760828,,,2026-07-15,2026-07-15
4714,05681cfc,319,2,203,4,50641c23,,,2026-07-15,2026-07-15
4715,70924766,727,5,201,2,0968f5a7,,,2026-07-15,2026-07-15
4716,ee76feeb,400,3,204,4,346c1416,,,2026-07-15,2026-07-15
4717,a3d8c61b,601,5,203,4,346c1416,,,2026-07-15,2026-07-15
4718,aa86b5bf,719,4,202,3,ddaa1bf9,,,2026-07-15,2026-07-15
4719,f3e29173,206,3,205,4,5a53b8e9,,,2026-07-15,2026-07-15
4720,a2a307fa,74,5,202,3,b3125078,,,2026-07-15,2026-07-15
4721,51a33fa4,284,7,204,1,d8b06558,,,2026-07-15,2026-07-15
4722,0a6a0243,299,2,205,1,1e59121b,,,2026-07-15,2026-07-15
4723,9c713be1,212,6,204,2,56205f69,,,2026-07-15,2026-07-15
4724,9cc2a083,245,2,202,3,ae18638f,,,2026-07-15,2026-07-15
4725,77f5bb25,240,2,202,1,6ee48559,,,2026-07-15,2026-07-15
4726,e7a9fe9a,526,1,204,2,6958bb49,,,2026-07-15,2026-07-15
4727,16d92d1c,144,1,202,3,205742d2,,,2026-07-15,2026-07-15
4728,bd4e0002,210,4,203,4,5482a297,,,2026-07-15,2026-07-15
4729,fd3e55c5,430,7,205,1,b51ae2f1,,,2026-07-15,2026-07-15
4730,e840a2c5,283,5,204,3,c1b30594,,,2026-07-15,2026-07-15
4731,1bebc8f0,195,7,204,1,3e66160b,,,2026-07-15,2026-07-15
4732,57ed6e1a,40,5,202,1,c05e9193,,,2026-07-15,2026-07-15
4733,b806e893,24,4,203,2,f6e5fc4d,,,2026-07-15,2026-07-15
4734,78dfdbb5,670,6,205,2,e5d0ffbb,,,2026-07-15,2026-07-15
4735,7bc35584,660,2,205,3,32029984,,,2026-07-15,2026-07-15
4736,944713c4,27,5,204,3,72b21457,,,2026-07-15,2026-07-15
4737,5b7075ed,615,7,201,1,531113e4,,,2026-07-15,2026-07-15
4738,a62048f9,88,6,203,3,dd88df46,,,2026-07-15,2026-07-15
4739,bb842529,14,1,205,2,2dcdeda3,,,2026-07-15,2026-07-15
4740,70a7f2ac,10,5,204,4,63baf574,,,2026-07-15,2026-07-15
4741,1fa6fe16,326,2,201,5,4907af8c,,,2026-07-15,2026-07-15
4742,49b2ab61,399,2,204,2,6ef9ace3,,,2026-07-15,2026-07-15
4743,5b7d04db,331,4,201,2,4392286c,,,2026-07-15,2026-07-15
4744,d554578c,270,3,202,5,487a1dd7,,,2026-07-15,2026-07-15
4745,68f0b66a,618,7,205,5,95f70b4e,,,2026-07-15,2026-07-15
4746,c24a13ae,279,5,204,5,4db20d32,,,2026-07-15,2026-07-15
4747,617c85bb,585,7,203,2,a008a294,,,2026-07-15,2026-07-15
4748,d45d2fc4,544,2,204,1,84b47f93,,,2026-07-15,2026-07-15
4749,1b4f337d,13,3,205,3,8993064a,,,2026-07-15,2026-07-15
4750,d7b5dc8b,706,2,203,3,f2fc7978,,,2026-07-15,2026-07-15
4751,c2fcd475,229,4,204,5,a4e3426c,,,2026-07-15,2026-07-15
4752,4f71f1f1,187,7,201,2,aefc1727,,,2026-07-15,2026-07-15
4753,f7fb6cbf,73,1,203,4,c49ff99c,,,2026-07-15,2026-07-15
4754,74c6ea97,463,3,203,2,10f10b2b,,,2026-07-15,2026-07-15
4755,e10d761e,442,1,204,5,a040e169,,,2026-07-15,2026-07-15
4756,9ffdcad0,27,4,203,3,1dc2bf91,,,2026-07-15,2026-07-15
4757,45bad7c4,416,5,202,2,f399f8e1,,,2026-07-15,2026-07-15
4758,37718cc8,172,7,205,2,4739f6d9,,,2026-07-15,2026-07-15
4759,1349c104,666,7,203,1,f22bf066,,,2026-07-15,2026-07-15
4760,591d2ec2,320,4,201,1,5905a3e7,,,2026-07-15,2026-07-15
4761,9e9461e4,88,4,202,5,69956359,,,2026-07-15,2026-07-15
4762,79aceff4,105,7,202,1,ed90a296,,,2026-07-15,2026-07-15
4763,5982fa15,110,1,203,3,87830e43,,,2026-07-15,2026-07-15
4764,70323275,27,6,202,4,3929633d,,,2026-07-15,2026-07-15
4765,8aa1844a,150,2,201,5,4799194e,,,2026-07-15,2026-07-15
4766,2d15e504,559,1,201,1,7f1bca00,,,2026-07-15,2026-07-15
4767,bc4e3afd,677,1,202,4,4bc76ae2,,,2026-07-15,2026-07-15
4768,979dce7b,636,7,204,3,91a6c884,,,2026-07-15,2026-07-15
4769,ab134713,375,7,204,4,eb3c1fb7,,,2026-07-15,2026-07-15
4770,5b936bdd,88,1,203,4,2d4fce37,,,2026-07-15,2026-07-15
4771,04d9363a,7,7,205,3,8ad52b25,,,2026-07-15,2026-07-15
4772,b1b9983a,124,6,205,1,c1b30594,,,2026-07-15,2026-07-15
4773,e6ef8046,118,6,204,1,10f10b2b,,,2026-07-15,2026-07-15
4774,a3159933,181,5,201,1,fb87e33d,,,2026-07-15,2026-07-15
4775,93ef67ea,657,5,205,3,74258308,,,2026-07-15,2026-07-15
4776,380a7e48,241,1,201,5,3d6a9dc8,,,2026-07-15,2026-07-15
4777,1789866c,336,1,203,4,3cc541a7,,,2026-07-15,2026-07-15
4778,26345f65,722,2,201,5,2e179883,,,2026-07-15,2026-07-15
4779,1552e98f,652,7,203,2,10f10b2b,,,2026-07-15,2026-07-15
4780,f346cdb3,703,2,201,3,e0d2a5f3,,,2026-07-15,2026-07-15
4781,cfb2b9cc,533,4,205,3,32029984,,,2026-07-15,2026-07-15
4782,1df20782,487,5,201,3,0d4d4804,,,2026-07-15,2026-07-15
4783,5bce658c,703,5,203,5,b3125078,,,2026-07-15,2026-07-15
4784,a9608e30,156,5,204,3,ca496ce9,,,2026-07-15,2026-07-15
4785,0636467a,358,2,202,2,fdb588e8,,,2026-07-15,2026-07-15
4786,298e91e4,77,7,202,2,718406a2,,,2026-07-15,2026-07-15
4787,e098dbc9,230,6,201,5,e224a8c6,,,2026-07-15,2026-07-15
4788,5831ec7e,672,5,201,2,208d275a,,,2026-07-15,2026-07-15
4789,d3fa3651,365,7,201,3,3d6a9dc8,,,2026-07-15,2026-07-15
4790,7affe0a7,56,4,202,1,ec486749,,,2026-07-15,2026-07-15
4791,3002c371,16,3,204,3,b4ca029a,,,2026-07-15,2026-07-15
4792,5e92b89a,251,3,204,3,a638b4b0,,,2026-07-15,2026-07-15
4793,f095b615,367,3,203,1,c475f6fc,,,2026-07-15,2026-07-15
4794,8b8a2c10,64,7,202,5,35f98e98,,,2026-07-15,2026-07-15
4795,137bae18,717,6,203,4,7bc42b05,,,2026-07-15,2026-07-15
4796,892774e0,223,2,203,1,e52f5ed8,,,2026-07-15,2026-07-15
4797,794badaa,661,6,202,4,27c530c5,,,2026-07-15,2026-07-15
4798,d0eee559,177,1,205,3,205742d2,,,2026-07-15,2026-07-15
4799,e2ca5f0e,510,6,202,1,89eec31c,,,2026-07-15,2026-07-15
4800,df7fee28,213,1,201,2,943eab83,,,2026-07-15,2026-07-15
4801,73d4fb6d,187,4,202,1,369a8438,,,2026-07-15,2026-07-15
4802,8be35138,29,1,202,1,69b06aa6,,,2026-07-15,2026-07-15
4803,9bbe7cfe,681,4,205,1,3832abbc,,,2026-07-15,2026-07-15
4804,d087c3a2,496,3,202,4,7e22a2b5,,,2026-07-15,2026-07-15
4805,4fc55f27,656,3,202,3,a638b4b0,,,2026-07-15,2026-07-15
4806,6afe83f5,28,4,203,2,1a601f48,,,2026-07-15,2026-07-15
4807,52a82ae6,206,4,205,4,5905a3e7,,,2026-07-15,2026-07-15
4808,2b074c4c,343,7,203,1,41087c74,,,2026-07-15,2026-07-15
4809,a482d203,409,3,203,2,e0d2a5f3,,,2026-07-15,2026-07-15
4810,91ed6b47,310,4,202,1,bb9d2955,,,2026-07-15,2026-07-15
4811,da21d5ff,414,7,203,1,f248f0c6,,,2026-07-15,2026-07-15
4812,d46957cf,528,3,202,3,0fbb521a,,,2026-07-15,2026-07-15
4813,673b1bd5,502,2,201,4,4907af8c,,,2026-07-15,2026-07-15
4814,49eb3633,697,7,204,2,8a51bc70,,,2026-07-15,2026-07-15
4815,2cfca013,125,3,202,1,8111bc07,,,2026-07-15,2026-07-15
4816,8e30d196,489,2,202,4,ec5b641f,,,2026-07-15,2026-07-15
4817,5dd54dfb,280,4,203,4,4960cc67,,,2026-07-15,2026-07-15
4818,5e718c37,305,5,202,4,50641c23,,,2026-07-15,2026-07-15
4819,ddd40256,255,5,203,2,4363b8d6,,,2026-07-15,2026-07-15
4820,6aa25a34,103,5,205,5,2df31d11,,,2026-07-15,2026-07-15
4821,1dc33117,386,2,201,5,750687ab,,,2026-07-15,2026-07-15
4822,22fe7572,293,6,202,3,0968f5a7,,,2026-07-15,2026-07-15
4823,276b93aa,366,3,202,4,f7817da3,,,2026-07-15,2026-07-15
4824,1b410d0f,174,2,205,5,5a5bf759,,,2026-07-15,2026-07-15
4825,7a584f27,107,7,202,5,6b3185b0,,,2026-07-15,2026-07-15
4826,7a27ffd4,591,6,205,1,45592551,,,2026-07-15,2026-07-15
4827,571a4ae7,596,1,203,4,6c4f0c4c,,,2026-07-15,2026-07-15
4828,e618f33e,220,1,201,1,efc887b8,,,2026-07-15,2026-07-15
4829,f4261853,649,6,205,3,1f937553,,,2026-07-15,2026-07-15
4830,af8f0f38,566,3,205,5,5482a297,,,2026-07-15,2026-07-15
4831,945b0e2f,686,4,201,2,f6e5fc4d,,,2026-07-15,2026-07-15
4832,2088968d,712,3,203,4,895b017c,,,2026-07-15,2026-07-15
4833,4b594262,671,3,201,1,9dd48364,,,2026-07-15,2026-07-15
4834,48d8f761,82,2,203,3,03f0acfa,,,2026-07-15,2026-07-15
4835,d30d67d3,556,3,201,5,2f730975,,,2026-07-15,2026-07-15
4836,9f7f4b20,242,7,201,2,c50cc14e,,,2026-07-15,2026-07-15
4837,52a9874c,251,5,204,2,69956359,,,2026-07-15,2026-07-15
4838,4e4b87b9,522,7,204,1,3a0f258a,,,2026-07-15,2026-07-15
4839,3acf97ac,600,6,203,3,2d4fce37,,,2026-07-15,2026-07-15
4840,33059da8,682,5,203,1,a84540d1,,,2026-07-15,2026-07-15
4841,88f608f0,200,4,204,5,7f1bca00,,,2026-07-15,2026-07-15
4842,ab8ebb2d,458,7,203,1,3a1572cc,,,2026-07-15,2026-07-15
4843,dd70a50a,436,3,205,5,487a1dd7,,,2026-07-15,2026-07-15
4844,eb12e70d,122,5,203,2,ac535caa,,,2026-07-15,2026-07-15
4845,00416f29,64,7,201,5,1b14dcc9,,,2026-07-15,2026-07-15
4846,4c5a3ebe,559,6,201,4,49fdea5f,,,2026-07-15,2026-07-15
4847,31c491c4,340,2,205,1,6601ea7f,,,2026-07-15,2026-07-15
4848,f97bf200,509,7,204,5,5e91ed7b,,,2026-07-15,2026-07-15
4849,92729eb4,381,6,205,1,550393a0,,,2026-07-15,2026-07-15
4850,a73750f7,339,6,205,2,aaa7dca8,,,2026-07-15,2026-07-15
4851,3468e218,327,5,205,1,de084e17,,,2026-07-15,2026-07-15
4852,9d67b468,509,6,203,1,86613e2d,,,2026-07-15,2026-07-15
4853,ba0aa783,727,5,201,5,57221ec9,,,2026-07-15,2026-07-15
4854,77d99845,493,3,203,1,ae0deda5,,,2026-07-15,2026-07-15
4855,e234bf69,655,2,204,1,ae0deda5,,,2026-07-15,2026-07-15
4856,1d19f7b8,439,7,205,2,8111bc07,,,2026-07-15,2026-07-15
4857,b86a9ba7,620,4,201,1,fb5ef791,,,2026-07-15,2026-07-15
4858,81cdd679,664,2,205,3,f27bb490,,,2026-07-15,2026-07-15
4859,dec29e49,8,4,202,4,2f730975,,,2026-07-15,2026-07-15
4860,24a1e667,390,7,201,1,43b89e78,,,2026-07-15,2026-07-15
4861,cf7317aa,99,5,203,3,dd88df46,,,2026-07-15,2026-07-15
4862,2489ede4,248,3,205,5,e224a8c6,,,2026-07-15,2026-07-15
4863,f722b04c,319,6,202,4,0b6ae467,,,2026-07-15,2026-07-15
4864,c9c38788,34,1,205,2,c4993de9,,,2026-07-15,2026-07-15
4865,8f4c90e2,237,2,202,4,1d9305e2,,,2026-07-15,2026-07-15
4866,d40c1ac9,465,1,201,4,205742d2,,,2026-07-15,2026-07-15
4867,88291b73,207,1,201,3,8a51bc70,,,2026-07-15,2026-07-15
4868,1d8d0f7f,311,7,205,2,6780333b,,,2026-07-15,2026-07-15
4869,387b1790,579,7,203,1,5e4299db,,,2026-07-15,2026-07-15
4870,0d25897e,297,3,202,5,8ad52b25,,,2026-07-15,2026-07-15
4871,0e4e1d97,58,2,203,3,18d773af,,,2026-07-15,2026-07-15
4872,35dcda05,706,2,202,1,ef5f41ce,,,2026-07-15,2026-07-15
4873,b898f972,698,6,204,5,c49ff99c,,,2026-07-15,2026-07-15
4874,e4bc6a0a,710,6,202,4,0d484e5f,,,2026-07-15,2026-07-15
4875,945efde2,603,5,202,5,b427b66b,,,2026-07-15,2026-07-15
4876,87939c16,6,4,204,5,66299238,,,2026-07-15,2026-07-15
4877,4ceda484,56,4,204,2,e1e17a72,,,2026-07-15,2026-07-15
4878,f6e8818e,228,1,202,2,c4e558ad,,,2026-07-15,2026-07-15
4879,57972dfe,374,1,201,3,1d498af8,,,2026-07-15,2026-07-15
4880,ff6f001e,724,2,205,4,852032b7,,,2026-07-15,2026-07-15
4881,4c9b5e0e,581,3,204,2,3a1756fa,,,2026-07-15,2026-07-15
4882,ee85f1e6,417,4,202,5,852032b7,,,2026-07-15,2026-07-15
4883,5d22c5b6,573,4,204,1,ae76cc5c,,,2026-07-15,2026-07-15
4884,c8773054,70,5,202,4,f18b66c1,,,2026-07-15,2026-07-15
4885,e72e539b,154,5,204,4,2dcdeda3,,,2026-07-15,2026-07-15
4886,02d5e99a,703,4,204,3,35f98e98,,,2026-07-15,2026-07-15
4887,412f1bab,661,5,205,2,ada44e5b,,,2026-07-15,2026-07-15
4888,87f6a7a0,379,6,204,5,25faaa82,,,2026-07-15,2026-07-15
4889,31922af8,512,5,202,3,ec486749,,,2026-07-15,2026-07-15
4890,a1283d1d,189,6,204,5,d8edbef1,,,2026-07-15,2026-07-15
4891,6f2d5b7c,697,6,204,5,74258308,,,2026-07-15,2026-07-15
4892,b489c9b1,96,6,205,1,b244f9d6,,,2026-07-15,2026-07-15
4893,c04df201,437,2,203,2,3fc80484,,,2026-07-15,2026-07-15
4894,c27b897d,330,3,203,2,10f10b2b,,,2026-07-15,2026-07-15
4895,e93cb988,605,6,205,2,4907af8c,,,2026-07-15,2026-07-15
4896,1001231c,686,4,203,3,a79b76cb,,,2026-07-15,2026-07-15
4897,2ddc82d0,182,6,204,4,1aaa9d3a,,,2026-07-15,2026-07-15
4898,3a485564,417,1,203,5,cee867e3,,,2026-07-15,2026-07-15
4899,ef193443,438,5,205,4,cc9f65a9,,,2026-07-15,2026-07-15
4900,4b10c762,198,6,201,4,c4cdb41c,,,2026-07-15,2026-07-15
4901,16bca400,613,3,205,1,5424e422,,,2026-07-15,2026-07-15
4902,809b56f5,331,3,203,3,5f2ab070,,,2026-07-15,2026-07-15
4903,deed50a5,51,2,201,5,1d9305e2,,,2026-07-15,2026-07-15
4904,af7da014,46,4,205,5,f0924da4,,,2026-07-15,2026-07-15
4905,ac45a826,139,7,203,4,e1e17a72,,,2026-07-15,2026-07-15
4906,93437067,91,7,201,4,fb87e33d,,,2026-07-15,2026-07-15
4907,32a25013,561,2,202,3,195b4c1c,,,2026-07-15,2026-07-15
4908,7c9c6758,319,3,201,2,d8b06558,,,2026-07-15,2026-07-15
4909,47000c5d,42,3,205,1,4aeffd09,,,2026-07-15,2026-07-15
4910,54980219,424,6,201,5,77449c06,,,2026-07-15,2026-07-15
4911,74efeed4,348,3,203,2,9e7dae2e,,,2026-07-15,2026-07-15
4912,1f687dd4,313,4,202,3,082d21de,,,2026-07-15,2026-07-15
4913,c80e37c1,478,4,204,5,641c61ac,,,2026-07-15,2026-07-15
4914,56bd886f,516,3,202,1,a1ba575a,,,2026-07-15,2026-07-15
4915,1797d6db,366,6,205,5,6601ea7f,,,2026-07-15,2026-07-15
4916,d03f3183,413,1,201,3,ccde9baa,,,2026-07-15,2026-07-15
4917,3de0f41c,490,5,205,3,b03540b1,,,2026-07-15,2026-07-15
4918,97de9ab5,239,4,204,4,2c760828,,,2026-07-15,2026-07-15
4919,074866a9,412,4,204,5,7643c1ee,,,2026-07-15,2026-07-15
4920,55431f75,547,7,204,3,0968f5a7,,,2026-07-15,2026-07-15
4921,7d76db40,379,5,203,5,a71b0343,,,2026-07-15,2026-07-15
4922,74a1ed76,72,3,204,2,fb5ef791,,,2026-07-15,2026-07-15
4923,a611ac31,59,5,203,4,e03caed0,,,2026-07-15,2026-07-15
4924,bb6a0c42,117,2,205,4,1f937553,,,2026-07-15,2026-07-15
4925,e2080e33,653,1,205,5,f399f8e1,,,2026-07-15,2026-07-15
4926,954219f3,188,5,205,1,6958bb49,,,2026-07-15,2026-07-15
4927,80020465,120,3,204,2,43cbe6fa,,,2026-07-15,2026-07-15
4928,001cf81d,623,3,201,5,8993064a,,,2026-07-15,2026-07-15
4929,0d865a29,19,2,204,3,ccde9baa,,,2026-07-15,2026-07-15
4930,520f6043,111,1,204,2,6e76c557,,,2026-07-15,2026-07-15
4931,5b8de018,17,7,204,1,5dff7cb7,,,2026-07-15,2026-07-15
4932,67842771,193,1,202,4,5e91ed7b,,,2026-07-15,2026-07-15
4933,d1d40e3d,475,6,204,3,fc9cf0b8,,,2026-07-15,2026-07-15
4934,f661745c,298,5,204,4,a1ba575a,,,2026-07-15,2026-07-15
4935,582a88cd,146,1,202,1,35acd685,,,2026-07-15,2026-07-15
4936,062d6a61,704,6,202,2,aaa7dca8,,,2026-07-15,2026-07-15
4937,9b4e34bb,269,3,204,1,c3a6c571,,,2026-07-15,2026-07-15
4938,84dab1e7,704,2,202,3,e0d2a5f3,,,2026-07-15,2026-07-15
4939,e8e13146,115,6,205,4,f7817da3,,,2026-07-15,2026-07-15
4940,8d0cb8d9,102,7,203,1,5f2ab070,,,2026-07-15,2026-07-15
4941,b6d2ec51,619,4,204,2,6f2a321a,,,2026-07-15,2026-07-15
4942,42c8b0f2,605,4,203,1,195b4c1c,,,2026-07-15,2026-07-15
4943,e109c875,177,3,202,5,8b319808,,,2026-07-15,2026-07-15
4944,5c393081,499,1,202,2,2d45f6bd,,,2026-07-15,2026-07-15
4945,d0f29f84,23,7,205,4,2f730975,,,2026-07-15,2026-07-15
4946,2d0fbc7c,723,2,201,4,bc297930,,,2026-07-15,2026-07-15
4947,38aafc9e,439,6,202,3,482ffe65,,,2026-07-15,2026-07-15
4948,2ba2e934,411,2,204,2,13a46227,,,2026-07-15,2026-07-15
4949,81b4bcde,333,4,205,1,b755ebae,,,2026-07-15,2026-07-15
4950,2c470ec1,619,2,204,4,97682d83,,,2026-07-15,2026-07-15
4951,88c26674,321,6,203,4,69b06aa6,,,2026-07-15,2026-07-15
4952,5f703b69,670,5,203,4,970e594b,,,2026-07-15,2026-07-15
4953,062c959d,592,3,202,1,df92d410,,,2026-07-15,2026-07-15
4954,fdc403b1,35,1,201,3,f27bb490,,,2026-07-15,2026-07-15
4955,dcb02946,195,6,205,5,d8edbef1,,,2026-07-15,2026-07-15
4956,d170b251,569,3,203,1,74258308,,,2026-07-15,2026-07-15
4957,c58ece8b,178,5,204,3,2c760828,,,2026-07-15,2026-07-15
4958,32d026ee,255,7,205,2,a0d8ebba,,,2026-07-15,2026-07-15
4959,a0e02521,403,5,203,5,15a65ae5,,,2026-07-15,2026-07-15
4960,848fe6d5,22,4,205,4,5e91ed7b,,,2026-07-15,2026-07-15
4961,e19d17ef,345,1,205,3,a93aa731,,,2026-07-15,2026-07-15
4962,5718bff7,32,3,203,3,dd88df46,,,2026-07-15,2026-07-15
4963,b7fbca94,660,1,205,5,d88f6a7f,,,2026-07-15,2026-07-15
4964,e6c8975c,1,3,202,2,4907af8c,,,2026-07-15,2026-07-15
4965,b1d61b82,279,5,201,1,dfe6e1ff,,,2026-07-15,2026-07-15
4966,6dacf784,571,5,204,2,4960cc67,,,2026-07-15,2026-07-15
4967,b586ffaa,111,5,204,2,28741ecd,,,2026-07-15,2026-07-15
4968,2078e095,350,1,201,2,de084e17,,,2026-07-15,2026-07-15
4969,b569c948,63,1,203,4,c7ead2cc,,,2026-07-15,2026-07-15
4970,8f21b224,623,1,202,5,87830e43,,,2026-07-15,2026-07-15
4971,bd725305,65,7,202,3,66299238,,,2026-07-15,2026-07-15
4972,535cc6a8,206,3,202,1,021c675d,,,2026-07-15,2026-07-15
4973,6e1803f8,595,2,205,2,465c1c13,,,2026-07-15,2026-07-15
4974,e00b5949,627,5,204,1,e1e17a72,,,2026-07-15,2026-07-15
4975,159c4a6f,277,5,201,3,25faaa82,,,2026-07-15,2026-07-15
4976,7f1a888e,393,7,204,2,58954ba4,,,2026-07-15,2026-07-15
4977,2c61a09d,292,6,205,4,1139e59a,,,2026-07-15,2026-07-15
4978,328e009f,718,7,202,2,1d9305e2,,,2026-07-15,2026-07-15
4979,68cbdf8c,644,1,204,4,9349d295,,,2026-07-15,2026-07-15
4980,56e4fcab,307,4,205,1,1aaa9d3a,,,2026-07-15,2026-07-15
4981,611d94f2,585,2,205,5,6958bb49,,,2026-07-15,2026-07-15
4982,047a7d97,308,2,204,1,bde42cc1,,,2026-07-15,2026-07-15
4983,bbf31ae5,666,6,203,5,57221ec9,,,2026-07-15,2026-07-15
4984,12ebd039,92,1,201,5,b4ca029a,,,2026-07-15,2026-07-15
4985,f671a10b,293,3,205,1,f0758699,,,2026-07-15,2026-07-15
4986,7a67fdb0,110,3,204,2,ee98f97e,,,2026-07-15,2026-07-15
4987,c0384a10,436,3,202,1,1a601f48,,,2026-07-15,2026-07-15
4988,e0f117dd,107,5,203,5,c05e9193,,,2026-07-15,2026-07-15
4989,cc206d78,165,1,203,5,d9c08140,,,2026-07-15,2026-07-15
4990,81067a35,530,5,203,5,8d3cc46f,,,2026-07-15,2026-07-15
4991,51483e91,700,2,201,5,f7817da3,,,2026-07-15,2026-07-15
4992,8b47e220,306,4,203,4,e224a8c6,,,2026-07-15,2026-07-15
4993,5dcd048f,226,7,205,3,e5d0ffbb,,,2026-07-15,2026-07-15
4994,c801ed41,669,2,204,5,35f98e98,,,2026-07-15,2026-07-15
4995,d2e1775d,461,5,202,2,b755ebae,,,2026-07-15,2026-07-15
4996,c820cac2,33,7,205,1,19a61dd4,,,2026-07-15,2026-07-15
4997,63b52e6e,248,4,203,3,ef75b4bf,,,2026-07-15,2026-07-15
4998,9646318c,491,7,201,1,dfe6e1ff,,,2026-07-15,2026-07-15
4999,75b5f1f5,250,5,201,1,e224a8c6,,,2026-07-15,2026-07-15
5000,821ec54d,474,6,204,2,7bc42b05,,,2026-07-15,2026-07-15
5001,f73da5c7,305,6,205,5,4943c5d9,,,2026-07-15,2026-07-15
5002,cb731431,343,5,204,1,4907af8c,,,2026-07-15,2026-07-15
5003,bbd77e0e,439,7,203,1,195b4c1c,,,2026-07-15,2026-07-15
5004,680ec074,89,2,205,4,d2c89978,,,2026-07-15,2026-07-15
5005,654e967c,429,1,205,4,7bc42b05,,,2026-07-15,2026-07-15
5006,eda289cb,129,1,204,5,63369e6c,,,2026-07-15,2026-07-15
5007,c159a6cb,314,4,204,3,a0d8ebba,,,2026-07-15,2026-07-15
5008,c951e302,677,6,202,5,434c2454,,,2026-07-15,2026-07-15
5009,e2c72d05,190,1,203,4,bd5892a8,,,2026-07-15,2026-07-15
5010,5ccfb375,498,5,205,5,38daf3c5,,,2026-07-15,2026-07-15
5011,0b49be82,348,4,204,1,f399f8e1,,,2026-07-15,2026-07-15
5012,50707b58,83,1,205,4,bb9d2955,,,2026-07-15,2026-07-15
5013,280ff1e7,249,6,204,2,f0758699,,,2026-07-15,2026-07-15
5014,ef00a115,218,6,202,3,d8b06558,,,2026-07-15,2026-07-15
5015,3b0c76d6,287,3,203,5,5905a3e7,,,2026-07-15,2026-07-15
5016,4ec9c315,306,4,201,3,852032b7,,,2026-07-15,2026-07-15
5017,738eef8b,606,5,205,4,036ada7f,,,2026-07-15,2026-07-15
5018,f4c02050,631,5,205,1,0d4d4804,,,2026-07-15,2026-07-15
5019,fe3fbbd5,14,4,201,1,3a1572cc,,,2026-07-15,2026-07-15
5020,d1ec169e,403,7,205,5,860df6aa,,,2026-07-15,2026-07-15
5021,0c22daa1,647,6,202,2,e1e17a72,,,2026-07-15,2026-07-15
5022,6d94c791,72,1,201,5,8ad52b25,,,2026-07-15,2026-07-15
5023,2e43e444,229,5,204,1,718406a2,,,2026-07-15,2026-07-15
5024,5ee4724d,419,1,201,2,cee867e3,,,2026-07-15,2026-07-15
5025,9af0ab25,265,3,202,3,cd901af9,,,2026-07-15,2026-07-15
5026,eaece17c,148,2,202,1,f12d0983,,,2026-07-15,2026-07-15
5027,4ceab5d7,264,2,203,4,021c675d,,,2026-07-15,2026-07-15
5028,69da6e56,725,1,204,4,63369e6c,,,2026-07-15,2026-07-15
5029,eb11137d,177,1,202,5,ddaa1bf9,,,2026-07-15,2026-07-15
5030,49106637,261,3,203,3,37354f22,,,2026-07-15,2026-07-15
5031,3de84aeb,454,1,203,3,bed1ac6c,,,2026-07-15,2026-07-15
5032,dc240aea,144,3,203,2,32029984,,,2026-07-15,2026-07-15
5033,79f675b6,313,3,205,3,fdb588e8,,,2026-07-15,2026-07-15
5034,018eab08,112,5,201,4,4d5e252e,,,2026-07-15,2026-07-15
5035,9061b7a8,691,1,204,4,021c675d,,,2026-07-15,2026-07-15
5036,aad47098,600,4,202,5,66299238,,,2026-07-15,2026-07-15
5037,47a39963,82,1,201,2,df28e3f0,,,2026-07-15,2026-07-15
5038,e40a2381,212,2,201,4,e89b35ce,,,2026-07-15,2026-07-15
5039,31632923,359,4,201,1,628a4d89,,,2026-07-15,2026-07-15
5040,c0625cee,99,6,202,1,f27bb490,,,2026-07-15,2026-07-15
5041,bf81137f,407,1,201,2,ce1b52ae,,,2026-07-15,2026-07-15
5042,155bbf30,349,7,205,2,9e7dae2e,,,2026-07-15,2026-07-15
5043,bab1a88d,83,7,204,5,7e1de19d,,,2026-07-15,2026-07-15
5044,4fa565b4,609,4,205,4,205742d2,,,2026-07-15,2026-07-15
5045,114a501c,189,4,204,2,531113e4,,,2026-07-15,2026-07-15
5046,aade810a,659,6,205,3,6f28469e,,,2026-07-15,2026-07-15
5047,96cd0f2f,457,2,205,4,45c95088,,,2026-07-15,2026-07-15
5048,d051b03e,119,5,202,5,62bfa0d9,,,2026-07-15,2026-07-15
5049,ecdf42dc,426,2,205,4,cedf6f69,,,2026-07-15,2026-07-15
5050,6ed5de9c,115,3,201,1,8993064a,,,2026-07-15,2026-07-15
5051,9f866cbc,656,2,201,4,abeb982e,,,2026-07-15,2026-07-15
5052,767a678d,509,6,205,3,f0924da4,,,2026-07-15,2026-07-15
5053,d353f44e,665,3,201,1,531113e4,,,2026-07-15,2026-07-15
5054,d50f1d7e,256,7,202,1,95ec6e5b,,,2026-07-15,2026-07-15
5055,20268d5f,682,4,202,3,d8edbef1,,,2026-07-15,2026-07-15
5056,ac86dad6,523,1,202,3,c4cdb41c,,,2026-07-15,2026-07-15
5057,03767c1d,674,4,203,4,bd4a772f,,,2026-07-15,2026-07-15
5058,9b02ff44,490,5,205,3,6601ea7f,,,2026-07-15,2026-07-15
5059,e9a45ae5,276,2,203,2,5ae61d1c,,,2026-07-15,2026-07-15
5060,7b9bc344,659,7,202,1,b4ca029a,,,2026-07-15,2026-07-15
5061,baa4a51a,168,7,202,1,2b2175cd,,,2026-07-15,2026-07-15
5062,b4330dff,557,7,203,3,a71b0343,,,2026-07-15,2026-07-15
5063,9b547a3a,687,2,201,5,68f3c4e5,,,2026-07-15,2026-07-15
5064,8966431a,284,3,205,1,77449c06,,,2026-07-15,2026-07-15
5065,56f573b4,242,5,203,3,86613e2d,,,2026-07-15,2026-07-15
5066,4e252067,434,7,203,1,5e91ed7b,,,2026-07-15,2026-07-15
5067,c03d2b7d,73,7,201,3,ef75b4bf,,,2026-07-15,2026-07-15
5068,b588d5c2,506,5,203,1,465c1c13,,,2026-07-15,2026-07-15
5069,3f252246,150,6,204,2,944084a9,,,2026-07-15,2026-07-15
5070,2abc3e83,534,4,201,2,3cc541a7,,,2026-07-15,2026-07-15
5071,9721da09,634,6,202,4,92f2fd13,,,2026-07-15,2026-07-15
5072,5a5db6ae,496,4,202,5,d8a2bbd7,,,2026-07-15,2026-07-15
5073,f220cdd5,629,4,201,2,de084e17,,,2026-07-15,2026-07-15
5074,aab13b97,696,3,204,1,11f3df17,,,2026-07-15,2026-07-15
5075,e2d52785,460,2,203,4,50987e86,,,2026-07-15,2026-07-15
5076,cf5382fa,414,6,205,5,3184736b,,,2026-07-15,2026-07-15
5077,8442886a,638,3,203,5,bc297930,,,2026-07-15,2026-07-15
5078,6dd6275e,535,4,202,5,f169683e,,,2026-07-15,2026-07-15
5079,906cf92e,618,1,205,5,641c61ac,,,2026-07-15,2026-07-15
5080,d99781e3,620,2,205,3,4e431688,,,2026-07-15,2026-07-15
5081,a886b051,362,3,201,1,3a0f258a,,,2026-07-15,2026-07-15
5082,7244e7f2,53,4,204,3,91a6c884,,,2026-07-15,2026-07-15
5083,1b80529e,103,4,204,2,367ca016,,,2026-07-15,2026-07-15
5084,6ae4cc9d,291,3,204,4,13a46227,,,2026-07-15,2026-07-15
5085,7a40f782,667,6,203,1,f169683e,,,2026-07-15,2026-07-15
5086,9eeda616,114,5,203,2,ae18638f,,,2026-07-15,2026-07-15
5087,739bcff5,589,1,205,4,a8a7db6d,,,2026-07-15,2026-07-15
5088,147f645c,23,2,201,1,4799194e,,,2026-07-15,2026-07-15
5089,a9e7c9cd,152,3,202,2,c7ead2cc,,,2026-07-15,2026-07-15
5090,5cca7430,696,2,201,2,f7817da3,,,2026-07-15,2026-07-15
5091,1190f0a0,699,3,204,1,4739f6d9,,,2026-07-15,2026-07-15
5092,82000cb5,56,4,202,4,822c1444,,,2026-07-15,2026-07-15
5093,20edf39f,580,1,201,2,f7817da3,,,2026-07-15,2026-07-15
5094,7ee91399,52,6,204,1,c1b30594,,,2026-07-15,2026-07-15
5095,1463bdcb,245,6,205,2,5e91ed7b,,,2026-07-15,2026-07-15
5096,af3991d2,129,1,205,2,3929633d,,,2026-07-15,2026-07-15
5097,ccfcf5c2,293,6,205,3,944084a9,,,2026-07-15,2026-07-15
5098,222a5c7e,73,3,203,2,3184736b,,,2026-07-15,2026-07-15
5099,35b294d6,522,4,202,2,ddaa1bf9,,,2026-07-15,2026-07-15
5100,cfc6a3c9,722,7,203,2,550393a0,,,2026-07-15,2026-07-15
5101,2b0ffc27,420,2,201,3,cbcf13d1,,,2026-07-15,2026-07-15
5102,676177c2,368,5,205,4,6780333b,,,2026-07-15,2026-07-15
5103,a2a9761c,217,5,202,5,e5d0ffbb,,,2026-07-15,2026-07-15
5104,148afdaa,88,1,204,4,2df8b6f4,,,2026-07-15,2026-07-15
5105,c9b23097,625,2,203,4,f27a730c,,,2026-07-15,2026-07-15
5106,be14ceea,592,2,203,1,37166503,,,2026-07-15,2026-07-15
5107,97964cba,35,2,204,3,1f937553,,,2026-07-15,2026-07-15
5108,b901e977,311,2,204,4,3f491b77,,,2026-07-15,2026-07-15
5109,e1a2c1a4,353,1,201,2,e9238f3f,,,2026-07-15,2026-07-15
5110,812bbc07,344,7,204,2,1e6e7fcd,,,2026-07-15,2026-07-15
5111,fc1317eb,663,4,203,3,195b4c1c,,,2026-07-15,2026-07-15
5112,8418311a,692,1,203,4,63baf574,,,2026-07-15,2026-07-15
5113,bbe3c0b8,182,2,203,3,3832abbc,,,2026-07-15,2026-07-15
5114,0050ad5d,366,5,205,1,f0924da4,,,2026-07-15,2026-07-15
5115,c4800b6b,637,4,204,2,b4ca029a,,,2026-07-15,2026-07-15
5116,2c26478d,302,4,201,5,fa853203,,,2026-07-15,2026-07-15
5117,b29dd1a8,366,5,201,5,fc9cf0b8,,,2026-07-15,2026-07-15
5118,b254f973,727,4,202,3,6b6d0941,,,2026-07-15,2026-07-15
5119,40f447aa,354,3,201,2,208d275a,,,2026-07-15,2026-07-15
5120,a084299a,26,6,203,2,531113e4,,,2026-07-15,2026-07-15
5121,b64372c1,534,6,201,5,4bc76ae2,,,2026-07-15,2026-07-15
5122,c2881441,468,2,205,3,3f09714a,,,2026-07-15,2026-07-15
5123,5c409d84,6,4,201,5,6f28469e,,,2026-07-15,2026-07-15
5124,a29520ec,430,1,203,5,641c61ac,,,2026-07-15,2026-07-15
5125,0ffc1597,316,6,204,1,112f9cab,,,2026-07-15,2026-07-15
5126,1becd8a2,117,2,201,1,3184736b,,,2026-07-15,2026-07-15
5127,6bf907cf,73,5,201,4,0b454108,,,2026-07-15,2026-07-15
5128,51b0e2f4,602,1,204,4,e89b35ce,,,2026-07-15,2026-07-15
5129,908fd50f,619,3,202,1,2df8b6f4,,,2026-07-15,2026-07-15
5130,35947e65,671,3,203,2,c05e9193,,,2026-07-15,2026-07-15
5131,c21ce413,24,1,203,2,dfe6e1ff,,,2026-07-15,2026-07-15
5132,d62f3cdf,652,2,203,1,6c4f0c4c,,,2026-07-15,2026-07-15
5133,ea28fcb4,251,1,205,2,6958bb49,,,2026-07-15,2026-07-15
5134,e18bde40,545,5,204,2,fa578b09,,,2026-07-15,2026-07-15
5135,b02fb011,179,6,204,4,5a5bf759,,,2026-07-15,2026-07-15
5136,631a4203,651,2,205,2,2d4fce37,,,2026-07-15,2026-07-15
5137,6567bb6c,639,3,202,2,d2599bb6,,,2026-07-15,2026-07-15
5138,5cf670dc,372,2,205,2,ae0deda5,,,2026-07-15,2026-07-15
5139,7cd335a9,255,1,205,4,56205f69,,,2026-07-15,2026-07-15
5140,e97d2532,104,1,201,2,0968f5a7,,,2026-07-15,2026-07-15
5141,8b7ab4a2,257,3,202,2,2dcdeda3,,,2026-07-15,2026-07-15
5142,7077953a,189,3,202,2,f399f8e1,,,2026-07-15,2026-07-15
5143,97fa1f31,292,2,204,1,27c530c5,,,2026-07-15,2026-07-15
5144,3a411952,327,7,202,4,d1cd1e4d,,,2026-07-15,2026-07-15
5145,1e35f15e,475,2,205,2,97682d83,,,2026-07-15,2026-07-15
5146,fe0a0893,620,1,205,4,bc297930,,,2026-07-15,2026-07-15
5147,ea85a730,447,6,201,2,56205f69,,,2026-07-15,2026-07-15
5148,a59d818d,616,6,204,2,641c61ac,,,2026-07-15,2026-07-15
5149,05c835eb,389,3,205,5,58954ba4,,,2026-07-15,2026-07-15
5150,50d2e463,81,5,202,5,0968f5a7,,,2026-07-15,2026-07-15
5151,b0b76f65,183,3,202,4,58954ba4,,,2026-07-15,2026-07-15
5152,963479a8,123,6,202,2,f033669c,,,2026-07-15,2026-07-15
5153,4641dc15,151,5,201,2,3d657bb9,,,2026-07-15,2026-07-15
5154,568614ac,532,6,202,2,ae76cc5c,,,2026-07-15,2026-07-15
5155,10946f30,21,3,202,4,11f3df17,,,2026-07-15,2026-07-15
5156,61829f9e,113,2,202,1,d9c08140,,,2026-07-15,2026-07-15
5157,46dea620,661,3,201,1,827ac471,,,2026-07-15,2026-07-15
5158,b87abe15,158,6,205,5,cc9f65a9,,,2026-07-15,2026-07-15
5159,b8600b81,75,7,205,4,0d484e5f,,,2026-07-15,2026-07-15
5160,6e9c1237,207,3,205,4,74258308,,,2026-07-15,2026-07-15
5161,3f3d14e7,453,6,201,5,6a0cd270,,,2026-07-15,2026-07-15
5162,adffff85,619,5,205,5,8b319808,,,2026-07-15,2026-07-15
5163,365e21dc,498,3,201,5,3a0f258a,,,2026-07-15,2026-07-15
5164,1969a69d,154,7,203,4,0b6ae467,,,2026-07-15,2026-07-15
5165,eab7cf52,123,4,203,4,6c4f0c4c,,,2026-07-15,2026-07-15
5166,62c73b15,466,3,205,1,a638b4b0,,,2026-07-15,2026-07-15
5167,81e25175,202,3,202,5,b755ebae,,,2026-07-15,2026-07-15
5168,9ec6dcb0,490,5,201,3,4db20d32,,,2026-07-15,2026-07-15
5169,58cfcdfc,687,6,203,5,e89b35ce,,,2026-07-15,2026-07-15
5170,4c835ef0,502,4,202,1,628a4d89,,,2026-07-15,2026-07-15
5171,e25eb262,640,6,204,1,6a0cd270,,,2026-07-15,2026-07-15
5172,db970569,329,5,203,4,aece207c,,,2026-07-15,2026-07-15
5173,80074ff0,490,3,205,5,bde42cc1,,,2026-07-15,2026-07-15
5174,df337f45,6,2,204,4,5e4299db,,,2026-07-15,2026-07-15
5175,dce97bee,234,3,202,3,247dccf1,,,2026-07-15,2026-07-15
5176,8af09bfe,374,3,204,5,20f9eb9c,,,2026-07-15,2026-07-15
5177,b1a2f5e3,1,3,204,1,7ad06864,,,2026-07-15,2026-07-15
5178,edc407cd,14,5,205,3,3f491b77,,,2026-07-15,2026-07-15
5179,996859f7,581,6,201,2,ef75b4bf,,,2026-07-15,2026-07-15
5180,6d310593,19,6,203,2,f971e386,,,2026-07-15,2026-07-15
5181,aefaf580,120,5,205,2,4d5e252e,,,2026-07-15,2026-07-15
5182,0688693b,677,7,205,4,369a8438,,,2026-07-15,2026-07-15
5183,67c03193,73,6,205,2,cc9f65a9,,,2026-07-15,2026-07-15
5184,6f32f574,436,6,202,3,b730e9e6,,,2026-07-15,2026-07-15
5185,c3360dc2,653,7,201,5,e75bb09b,,,2026-07-15,2026-07-15
5186,265b41e8,330,5,203,1,e3ec02d4,,,2026-07-15,2026-07-15
5187,84d35358,112,3,204,4,d2599bb6,,,2026-07-15,2026-07-15
5188,3936237a,347,7,203,2,72b21457,,,2026-07-15,2026-07-15
5189,abf84a6d,570,4,202,3,4739f6d9,,,2026-07-15,2026-07-15
5190,80077f3e,693,6,202,1,0b454108,,,2026-07-15,2026-07-15
5191,10a1ec4b,283,3,203,5,9349d295,,,2026-07-15,2026-07-15
5192,9a64505b,712,5,203,4,2a9b3aaa,,,2026-07-15,2026-07-15
5193,a2ece60b,214,3,205,2,bd5892a8,,,2026-07-15,2026-07-15
5194,884caace,65,7,204,3,de084e17,,,2026-07-15,2026-07-15
5195,b1687ea7,475,4,204,1,bb9d2955,,,2026-07-15,2026-07-15
5196,5bab4b01,126,7,201,1,25b7eced,,,2026-07-15,2026-07-15
5197,ea0704f9,188,1,205,5,61fab6f7,,,2026-07-15,2026-07-15
5198,43524f88,712,3,204,2,3a1572cc,,,2026-07-15,2026-07-15
5199,fe95c46f,482,7,201,1,5dff7cb7,,,2026-07-15,2026-07-15
5200,9079c873,700,2,202,3,c1b30594,,,2026-07-15,2026-07-15
5201,d597a9c9,319,2,202,2,f033669c,,,2026-07-15,2026-07-15
5202,668347a1,67,1,202,4,4d5e252e,,,2026-07-15,2026-07-15
5203,e28c73c8,487,4,205,3,fa578b09,,,2026-07-15,2026-07-15
5204,fe293191,467,7,204,4,3d657bb9,,,2026-07-15,2026-07-15
5205,46be37eb,681,6,202,2,f033669c,,,2026-07-15,2026-07-15
5206,c71b04a2,384,5,205,1,28741ecd,,,2026-07-15,2026-07-15
5207,73442aa1,413,7,205,5,548dc0b3,,,2026-07-15,2026-07-15
5208,cbce6a2d,593,5,202,5,f6e5fc4d,,,2026-07-15,2026-07-15
5209,27ce0e76,610,2,205,2,2b2175cd,,,2026-07-15,2026-07-15
5210,763982f5,161,5,202,2,f6ab1ed5,,,2026-07-15,2026-07-15
5211,5fdc3153,636,6,205,5,d8b06558,,,2026-07-15,2026-07-15
5212,65a93090,62,7,201,2,852032b7,,,2026-07-15,2026-07-15
5213,2d4ba2d5,299,4,202,1,719fa89e,,,2026-07-15,2026-07-15
5214,d4ae7e44,85,1,203,5,7704f92c,,,2026-07-15,2026-07-15
5215,d81a9df3,197,3,201,1,d88f6a7f,,,2026-07-15,2026-07-15
5216,0d88747d,467,7,204,1,fdb588e8,,,2026-07-15,2026-07-15
5217,bb4e78fe,632,2,203,5,d8a2bbd7,,,2026-07-15,2026-07-15
5218,43146de9,372,4,203,1,487a1dd7,,,2026-07-15,2026-07-15
5219,d996ca56,522,1,204,4,6e76c557,,,2026-07-15,2026-07-15
5220,3e62b9ae,653,4,205,1,99fed753,,,2026-07-15,2026-07-15
5221,380519c2,10,1,201,3,45c95088,,,2026-07-15,2026-07-15
5222,af7f30ad,685,4,201,3,5e4299db,,,2026-07-15,2026-07-15
5223,065cf32b,184,7,202,4,de084e17,,,2026-07-15,2026-07-15
5224,86bbd744,322,3,204,5,49fdea5f,,,2026-07-15,2026-07-15
5225,3c7be206,641,1,204,3,5482a297,,,2026-07-15,2026-07-15
5226,bc7107d9,56,1,204,4,89eec31c,,,2026-07-15,2026-07-15
5227,9b087a94,279,7,205,5,9dd48364,,,2026-07-15,2026-07-15
5228,eb275785,711,3,205,2,0cfefde4,,,2026-07-15,2026-07-15
5229,1854973e,496,6,205,2,a84540d1,,,2026-07-15,2026-07-15
5230,8820ee78,287,5,204,2,ae18638f,,,2026-07-15,2026-07-15
5231,f6965454,523,5,204,5,860df6aa,,,2026-07-15,2026-07-15
5232,b6840e76,454,4,201,2,195b4c1c,,,2026-07-15,2026-07-15
5233,6b77e815,102,3,205,5,487a1dd7,,,2026-07-15,2026-07-15
5234,5902a0e8,494,7,205,4,f7817da3,,,2026-07-15,2026-07-15
5235,0a45d521,700,3,201,3,66299238,,,2026-07-15,2026-07-15
5236,336a7028,231,2,201,2,750687ab,,,2026-07-15,2026-07-15
5237,3b69654d,48,1,205,1,fa853203,,,2026-07-15,2026-07-15
5238,3db27cb6,92,1,203,3,d8edbef1,,,2026-07-15,2026-07-15
5239,65be4b20,75,5,204,3,7b748fb3,,,2026-07-15,2026-07-15
5240,e4c71cd7,274,3,201,1,7e22a2b5,,,2026-07-15,2026-07-15
5241,88ece098,563,1,203,1,2d45f6bd,,,2026-07-15,2026-07-15
5242,b0ff3d44,569,2,205,2,f27a730c,,,2026-07-15,2026-07-15
5243,59d829ee,149,1,202,1,e224a8c6,,,2026-07-15,2026-07-15
5244,efc49760,240,5,205,5,4960cc67,,,2026-07-15,2026-07-15
5245,2b2c4206,202,7,205,4,3a1572cc,,,2026-07-15,2026-07-15
5246,265dae9b,203,2,201,3,97682d83,,,2026-07-15,2026-07-15
5247,949e6ccd,498,2,202,2,df28e3f0,,,2026-07-15,2026-07-15
5248,89676656,136,4,204,2,f971e386,,,2026-07-15,2026-07-15
5249,cf41d079,593,3,201,4,10f10b2b,,,2026-07-15,2026-07-15
5250,8e269ded,365,5,203,1,aece207c,,,2026-07-15,2026-07-15
5251,f3523a1b,632,6,202,3,970e594b,,,2026-07-15,2026-07-15
5252,08d06326,481,1,201,3,e89b35ce,,,2026-07-15,2026-07-15
5253,f3640cf5,490,4,202,5,5f2ab070,,,2026-07-15,2026-07-15
5254,dc8f8882,656,7,203,4,03f0acfa,,,2026-07-15,2026-07-15
5255,770db4a9,230,4,201,4,e6d45de3,,,2026-07-15,2026-07-15
5256,e14bef46,113,4,202,1,cd901af9,,,2026-07-15,2026-07-15
5257,9ed081e1,416,3,203,4,9349d295,,,2026-07-15,2026-07-15
5258,d62303f4,196,4,203,2,1f937553,,,2026-07-15,2026-07-15
5259,aea1ac2a,505,5,205,1,208d275a,,,2026-07-15,2026-07-15
5260,0b581a03,227,2,202,2,d8edbef1,,,2026-07-15,2026-07-15
5261,64d10525,129,5,201,1,8a51bc70,,,2026-07-15,2026-07-15
5262,a8af6a15,244,7,203,4,3f26afe9,,,2026-07-15,2026-07-15
5263,5ec64f6e,675,4,205,3,92f2fd13,,,2026-07-15,2026-07-15
5264,907dc2a4,274,4,204,3,41087c74,,,2026-07-15,2026-07-15
5265,cd6b6341,292,7,204,2,a79b76cb,,,2026-07-15,2026-07-15
5266,d0ac3aa1,38,4,203,1,2d45f6bd,,,2026-07-15,2026-07-15
5267,17a84b88,657,7,205,1,487a1dd7,,,2026-07-15,2026-07-15
5268,3daa81c6,213,3,204,3,b03540b1,,,2026-07-15,2026-07-15
5269,70068a7f,234,1,205,4,8ad52b25,,,2026-07-15,2026-07-15
5270,97c75907,65,4,205,4,efc887b8,,,2026-07-15,2026-07-15
5271,9e4eedde,684,5,202,4,ae18638f,,,2026-07-15,2026-07-15
5272,d7442595,623,2,204,5,895b017c,,,2026-07-15,2026-07-15
5273,2e6b68cd,496,1,205,5,6b6d0941,,,2026-07-15,2026-07-15
5274,77baa5bc,276,1,204,3,a426a28e,,,2026-07-15,2026-07-15
5275,a8373783,663,1,205,1,89c3a817,,,2026-07-15,2026-07-15
5276,7a19e4be,133,3,205,3,42d0014c,,,2026-07-15,2026-07-15
5277,ca658869,318,7,204,5,f12d0983,,,2026-07-15,2026-07-15
5278,e5f4c916,382,2,205,3,ada44e5b,,,2026-07-15,2026-07-15
5279,67be14a9,376,1,203,1,4d5e252e,,,2026-07-15,2026-07-15
5280,a5343eaa,540,4,204,1,e942aab7,,,2026-07-15,2026-07-15
5281,2c9d0883,145,1,203,2,aece207c,,,2026-07-15,2026-07-15
5282,309459cc,543,5,202,3,b68bef7e,,,2026-07-15,2026-07-15
5283,0e3bc580,16,6,203,3,b51ae2f1,,,2026-07-15,2026-07-15
5284,9c5e723e,582,4,205,4,fe86a413,,,2026-07-15,2026-07-15
5285,07024f3a,456,3,205,3,f7817da3,,,2026-07-15,2026-07-15
5286,30de1766,669,2,201,4,58954ba4,,,2026-07-15,2026-07-15
5287,edb177f5,437,7,203,5,25b7eced,,,2026-07-15,2026-07-15
5288,91cf18a5,334,6,205,2,43b89e78,,,2026-07-15,2026-07-15
5289,6728e6b5,671,4,202,3,41087c74,,,2026-07-15,2026-07-15
5290,3dc85478,389,1,201,2,a1ba575a,,,2026-07-15,2026-07-15
5291,4b43991d,253,1,203,2,ae18638f,,,2026-07-15,2026-07-15
5292,d2b7565f,324,6,205,3,dd410d5f,,,2026-07-15,2026-07-15
5293,0d760f30,364,5,204,5,efc887b8,,,2026-07-15,2026-07-15
5294,2d618dec,534,5,204,2,2a9b3aaa,,,2026-07-15,2026-07-15
5295,c7e045be,383,3,204,2,52b3375c,,,2026-07-15,2026-07-15
5296,a9cd6b62,335,7,205,2,289b72c4,,,2026-07-15,2026-07-15
5297,f3192b6e,67,6,205,1,69b06aa6,,,2026-07-15,2026-07-15
5298,bf3ef4b6,10,7,205,1,2df8b6f4,,,2026-07-15,2026-07-15
5299,d960b155,690,4,202,2,a79b76cb,,,2026-07-15,2026-07-15
5300,aa8a9fef,45,4,205,2,5482a297,,,2026-07-15,2026-07-15
5301,c3d29eae,352,1,204,4,4db20d32,,,2026-07-15,2026-07-15
5302,54bd6817,155,5,202,1,f399f8e1,,,2026-07-15,2026-07-15
5303,093b8dee,427,3,205,4,036ada7f,,,2026-07-15,2026-07-15
5304,dae7c699,244,1,201,5,0968f5a7,,,2026-07-15,2026-07-15
5305,1c37b5b9,518,7,201,1,e0e8c2a1,,,2026-07-15,2026-07-15
5306,f1250924,146,7,204,1,ce1b52ae,,,2026-07-15,2026-07-15
5307,96a2e69b,43,4,203,4,bed1ac6c,,,2026-07-15,2026-07-15
5308,04acde7c,45,5,205,5,cee867e3,,,2026-07-15,2026-07-15
5309,27c90cc6,156,3,202,1,289b72c4,,,2026-07-15,2026-07-15
5310,9a496074,71,5,205,4,f169683e,,,2026-07-15,2026-07-15
5311,21297ad1,663,2,203,4,a0d8ebba,,,2026-07-15,2026-07-15
5312,fe24462e,403,5,203,3,a8a7db6d,,,2026-07-15,2026-07-15
5313,0220fa36,320,1,205,1,3d657bb9,,,2026-07-15,2026-07-15
5314,f8f935d0,479,6,202,5,32029984,,,2026-07-15,2026-07-15
5315,f37d5316,458,4,201,1,e9238f3f,,,2026-07-15,2026-07-15
5316,6be3638c,384,1,202,2,19a61dd4,,,2026-07-15,2026-07-15
5317,73d2b7e1,284,2,201,5,de084e17,,,2026-07-15,2026-07-15
5318,35acd02c,678,7,203,4,2b2175cd,,,2026-07-15,2026-07-15
5319,bba160af,279,6,204,3,56205f69,,,2026-07-15,2026-07-15
5320,deb87621,35,7,204,2,860df6aa,,,2026-07-15,2026-07-15
5321,76e3942e,623,7,202,2,b716556b,,,2026-07-15,2026-07-15
5322,7118dd81,266,4,205,4,15a65ae5,,,2026-07-15,2026-07-15
5323,7fb35ab3,406,4,204,1,e5d0ffbb,,,2026-07-15,2026-07-15
5324,b2ed30cb,123,1,202,5,7a5bc5c2,,,2026-07-15,2026-07-15
5325,4abce1cd,214,1,201,3,8111bc07,,,2026-07-15,2026-07-15
5326,0be4895b,618,3,203,3,ae0deda5,,,2026-07-15,2026-07-15
5327,699197c5,378,7,203,3,9dd48364,,,2026-07-15,2026-07-15
5328,cdaf4652,588,4,205,3,425b1d3d,,,2026-07-15,2026-07-15
5329,443711ea,284,3,204,5,bd5892a8,,,2026-07-15,2026-07-15
5330,cd945c72,386,1,204,1,ed4939ed,,,2026-07-15,2026-07-15
5331,8d8e9e55,60,3,202,3,0fcaa55a,,,2026-07-15,2026-07-15
5332,e061f08b,270,1,205,3,69956359,,,2026-07-15,2026-07-15
5333,ba5debea,254,2,205,1,0b454108,,,2026-07-15,2026-07-15
5334,43aec090,501,6,202,2,3110a49a,,,2026-07-15,2026-07-15
5335,54941777,328,7,205,5,5f2ab070,,,2026-07-15,2026-07-15
5336,6787a3e6,500,2,203,5,2d4fce37,,,2026-07-15,2026-07-15
5337,3e01fd6e,409,4,203,5,e0d2a5f3,,,2026-07-15,2026-07-15
5338,18c26d33,410,3,202,5,c1b30594,,,2026-07-15,2026-07-15
5339,8c11fb8e,11,2,205,3,a79b76cb,,,2026-07-15,2026-07-15
5340,65603103,60,5,204,2,750687ab,,,2026-07-15,2026-07-15
5341,e11befa6,57,4,201,4,5a53b8e9,,,2026-07-15,2026-07-15
5342,8685980d,455,5,205,3,7a5bc5c2,,,2026-07-15,2026-07-15
5343,35b09cc8,227,5,202,5,4049e911,,,2026-07-15,2026-07-15
5344,6023f107,427,1,202,1,4bc76ae2,,,2026-07-15,2026-07-15
5345,9c65fe97,371,6,204,5,628a4d89,,,2026-07-15,2026-07-15
5346,e44f8150,508,2,205,4,5ae61d1c,,,2026-07-15,2026-07-15
5347,2e77c98e,404,3,201,3,8ad52b25,,,2026-07-15,2026-07-15
5348,a72c18e1,405,7,205,1,37354f22,,,2026-07-15,2026-07-15
5349,17989a1d,154,6,205,5,970e594b,,,2026-07-15,2026-07-15
5350,5c9de9b2,306,1,203,2,7a5bc5c2,,,2026-07-15,2026-07-15
5351,c2ff29a2,468,4,201,3,e224a8c6,,,2026-07-15,2026-07-15
5352,ff255b86,540,3,204,5,9efecf41,,,2026-07-15,2026-07-15
5353,79e37536,572,2,203,5,ca496ce9,,,2026-07-15,2026-07-15
5354,41b6701c,290,6,205,2,91a6c884,,,2026-07-15,2026-07-15
5355,15775246,673,1,204,3,369a8438,,,2026-07-15,2026-07-15
5356,d9e58b91,327,4,204,1,15a65ae5,,,2026-07-15,2026-07-15
5357,98cf46d0,70,6,203,2,bc297930,,,2026-07-15,2026-07-15
5358,fee7f048,234,3,204,2,70bfbcda,,,2026-07-15,2026-07-15
5359,15b87e0b,431,6,205,5,4c309170,,,2026-07-15,2026-07-15
5360,3f689acf,296,3,204,2,ede49010,,,2026-07-15,2026-07-15
5361,c1caf355,66,6,204,5,6b3185b0,,,2026-07-15,2026-07-15
5362,12235dbf,632,7,205,2,60ce4ade,,,2026-07-15,2026-07-15
5363,81aec3b9,471,6,205,4,ae0deda5,,,2026-07-15,2026-07-15
5364,382ebe5f,131,4,205,1,082d21de,,,2026-07-15,2026-07-15
5365,109e22ec,241,1,205,1,fa578b09,,,2026-07-15,2026-07-15
5366,7243fd57,272,3,203,2,2dcdeda3,,,2026-07-15,2026-07-15
5367,bd331ccc,730,1,205,2,b730e9e6,,,2026-07-15,2026-07-15
5368,3983405e,200,5,201,4,2e179883,,,2026-07-15,2026-07-15
5369,d463da2e,572,2,204,1,b51ae2f1,,,2026-07-15,2026-07-15
5370,094792bc,659,1,204,5,63369e6c,,,2026-07-15,2026-07-15
5371,7f009519,247,4,203,3,56205f69,,,2026-07-15,2026-07-15
5372,dfef3606,357,6,204,5,41c72cdb,,,2026-07-15,2026-07-15
5373,a5923f4a,277,6,203,2,ae76cc5c,,,2026-07-15,2026-07-15
5374,95690386,446,5,204,2,4049e911,,,2026-07-15,2026-07-15
5375,69fec6b1,47,5,202,5,ef5f41ce,,,2026-07-15,2026-07-15
5376,3f11c90b,113,5,204,1,a040e169,,,2026-07-15,2026-07-15
5377,1c650e41,34,5,205,4,2b2175cd,,,2026-07-15,2026-07-15
5378,f1a501a2,534,2,202,4,bc297930,,,2026-07-15,2026-07-15
5379,fca2b036,21,4,205,3,208d275a,,,2026-07-15,2026-07-15
5380,e31e6dbe,718,5,204,1,1242762d,,,2026-07-15,2026-07-15
5381,dc5d439f,56,6,204,3,37354f22,,,2026-07-15,2026-07-15
5382,699e0eaa,495,4,202,4,434c2454,,,2026-07-15,2026-07-15
5383,50b9926b,295,6,202,3,f7817da3,,,2026-07-15,2026-07-15
5384,5a3cd45f,303,7,203,3,e942aab7,,,2026-07-15,2026-07-15
5385,b800dfbb,296,6,205,5,ae18638f,,,2026-07-15,2026-07-15
5386,200eadbb,26,7,202,1,91c9bcd7,,,2026-07-15,2026-07-15
5387,8d1b918f,455,3,203,2,c1b30594,,,2026-07-15,2026-07-15
5388,332882d0,724,4,204,3,10f10b2b,,,2026-07-15,2026-07-15
5389,5047d686,309,2,205,5,5e4299db,,,2026-07-15,2026-07-15
5390,96545abc,51,2,205,2,1e6e7fcd,,,2026-07-15,2026-07-15
5391,797732b9,538,6,204,1,efc887b8,,,2026-07-15,2026-07-15
5392,ec2824c8,623,4,205,1,69956359,,,2026-07-15,2026-07-15
5393,7cf4d698,272,5,205,1,7ad06864,,,2026-07-15,2026-07-15
5394,f1f6fa28,187,2,204,4,bc297930,,,2026-07-15,2026-07-15
5395,fad6b790,600,6,204,5,0d484e5f,,,2026-07-15,2026-07-15
5396,5d915851,86,4,201,4,57221ec9,,,2026-07-15,2026-07-15
5397,f40ef500,272,5,205,4,3d657bb9,,,2026-07-15,2026-07-15
5398,1c3d240b,266,4,205,2,ed90a296,,,2026-07-15,2026-07-15
5399,a2ca93b3,564,5,204,5,ce1b52ae,,,2026-07-15,2026-07-15
5400,7b93e066,26,1,202,2,3f26afe9,,,2026-07-15,2026-07-15
5401,abf1063a,207,4,202,1,6601ea7f,,,2026-07-15,2026-07-15
5402,dd8cfec8,221,6,201,5,b03540b1,,,2026-07-15,2026-07-15
5403,17d1b3da,217,2,204,4,91c9bcd7,,,2026-07-15,2026-07-15
5404,2a7bb8bf,325,5,203,5,aaa7dca8,,,2026-07-15,2026-07-15
5405,853ec7b0,53,4,204,5,4aeffd09,,,2026-07-15,2026-07-15
5406,a68ad476,381,4,202,1,b4065ef4,,,2026-07-15,2026-07-15
5407,4ea037f6,28,2,204,3,cee867e3,,,2026-07-15,2026-07-15
5408,ec48b248,539,4,204,5,d9c08140,,,2026-07-15,2026-07-15
5409,12d45ef3,277,2,203,2,a84540d1,,,2026-07-15,2026-07-15
5410,0edf0b9c,490,3,203,4,5f2ab070,,,2026-07-15,2026-07-15
5411,a76e6023,588,4,202,1,3184736b,,,2026-07-15,2026-07-15
5412,12bf835e,349,4,203,1,a30580a1,,,2026-07-15,2026-07-15
5413,aaafcd78,584,1,201,3,247dccf1,,,2026-07-15,2026-07-15
5414,194b76bd,581,2,204,2,fe86a413,,,2026-07-15,2026-07-15
5415,f00ce6fb,679,3,205,2,e0d2a5f3,,,2026-07-15,2026-07-15
5416,4421f9a3,210,6,204,1,315f550b,,,2026-07-15,2026-07-15
5417,bb4cd2d1,40,5,203,5,f6ab1ed5,,,2026-07-15,2026-07-15
5418,ea96507f,279,2,201,4,96379792,,,2026-07-15,2026-07-15
5419,97a1400c,453,5,201,1,f27bb490,,,2026-07-15,2026-07-15
5420,af8f2a75,649,7,204,1,6958bb49,,,2026-07-15,2026-07-15
5421,f5a8d6af,149,1,203,3,1e4cea7e,,,2026-07-15,2026-07-15
5422,ce291937,199,1,205,1,14a4c03c,,,2026-07-15,2026-07-15
5423,eac85b47,608,4,204,2,4392286c,,,2026-07-15,2026-07-15
5424,b0d69d7e,671,1,204,4,425b1d3d,,,2026-07-15,2026-07-15
5425,b8334105,631,5,201,2,6e76c557,,,2026-07-15,2026-07-15
5426,c71de876,619,4,203,3,4739f6d9,,,2026-07-15,2026-07-15
5427,bf79a9f7,288,1,205,3,5e91ed7b,,,2026-07-15,2026-07-15
5428,ed9289b9,466,7,203,3,367ca016,,,2026-07-15,2026-07-15
5429,cd1195f7,241,6,203,2,5905a3e7,,,2026-07-15,2026-07-15
5430,c1a13bf8,30,7,204,1,5e3a2195,,,2026-07-15,2026-07-15
5431,93425b4f,162,5,204,3,10f10b2b,,,2026-07-15,2026-07-15
5432,b92cf263,493,7,202,5,641c61ac,,,2026-07-15,2026-07-15
5433,668cc713,690,4,201,5,6b6d0941,,,2026-07-15,2026-07-15
5434,6ecc489b,90,3,202,4,442d941c,,,2026-07-15,2026-07-15
5435,db3704b7,663,6,204,3,3f26afe9,,,2026-07-15,2026-07-15
5436,a2493e45,588,4,201,5,87830e43,,,2026-07-15,2026-07-15
5437,e86104cf,395,7,205,2,4739f6d9,,,2026-07-15,2026-07-15
5438,4b281044,481,6,202,3,a426a28e,,,2026-07-15,2026-07-15
5439,91211dbc,59,1,203,1,d2c89978,,,2026-07-15,2026-07-15
5440,0fe5968f,495,2,201,3,425b1d3d,,,2026-07-15,2026-07-15
5441,d6bf52bd,387,2,201,4,cedf6f69,,,2026-07-15,2026-07-15
5442,ba2ac315,248,1,202,2,95ec6e5b,,,2026-07-15,2026-07-15
5443,1c1ebfeb,144,6,202,5,20f9eb9c,,,2026-07-15,2026-07-15
5444,3e3ace4b,148,4,201,2,ca496ce9,,,2026-07-15,2026-07-15
5445,5e18425c,454,6,201,2,cedf6f69,,,2026-07-15,2026-07-15
5446,f9e5e95d,730,1,202,5,550393a0,,,2026-07-15,2026-07-15
5447,eba307c7,70,4,205,2,f399f8e1,,,2026-07-15,2026-07-15
5448,4672ec3f,140,6,204,1,dd410d5f,,,2026-07-15,2026-07-15
5449,0dd111aa,264,6,203,3,f2fc7978,,,2026-07-15,2026-07-15
5450,e13110da,186,3,202,1,c88f1b8d,,,2026-07-15,2026-07-15
5451,f0a78a3f,152,3,202,2,69956359,,,2026-07-15,2026-07-15
5452,358092f8,480,3,202,5,5905a3e7,,,2026-07-15,2026-07-15
5453,cd1eac69,72,1,205,3,9349d295,,,2026-07-15,2026-07-15
5454,bf9fef49,558,3,203,4,92f2fd13,,,2026-07-15,2026-07-15
5455,4ec0b242,108,1,205,3,4943c5d9,,,2026-07-15,2026-07-15
5456,a4495f5a,523,6,204,4,550393a0,,,2026-07-15,2026-07-15
5457,5baa661e,75,1,204,1,e224a8c6,,,2026-07-15,2026-07-15
5458,2620a66d,156,3,204,5,943eab83,,,2026-07-15,2026-07-15
5459,2b9fe486,361,1,202,2,2d4fce37,,,2026-07-15,2026-07-15
5460,d9b892f5,259,6,201,2,60c38ae4,,,2026-07-15,2026-07-15
5461,7454908a,396,6,202,4,a040e169,,,2026-07-15,2026-07-15
5462,61c1e713,256,4,205,2,3110a49a,,,2026-07-15,2026-07-15
5463,8915dc91,403,3,201,1,f6ab1ed5,,,2026-07-15,2026-07-15
5464,b7abbcd8,439,2,205,2,84b47f93,,,2026-07-15,2026-07-15
5465,0d4a4e11,131,6,202,1,9e7dae2e,,,2026-07-15,2026-07-15
5466,42541cef,620,2,205,4,ff142568,,,2026-07-15,2026-07-15
5467,ec9333ab,182,1,202,4,ccde9baa,,,2026-07-15,2026-07-15
5468,06e5c66e,613,4,203,4,45592551,,,2026-07-15,2026-07-15
5469,ceb557ed,323,2,204,1,7704f92c,,,2026-07-15,2026-07-15
5470,6f0504ad,444,1,203,5,92f2fd13,,,2026-07-15,2026-07-15
5471,9038635f,12,6,203,5,dd410d5f,,,2026-07-15,2026-07-15
5472,3bccc78f,562,4,203,3,fa853203,,,2026-07-15,2026-07-15
5473,30e3cc46,412,4,202,4,9efecf41,,,2026-07-15,2026-07-15
5474,d976d375,249,4,204,4,3d657bb9,,,2026-07-15,2026-07-15
5475,bab635de,548,1,204,2,aaa7dca8,,,2026-07-15,2026-07-15
5476,5af53219,95,3,201,1,aefc1727,,,2026-07-15,2026-07-15
5477,4c012cb5,531,2,205,2,50987e86,,,2026-07-15,2026-07-15
5478,cf1fd521,113,3,201,3,d8a2bbd7,,,2026-07-15,2026-07-15
5479,274c5766,43,5,205,2,2df31d11,,,2026-07-15,2026-07-15
5480,7998bfa7,425,3,204,3,ff079788,,,2026-07-15,2026-07-15
5481,b73625ac,26,4,204,1,dfcfee6c,,,2026-07-15,2026-07-15
5482,b5760b08,118,2,204,4,41087c74,,,2026-07-15,2026-07-15
5483,0eef96d1,81,5,205,2,7bc42b05,,,2026-07-15,2026-07-15
5484,1c43fd73,207,7,204,4,f27a730c,,,2026-07-15,2026-07-15
5485,b6a9b9b3,81,6,205,2,37354f22,,,2026-07-15,2026-07-15
5486,365e591e,499,4,203,5,fe86a413,,,2026-07-15,2026-07-15
5487,a6def0c0,543,1,203,5,2df31d11,,,2026-07-15,2026-07-15
5488,272c3df7,375,6,202,4,dfe6e1ff,,,2026-07-15,2026-07-15
5489,f3d2fa27,601,7,202,2,89eec31c,,,2026-07-15,2026-07-15
5490,e706b853,595,1,205,3,8125c6f0,,,2026-07-15,2026-07-15
5491,83d3cab1,471,3,202,1,1dc2bf91,,,2026-07-15,2026-07-15
5492,71a5bea3,705,2,202,1,ccde9baa,,,2026-07-15,2026-07-15
5493,a1cdaf0b,195,4,204,1,cb8ec133,,,2026-07-15,2026-07-15
5494,38f76336,351,1,204,4,d2c89978,,,2026-07-15,2026-07-15
5495,8aefd6b7,402,7,201,1,3973c30a,,,2026-07-15,2026-07-15
5496,080a1331,107,3,201,1,a79b76cb,,,2026-07-15,2026-07-15
5497,51aaa578,632,2,201,5,dd410d5f,,,2026-07-15,2026-07-15
5498,16039ca3,297,6,202,4,ff079788,,,2026-07-15,2026-07-15
5499,e065fd6e,69,6,204,4,0b6ae467,,,2026-07-15,2026-07-15
5500,163c5796,729,3,204,2,febfde98,,,2026-07-15,2026-07-15
5501,5d902474,629,4,205,2,3cc541a7,,,2026-07-15,2026-07-15
5502,f6ac970b,581,5,205,2,d1cd1e4d,,,2026-07-15,2026-07-15
5503,60cc90c3,205,2,203,3,ff142568,,,2026-07-15,2026-07-15
5504,9272c27d,667,4,203,5,7f1bca00,,,2026-07-15,2026-07-15
5505,958d288d,551,7,205,3,e3ec02d4,,,2026-07-15,2026-07-15
5506,1f10c185,435,2,204,5,f0924da4,,,2026-07-15,2026-07-15
5507,a6ee3534,56,4,202,4,112f9cab,,,2026-07-15,2026-07-15
5508,d2f8932b,651,4,203,2,f248f0c6,,,2026-07-15,2026-07-15
5509,ddfda2c7,585,1,204,2,ae18638f,,,2026-07-15,2026-07-15
5510,4cf8a787,641,7,202,2,32029984,,,2026-07-15,2026-07-15
5511,5f6cdd90,6,1,204,1,df92d410,,,2026-07-15,2026-07-15
5512,de13c0ed,361,3,201,5,b7effad0,,,2026-07-15,2026-07-15
5513,58c969a9,97,6,203,2,fa853203,,,2026-07-15,2026-07-15
5514,cef569cf,378,3,201,2,9ac47356,,,2026-07-15,2026-07-15
5515,3d7bda3a,435,3,204,3,d2c89978,,,2026-07-15,2026-07-15
5516,23854126,720,6,205,4,1242762d,,,2026-07-15,2026-07-15
5517,623153db,191,7,204,3,b4065ef4,,,2026-07-15,2026-07-15
5518,51c864b9,111,7,205,4,57be6156,,,2026-07-15,2026-07-15
5519,a0543ae4,590,2,201,2,822c1444,,,2026-07-15,2026-07-15
5520,9cd873ff,348,7,204,4,ede49010,,,2026-07-15,2026-07-15
5521,a3a95a77,263,7,205,2,4907af8c,,,2026-07-15,2026-07-15
5522,c4fa015c,206,5,202,4,ff142568,,,2026-07-15,2026-07-15
5523,7e5c1f4b,312,4,205,5,c4993de9,,,2026-07-15,2026-07-15
5524,fd8dc38b,47,1,204,3,41c72cdb,,,2026-07-15,2026-07-15
5525,35cfe0e3,711,2,201,2,1e4cea7e,,,2026-07-15,2026-07-15
5526,e4d2baf1,696,6,202,5,5e91ed7b,,,2026-07-15,2026-07-15
5527,15419635,43,4,201,1,38daf3c5,,,2026-07-15,2026-07-15
5528,87b8d065,277,3,205,3,c1b30594,,,2026-07-15,2026-07-15
5529,62989995,375,3,204,2,3973c30a,,,2026-07-15,2026-07-15
5530,04e8b048,34,2,204,4,d8b06558,,,2026-07-15,2026-07-15
5531,e652b5cb,455,7,204,2,ae76cc5c,,,2026-07-15,2026-07-15
5532,7d8ea23a,277,1,203,4,b4065ef4,,,2026-07-15,2026-07-15
5533,447e71ae,654,7,205,3,b244f9d6,,,2026-07-15,2026-07-15
5534,32b34587,192,6,203,2,cee867e3,,,2026-07-15,2026-07-15
5535,23843217,534,1,202,2,37166503,,,2026-07-15,2026-07-15
5536,29fb2d0d,511,5,202,4,95f70b4e,,,2026-07-15,2026-07-15
5537,2b49a07e,171,3,201,2,cee867e3,,,2026-07-15,2026-07-15
5538,9c5a41b5,264,4,201,2,1aaa9d3a,,,2026-07-15,2026-07-15
5539,2b7205f9,494,7,201,4,a8a7db6d,,,2026-07-15,2026-07-15
5540,358e77a2,195,5,204,1,96379792,,,2026-07-15,2026-07-15
5541,7bd437bd,695,5,204,1,e3ec02d4,,,2026-07-15,2026-07-15
5542,10b8b46a,77,1,204,2,6b71e7b7,,,2026-07-15,2026-07-15
5543,898381e1,604,6,203,2,895b017c,,,2026-07-15,2026-07-15
5544,7163d8be,47,6,203,5,3a1572cc,,,2026-07-15,2026-07-15
5545,74ff3d00,473,7,204,3,5a53b8e9,,,2026-07-15,2026-07-15
5546,41d7b61d,564,2,205,3,6c4f0c4c,,,2026-07-15,2026-07-15
5547,82325055,94,1,204,5,6568690c,,,2026-07-15,2026-07-15
5548,6533744f,247,3,202,5,2df31d11,,,2026-07-15,2026-07-15
5549,15f20ea8,54,3,202,3,15a65ae5,,,2026-07-15,2026-07-15
5550,34832667,547,2,205,1,dfcfee6c,,,2026-07-15,2026-07-15
5551,45a6c174,719,3,201,4,66299238,,,2026-07-15,2026-07-15
5552,b7aefb18,604,2,205,4,f18b66c1,,,2026-07-15,2026-07-15
5553,f2c89927,568,4,203,5,4960cc67,,,2026-07-15,2026-07-15
5554,a299b29d,539,1,205,1,b5297bc8,,,2026-07-15,2026-07-15
5555,41bffbbb,68,2,204,1,d2c89978,,,2026-07-15,2026-07-15
5556,f8824263,525,5,204,2,63baf574,,,2026-07-15,2026-07-15
5557,390ee361,343,2,201,4,6c4f0c4c,,,2026-07-15,2026-07-15
5558,53a104f6,471,5,203,4,860df6aa,,,2026-07-15,2026-07-15
5559,f4b26f73,499,5,203,2,c49ff99c,,,2026-07-15,2026-07-15
5560,55b18628,425,4,205,4,d88f6a7f,,,2026-07-15,2026-07-15
5561,72dc7015,106,1,201,2,4d5e252e,,,2026-07-15,2026-07-15
5562,1f88eda3,505,2,201,3,895b017c,,,2026-07-15,2026-07-15
5563,7b1c2245,519,5,201,1,a84540d1,,,2026-07-15,2026-07-15
5564,1f27052e,656,5,203,3,163d0b32,,,2026-07-15,2026-07-15
5565,ad020a89,249,7,203,3,bd5892a8,,,2026-07-15,2026-07-15
5566,053f4784,49,7,205,2,369a8438,,,2026-07-15,2026-07-15
5567,cf3c60cb,701,7,204,1,247dccf1,,,2026-07-15,2026-07-15
5568,9291ab8a,222,3,205,5,ed90a296,,,2026-07-15,2026-07-15
5569,74e21d4c,512,5,201,3,69956359,,,2026-07-15,2026-07-15
5570,218c70e7,27,1,203,1,d9c08140,,,2026-07-15,2026-07-15
5571,42fc9c2e,42,3,203,4,e9238f3f,,,2026-07-15,2026-07-15
5572,1b090086,568,5,204,4,b51ae2f1,,,2026-07-15,2026-07-15
5573,f2332fff,578,1,204,3,2dcdeda3,,,2026-07-15,2026-07-15
5574,31e7f0fa,457,6,202,5,32029984,,,2026-07-15,2026-07-15
5575,560f7aed,75,6,203,4,a0d8ebba,,,2026-07-15,2026-07-15
5576,6840a7e0,728,4,201,5,d2599bb6,,,2026-07-15,2026-07-15
5577,2e7ae208,647,7,203,4,2d45f6bd,,,2026-07-15,2026-07-15
5578,cd233781,322,4,202,5,5482a297,,,2026-07-15,2026-07-15
5579,11b0707a,358,4,205,1,465c1c13,,,2026-07-15,2026-07-15
5580,d9d2be78,141,4,205,5,7ad06864,,,2026-07-15,2026-07-15
5581,cb1ec121,526,7,202,1,3110a49a,,,2026-07-15,2026-07-15
5582,8fd499cb,33,4,202,1,86613e2d,,,2026-07-15,2026-07-15
5583,b86e5e55,640,2,205,4,cd901af9,,,2026-07-15,2026-07-15
5584,104bdae2,395,4,202,1,2d4fce37,,,2026-07-15,2026-07-15
5585,f4ca6343,198,2,203,2,14a4c03c,,,2026-07-15,2026-07-15
5586,485ae59b,311,4,203,1,66299238,,,2026-07-15,2026-07-15
5587,ea835503,347,4,202,4,2df31d11,,,2026-07-15,2026-07-15
5588,4b972cfd,34,2,202,2,bc297930,,,2026-07-15,2026-07-15
5589,b2316552,87,1,205,5,52b3375c,,,2026-07-15,2026-07-15
5590,920fdd8a,114,5,204,4,fa853203,,,2026-07-15,2026-07-15
5591,cf7001b8,619,5,202,5,a040e169,,,2026-07-15,2026-07-15
5592,8e5339f6,14,1,203,2,4943c5d9,,,2026-07-15,2026-07-15
5593,c2462575,232,7,204,1,6ef9ace3,,,2026-07-15,2026-07-15
5594,b9595079,720,5,201,5,f18b66c1,,,2026-07-15,2026-07-15
5595,424fa332,500,4,204,3,5905a3e7,,,2026-07-15,2026-07-15
5596,e04ec523,445,3,205,5,25b7eced,,,2026-07-15,2026-07-15
5597,3508aa60,521,4,203,2,ba285e29,,,2026-07-15,2026-07-15
5598,fac56603,242,2,205,4,d8edbef1,,,2026-07-15,2026-07-15
5599,01bd9924,35,2,203,4,425b1d3d,,,2026-07-15,2026-07-15
5600,86a6027b,229,4,201,1,e224a8c6,,,2026-07-15,2026-07-15
5601,9edb2882,721,6,203,1,f6ab1ed5,,,2026-07-15,2026-07-15
5602,27bf970c,42,2,204,5,dfe6e1ff,,,2026-07-15,2026-07-15
5603,b1c58287,646,2,201,1,5e3a2195,,,2026-07-15,2026-07-15
5604,80741c68,671,1,201,2,9dd48364,,,2026-07-15,2026-07-15
5605,22338858,335,1,202,5,943eab83,,,2026-07-15,2026-07-15
5606,d00520f8,124,5,203,5,0d484e5f,,,2026-07-15,2026-07-15
5607,aa838a13,3,4,201,4,e5d0ffbb,,,2026-07-15,2026-07-15
5608,89625617,48,2,203,5,fe86a413,,,2026-07-15,2026-07-15
5609,72cc5b3d,240,3,201,3,4ba49536,,,2026-07-15,2026-07-15
5610,bca68fd9,567,2,205,1,548dc0b3,,,2026-07-15,2026-07-15
5611,9f83e62a,45,7,204,1,84b47f93,,,2026-07-15,2026-07-15
5612,a08cc59e,263,5,203,5,a008a294,,,2026-07-15,2026-07-15
5613,e1571964,48,2,201,2,f0924da4,,,2026-07-15,2026-07-15
5614,d6e85f0a,74,6,201,3,346c1416,,,2026-07-15,2026-07-15
5615,8954b3d5,352,3,203,3,970e594b,,,2026-07-15,2026-07-15
5616,d76f4dc5,131,6,201,4,49fdea5f,,,2026-07-15,2026-07-15
5617,6dbc13b4,75,5,202,4,df92d410,,,2026-07-15,2026-07-15
5618,7202ce5a,134,1,203,4,c84a0390,,,2026-07-15,2026-07-15
5619,eba22c7c,493,4,202,1,f12d0983,,,2026-07-15,2026-07-15
5620,2bf02f60,283,6,203,3,77449c06,,,2026-07-15,2026-07-15
5621,41ba43be,152,2,204,5,9efecf41,,,2026-07-15,2026-07-15
5622,16e8ee28,507,2,205,4,dd410d5f,,,2026-07-15,2026-07-15
5623,6d4b33cf,662,3,202,3,3f09714a,,,2026-07-15,2026-07-15
5624,af62e6ba,233,7,203,5,3f09714a,,,2026-07-15,2026-07-15
5625,9bb47c3a,513,2,202,4,d2599bb6,,,2026-07-15,2026-07-15
5626,3c85dfb6,124,7,203,2,5f2ab070,,,2026-07-15,2026-07-15
5627,19a64b45,533,1,203,2,550393a0,,,2026-07-15,2026-07-15
5628,94d1e561,187,6,204,4,3f491b77,,,2026-07-15,2026-07-15
5629,5f29b72e,17,4,204,4,6a0cd270,,,2026-07-15,2026-07-15
5630,a1606ac2,717,3,203,1,3973c30a,,,2026-07-15,2026-07-15
5631,a30f2125,629,7,204,3,d2599bb6,,,2026-07-15,2026-07-15
5632,9254073a,601,2,203,2,97682d83,,,2026-07-15,2026-07-15
5633,e7059fb8,103,7,201,3,69b06aa6,,,2026-07-15,2026-07-15
5634,4fad3d21,19,6,202,4,112f9cab,,,2026-07-15,2026-07-15
5635,aa69d204,652,2,205,2,ce1b52ae,,,2026-07-15,2026-07-15
5636,8d57f3a9,196,5,205,4,b716556b,,,2026-07-15,2026-07-15
5637,d4f141c6,446,1,204,1,bd4a772f,,,2026-07-15,2026-07-15
5638,aecef62d,246,2,205,1,99fed753,,,2026-07-15,2026-07-15
5639,0f8db060,699,2,203,1,6568690c,,,2026-07-15,2026-07-15
5640,5d76e2b3,451,6,202,4,c4e558ad,,,2026-07-15,2026-07-15
5641,9b3b6cc0,336,3,205,5,ed4939ed,,,2026-07-15,2026-07-15
5642,50cd5c1a,207,4,201,5,5905a3e7,,,2026-07-15,2026-07-15
5643,872c2b29,30,2,204,5,7704f92c,,,2026-07-15,2026-07-15
5644,f5be558d,678,3,204,2,ff079788,,,2026-07-15,2026-07-15
5645,0b1f160d,71,4,205,1,1e6e7fcd,,,2026-07-15,2026-07-15
5646,47351e83,316,2,202,2,f971e386,,,2026-07-15,2026-07-15
5647,216b559b,126,5,204,5,8d3cc46f,,,2026-07-15,2026-07-15
5648,b8d936b3,620,7,201,3,3f09714a,,,2026-07-15,2026-07-15
5649,6bd666fe,312,6,204,1,89c3a817,,,2026-07-15,2026-07-15
5650,3055634c,179,7,204,5,b730e9e6,,,2026-07-15,2026-07-15
5651,36bd2373,282,7,204,1,a008a294,,,2026-07-15,2026-07-15
5652,741a878b,513,2,204,2,5905a3e7,,,2026-07-15,2026-07-15
5653,8e4c28dc,507,6,202,4,3d6a9dc8,,,2026-07-15,2026-07-15
5654,f1a92244,162,6,205,1,df28e3f0,,,2026-07-15,2026-07-15
5655,2c7c27d5,716,5,205,4,9dd48364,,,2026-07-15,2026-07-15
5656,2954eab0,424,3,201,2,487a1dd7,,,2026-07-15,2026-07-15
5657,e5bb2b22,105,2,204,3,195b4c1c,,,2026-07-15,2026-07-15
5658,926416b1,425,4,203,5,7ad06864,,,2026-07-15,2026-07-15
5659,bb56432b,239,3,205,3,7b868e56,,,2026-07-15,2026-07-15
5660,a952c2fa,558,2,204,4,d88f6a7f,,,2026-07-15,2026-07-15
5661,0352306d,296,3,202,3,2c760828,,,2026-07-15,2026-07-15
5662,2c39d94a,693,5,203,1,bc297930,,,2026-07-15,2026-07-15
5663,e0ff3935,236,1,202,3,b4065ef4,,,2026-07-15,2026-07-15
5664,ce118f87,651,2,201,5,3110a49a,,,2026-07-15,2026-07-15
5665,9ce3b40c,236,5,202,4,7643c1ee,,,2026-07-15,2026-07-15
5666,72203137,126,1,202,2,0968f5a7,,,2026-07-15,2026-07-15
5667,901a0130,192,7,203,5,9efecf41,,,2026-07-15,2026-07-15
5668,79a4a06f,333,4,203,3,4907af8c,,,2026-07-15,2026-07-15
5669,fedb0616,133,4,202,2,8993064a,,,2026-07-15,2026-07-15
5670,c9f27397,87,2,204,4,cee867e3,,,2026-07-15,2026-07-15
5671,9f99ae85,68,4,202,5,8a51bc70,,,2026-07-15,2026-07-15
5672,9c840f0e,46,4,201,1,dfcfee6c,,,2026-07-15,2026-07-15
5673,f242de19,87,3,205,5,f27bb490,,,2026-07-15,2026-07-15
5674,c5c97e35,358,3,201,1,895b017c,,,2026-07-15,2026-07-15
5675,e475914f,272,3,201,1,cd901af9,,,2026-07-15,2026-07-15
5676,3554f665,230,4,205,5,cd901af9,,,2026-07-15,2026-07-15
5677,e98ca3b3,584,5,205,5,5ae61d1c,,,2026-07-15,2026-07-15
5678,4cf26c97,226,1,202,4,f27a730c,,,2026-07-15,2026-07-15
5679,e1dec527,332,7,201,5,c6934f84,,,2026-07-15,2026-07-15
5680,0027a394,398,4,204,4,6f28469e,,,2026-07-15,2026-07-15
5681,de75b46e,693,6,205,2,4799194e,,,2026-07-15,2026-07-15
5682,878238b9,167,2,205,5,9efecf41,,,2026-07-15,2026-07-15
5683,1f6cb0c0,290,3,202,2,487a1dd7,,,2026-07-15,2026-07-15
5684,7b407a90,618,4,201,1,289b72c4,,,2026-07-15,2026-07-15
5685,c6df5b9d,233,4,205,4,84b47f93,,,2026-07-15,2026-07-15
5686,62282e57,349,3,202,1,b427b66b,,,2026-07-15,2026-07-15
5687,6ac0a2d1,212,1,204,5,465c1c13,,,2026-07-15,2026-07-15
5688,c0b03ec4,87,1,202,3,e0d2a5f3,,,2026-07-15,2026-07-15
5689,d5745212,548,3,202,5,72bc630e,,,2026-07-15,2026-07-15
5690,6e0d0493,254,6,204,3,febfde98,,,2026-07-15,2026-07-15
5691,844ab0c5,149,1,202,3,53648c48,,,2026-07-15,2026-07-15
5692,671c07c9,8,6,204,4,bc297930,,,2026-07-15,2026-07-15
5693,d54756ba,613,2,203,2,3973c30a,,,2026-07-15,2026-07-15
5694,fe5e538e,491,7,203,4,2c42c662,,,2026-07-15,2026-07-15
5695,5628b655,426,6,201,3,ff142568,,,2026-07-15,2026-07-15
5696,7bb10459,296,7,202,1,c7ead2cc,,,2026-07-15,2026-07-15
5697,f0837655,112,5,201,5,c49ff99c,,,2026-07-15,2026-07-15
5698,a69b83fc,213,2,205,4,aaa7dca8,,,2026-07-15,2026-07-15
5699,42c2ddf3,172,4,205,3,72b21457,,,2026-07-15,2026-07-15
5700,ad043723,586,7,205,4,641c61ac,,,2026-07-15,2026-07-15
5701,d8117ab8,49,6,201,2,13a46227,,,2026-07-15,2026-07-15
5702,702d3dcc,83,6,205,4,2c42c662,,,2026-07-15,2026-07-15
5703,755b6779,415,3,203,4,7bc42b05,,,2026-07-15,2026-07-15
5704,2eef9787,439,3,203,2,944084a9,,,2026-07-15,2026-07-15
5705,5eac2c9e,516,4,202,3,9e7dae2e,,,2026-07-15,2026-07-15
5706,73521d79,687,3,202,3,49fdea5f,,,2026-07-15,2026-07-15
5707,e76b66a9,118,3,204,4,6ee48559,,,2026-07-15,2026-07-15
5708,bb77c13d,150,1,202,2,3a0f258a,,,2026-07-15,2026-07-15
5709,fab4e972,139,5,202,2,5e4299db,,,2026-07-15,2026-07-15
5710,295a3b0c,474,6,204,5,3e66160b,,,2026-07-15,2026-07-15
5711,e8cf2ca8,481,6,201,4,036ada7f,,,2026-07-15,2026-07-15
5712,11efdaea,608,3,201,2,b115a948,,,2026-07-15,2026-07-15
5713,b6077b21,460,2,203,2,eb3c1fb7,,,2026-07-15,2026-07-15
5714,a4d3fcea,375,5,201,2,3cc541a7,,,2026-07-15,2026-07-15
5715,06fb219b,130,3,205,1,9dd48364,,,2026-07-15,2026-07-15
5716,e4508e1e,103,4,203,2,52368d16,,,2026-07-15,2026-07-15
5717,be33b994,581,7,202,3,dd410d5f,,,2026-07-15,2026-07-15
5718,1490fdaa,279,1,202,2,72b21457,,,2026-07-15,2026-07-15
5719,c8ddce09,141,4,205,5,8a51bc70,,,2026-07-15,2026-07-15
5720,dbbbb70f,207,1,202,3,a79b76cb,,,2026-07-15,2026-07-15
5721,1a9f1702,503,6,202,1,4960cc67,,,2026-07-15,2026-07-15
5722,f8a1d3e3,485,1,203,2,4aeffd09,,,2026-07-15,2026-07-15
5723,d295b747,300,1,202,1,7e22a2b5,,,2026-07-15,2026-07-15
5724,530d7d56,648,7,201,3,aefc1727,,,2026-07-15,2026-07-15
5725,2ab6d620,346,4,205,2,0a18e760,,,2026-07-15,2026-07-15
5726,7c682ff7,303,7,201,4,2e179883,,,2026-07-15,2026-07-15
5727,30d53654,115,5,203,5,3fc80484,,,2026-07-15,2026-07-15
5728,6951f0a9,17,6,202,1,50987e86,,,2026-07-15,2026-07-15
5729,eacc92e7,638,1,201,3,52368d16,,,2026-07-15,2026-07-15
5730,efd1cde2,6,2,203,1,7a5bc5c2,,,2026-07-15,2026-07-15
5731,3bee5cab,81,1,205,1,247dccf1,,,2026-07-15,2026-07-15
5732,1729c84d,678,4,205,1,195b4c1c,,,2026-07-15,2026-07-15
5733,7e5e6706,361,4,203,2,208d275a,,,2026-07-15,2026-07-15
5734,e1094e8f,503,4,204,1,e0e8c2a1,,,2026-07-15,2026-07-15
5735,6462ac24,253,5,204,2,4049e911,,,2026-07-15,2026-07-15
5736,ba01c1f0,550,6,202,3,58954ba4,,,2026-07-15,2026-07-15
5737,15864a71,583,4,201,2,69956359,,,2026-07-15,2026-07-15
5738,015f6f56,538,4,201,1,6b3185b0,,,2026-07-15,2026-07-15
5739,f3c159fa,268,4,201,2,a4e3426c,,,2026-07-15,2026-07-15
5740,c7017102,215,1,205,1,a79b76cb,,,2026-07-15,2026-07-15
5741,9eb4fda6,85,2,201,5,0b454108,,,2026-07-15,2026-07-15
5742,821c8037,114,5,205,1,ae76cc5c,,,2026-07-15,2026-07-15
5743,b2afc8f2,258,5,203,4,4c309170,,,2026-07-15,2026-07-15
5744,eef8db28,102,7,201,4,5f2ab070,,,2026-07-15,2026-07-15
5745,b0bab281,709,6,202,1,4d5e252e,,,2026-07-15,2026-07-15
5746,25942ba1,476,3,202,3,b68bef7e,,,2026-07-15,2026-07-15
5747,092efa55,435,4,202,3,ac2c30bf,,,2026-07-15,2026-07-15
5748,61b44c5f,515,4,201,1,4aeffd09,,,2026-07-15,2026-07-15
5749,98102d97,158,6,205,4,1f937553,,,2026-07-15,2026-07-15
5750,f884e2ab,357,1,204,1,dd88df46,,,2026-07-15,2026-07-15
5751,223dc65b,130,5,204,4,2e179883,,,2026-07-15,2026-07-15
5752,8a5a0e56,42,1,201,2,1aaa9d3a,,,2026-07-15,2026-07-15
5753,b2f12ea1,9,4,205,5,750687ab,,,2026-07-15,2026-07-15
5754,600a92c5,414,1,203,2,bb9d2955,,,2026-07-15,2026-07-15
5755,dc35e31a,304,4,203,1,96379792,,,2026-07-15,2026-07-15
5756,6164142e,11,7,202,2,c578c38f,,,2026-07-15,2026-07-15
5757,25d1d1bb,157,2,203,3,e0d2a5f3,,,2026-07-15,2026-07-15
5758,3fa253b9,81,3,201,2,205742d2,,,2026-07-15,2026-07-15
5759,50e87beb,710,2,203,3,4739f6d9,,,2026-07-15,2026-07-15
5760,264ca3c7,459,2,204,5,ac2c30bf,,,2026-07-15,2026-07-15
5761,c707a0c9,80,2,205,5,25b7eced,,,2026-07-15,2026-07-15
5762,5d7ff6a1,192,7,204,3,bc297930,,,2026-07-15,2026-07-15
5763,37efe6f4,530,7,204,2,860df6aa,,,2026-07-15,2026-07-15
5764,f93a2d62,480,6,202,5,6ef9ace3,,,2026-07-15,2026-07-15
5765,90a58a31,728,2,201,1,895b017c,,,2026-07-15,2026-07-15
5766,9d90f0b6,441,5,201,2,df92d410,,,2026-07-15,2026-07-15
5767,44694f93,644,1,203,4,8993064a,,,2026-07-15,2026-07-15
5768,85140fb4,167,7,205,4,7704f92c,,,2026-07-15,2026-07-15
5769,77059ac1,274,2,205,1,91a6c884,,,2026-07-15,2026-07-15
5770,1ec8ed19,259,7,202,3,2b2175cd,,,2026-07-15,2026-07-15
5771,823b34d3,115,3,205,3,ede49010,,,2026-07-15,2026-07-15
5772,222c8c2e,303,6,201,5,01974f0f,,,2026-07-15,2026-07-15
5773,ffd76bbf,158,2,201,4,b755ebae,,,2026-07-15,2026-07-15
5774,7409057a,397,3,202,5,cbcf13d1,,,2026-07-15,2026-07-15
5775,f8d7d8d7,377,5,204,5,15a65ae5,,,2026-07-15,2026-07-15
5776,3eb2e935,193,7,203,5,6ee48559,,,2026-07-15,2026-07-15
5777,77fbc473,548,7,204,2,1b14dcc9,,,2026-07-15,2026-07-15
5778,1ba4d5ac,622,6,201,3,205742d2,,,2026-07-15,2026-07-15
5779,3ae7c5be,547,7,201,4,8993064a,,,2026-07-15,2026-07-15
5780,73dc3e5e,556,4,205,5,96379792,,,2026-07-15,2026-07-15
5781,db0d996b,460,5,205,4,bde42cc1,,,2026-07-15,2026-07-15
5782,50f7bdd5,338,5,203,3,efc887b8,,,2026-07-15,2026-07-15
5783,e416278c,428,5,201,4,e5d0ffbb,,,2026-07-15,2026-07-15
5784,8b5c2969,312,3,205,5,ccde9baa,,,2026-07-15,2026-07-15
5785,9edf1223,461,1,204,1,3a0f258a,,,2026-07-15,2026-07-15
5786,bc1e5251,299,1,201,2,ddaa1bf9,,,2026-07-15,2026-07-15
5787,77e02677,71,5,202,3,e3ec02d4,,,2026-07-15,2026-07-15
5788,e5279b2a,718,5,205,3,ce1b52ae,,,2026-07-15,2026-07-15
5789,1c25fd13,134,2,201,1,750687ab,,,2026-07-15,2026-07-15
5790,92f61633,399,6,201,5,e89b35ce,,,2026-07-15,2026-07-15
5791,1964d106,729,2,204,1,852032b7,,,2026-07-15,2026-07-15
5792,0e860eca,641,5,205,1,0b6ae467,,,2026-07-15,2026-07-15
5793,7ecd8d11,392,1,202,4,5a5bf759,,,2026-07-15,2026-07-15
5794,575e3311,272,3,205,5,b5297bc8,,,2026-07-15,2026-07-15
5795,30a67e0b,23,7,202,3,2b2175cd,,,2026-07-15,2026-07-15
5796,e91a2b68,577,6,201,4,5482a297,,,2026-07-15,2026-07-15
5797,90ee713e,92,5,204,2,dfcfee6c,,,2026-07-15,2026-07-15
5798,8dd071ce,397,2,202,2,5e3a2195,,,2026-07-15,2026-07-15
5799,1a4b617e,529,4,204,2,a040e169,,,2026-07-15,2026-07-15
5800,ab9ec413,266,5,205,5,41087c74,,,2026-07-15,2026-07-15
5801,4806eb26,648,1,203,3,f6e5fc4d,,,2026-07-15,2026-07-15
5802,c08ade20,649,1,205,1,482ffe65,,,2026-07-15,2026-07-15
5803,98a775a6,123,2,201,3,cedf6f69,,,2026-07-15,2026-07-15
5804,5954814e,85,6,205,3,bed1ac6c,,,2026-07-15,2026-07-15
5805,a55953ce,600,7,201,3,5a53b8e9,,,2026-07-15,2026-07-15
5806,3446fd5f,106,5,202,5,cedf6f69,,,2026-07-15,2026-07-15
5807,e74009ca,100,4,205,3,4aeffd09,,,2026-07-15,2026-07-15
5808,e9508705,51,5,201,4,e3ec02d4,,,2026-07-15,2026-07-15
5809,fdf9242f,446,2,202,3,14a4c03c,,,2026-07-15,2026-07-15
5810,27481980,376,3,204,2,89c3a817,,,2026-07-15,2026-07-15
5811,af0d9063,340,1,205,2,92f2fd13,,,2026-07-15,2026-07-15
5812,58c8cb34,228,4,201,1,ff142568,,,2026-07-15,2026-07-15
5813,7be5c8ec,39,4,201,3,3f491b77,,,2026-07-15,2026-07-15
5814,480becbb,329,6,205,2,d2c89978,,,2026-07-15,2026-07-15
5815,9ea54811,193,3,204,4,95ec6e5b,,,2026-07-15,2026-07-15
5816,324f58b4,374,3,205,5,d9c08140,,,2026-07-15,2026-07-15
5817,ec7fe5ad,695,4,202,2,367ca016,,,2026-07-15,2026-07-15
5818,92637665,624,7,201,4,2f730975,,,2026-07-15,2026-07-15
5819,7023926d,138,1,205,5,112f9cab,,,2026-07-15,2026-07-15
5820,f28ce23b,482,6,201,2,6f28469e,,,2026-07-15,2026-07-15
5821,ce278007,98,4,201,3,3184736b,,,2026-07-15,2026-07-15
5822,5760e9a9,76,7,203,4,b730e9e6,,,2026-07-15,2026-07-15
5823,de3da85c,561,2,204,4,57221ec9,,,2026-07-15,2026-07-15
5824,a93a4c67,280,3,202,3,d8edbef1,,,2026-07-15,2026-07-15
5825,9c06229f,294,3,201,2,49fdea5f,,,2026-07-15,2026-07-15
5826,3c629f1d,312,6,201,1,c4993de9,,,2026-07-15,2026-07-15
5827,5c50e79c,635,7,203,1,4799194e,,,2026-07-15,2026-07-15
5828,5e50c0b5,459,5,203,3,cd901af9,,,2026-07-15,2026-07-15
5829,c8c25547,541,3,204,2,b716556b,,,2026-07-15,2026-07-15
5830,73ef5156,27,3,204,5,f399f8e1,,,2026-07-15,2026-07-15
5831,5a3449e2,99,3,201,1,0a18e760,,,2026-07-15,2026-07-15
5832,5d8f589e,619,5,205,3,91c9bcd7,,,2026-07-15,2026-07-15
5833,63657a2e,609,4,205,2,7704f92c,,,2026-07-15,2026-07-15
5834,f2cb1786,487,2,202,2,2df8b6f4,,,2026-07-15,2026-07-15
5835,0aa70f87,414,5,202,5,42d0014c,,,2026-07-15,2026-07-15
5836,d61bc914,543,7,201,4,bd5892a8,,,2026-07-15,2026-07-15
5837,bf461df2,562,6,203,4,43b89e78,,,2026-07-15,2026-07-15
5838,01c606bc,603,7,202,2,3f09714a,,,2026-07-15,2026-07-15
5839,f9fe55c5,547,4,202,1,750687ab,,,2026-07-15,2026-07-15
5840,e6ae5d0d,639,5,201,3,8d3cc46f,,,2026-07-15,2026-07-15
5841,c2789418,311,1,205,5,50987e86,,,2026-07-15,2026-07-15
5842,b2370765,431,1,203,1,021c675d,,,2026-07-15,2026-07-15
5843,484f3165,399,1,202,2,082d21de,,,2026-07-15,2026-07-15
5844,05d5ec89,198,4,204,2,ed90a296,,,2026-07-15,2026-07-15
5845,99b309e1,449,3,202,4,b115a948,,,2026-07-15,2026-07-15
5846,c54f8474,550,5,203,4,1f937553,,,2026-07-15,2026-07-15
5847,1b4f98ba,461,5,201,1,41c72cdb,,,2026-07-15,2026-07-15
5848,7fe81f00,675,7,204,1,e89b35ce,,,2026-07-15,2026-07-15
5849,9e0429bd,144,5,201,2,0b6ae467,,,2026-07-15,2026-07-15
5850,95de43f1,584,3,201,3,8125c6f0,,,2026-07-15,2026-07-15
5851,fc07ffb1,482,7,204,1,f22bf066,,,2026-07-15,2026-07-15
5852,24175cc4,298,3,205,5,1df1fe50,,,2026-07-15,2026-07-15
5853,d3cf7ed8,664,3,203,5,8111bc07,,,2026-07-15,2026-07-15
5854,e22f8c67,636,4,202,4,57221ec9,,,2026-07-15,2026-07-15
5855,0bab11b3,210,7,205,3,860df6aa,,,2026-07-15,2026-07-15
5856,31deefa9,669,7,202,5,72b21457,,,2026-07-15,2026-07-15
5857,7cd5ea14,2,3,201,2,e0d2a5f3,,,2026-07-15,2026-07-15
5858,c663e561,389,2,204,5,750687ab,,,2026-07-15,2026-07-15
5859,3172d031,317,4,205,5,112f9cab,,,2026-07-15,2026-07-15
5860,69b898b6,129,4,203,5,c4cdb41c,,,2026-07-15,2026-07-15
5861,e3356063,540,5,201,1,41c72cdb,,,2026-07-15,2026-07-15
5862,a5996296,637,1,203,3,205742d2,,,2026-07-15,2026-07-15
5863,4d7e4739,587,1,202,2,b4065ef4,,,2026-07-15,2026-07-15
5864,2f582fe0,523,3,205,1,cee867e3,,,2026-07-15,2026-07-15
5865,309657ac,398,1,202,2,bd4a772f,,,2026-07-15,2026-07-15
5866,a4f589a3,50,7,204,1,9e7dae2e,,,2026-07-15,2026-07-15
5867,9f74ece9,4,4,205,4,ae18638f,,,2026-07-15,2026-07-15
5868,0ca6029f,341,5,204,4,0fbfd231,,,2026-07-15,2026-07-15
5869,91db64ff,530,6,205,2,a0d8ebba,,,2026-07-15,2026-07-15
5870,f1b291f7,246,1,202,5,2a9b3aaa,,,2026-07-15,2026-07-15
5871,406a81a3,456,1,203,2,96379792,,,2026-07-15,2026-07-15
5872,d47cfe9c,317,2,201,5,9dd48364,,,2026-07-15,2026-07-15
5873,16ec232d,473,6,204,2,9349d295,,,2026-07-15,2026-07-15
5874,35667298,134,4,205,1,13a46227,,,2026-07-15,2026-07-15
5875,9b37a4bb,371,1,205,1,1d9305e2,,,2026-07-15,2026-07-15
5876,338d936e,382,7,204,3,bb9d2955,,,2026-07-15,2026-07-15
5877,03d655b0,305,3,201,1,944084a9,,,2026-07-15,2026-07-15
5878,0b07280a,294,3,204,4,8125c6f0,,,2026-07-15,2026-07-15
5879,68a3fcf7,86,5,203,1,01974f0f,,,2026-07-15,2026-07-15
5880,f2cc6681,33,7,201,3,aefc1727,,,2026-07-15,2026-07-15
5881,7ffdf43a,276,5,204,4,b4ca029a,,,2026-07-15,2026-07-15
5882,abd98f04,27,3,203,5,b244f9d6,,,2026-07-15,2026-07-15
5883,2c44ed42,296,4,203,3,5e91ed7b,,,2026-07-15,2026-07-15
5884,886724e4,550,2,201,4,c88f1b8d,,,2026-07-15,2026-07-15
5885,ec4864e9,110,4,203,3,c7ead2cc,,,2026-07-15,2026-07-15
5886,7bb22c4f,83,4,204,2,c6934f84,,,2026-07-15,2026-07-15
5887,0d73295f,450,6,202,5,487a1dd7,,,2026-07-15,2026-07-15
5888,332cb096,80,7,204,3,0b454108,,,2026-07-15,2026-07-15
5889,fc477ff6,588,1,205,4,86613e2d,,,2026-07-15,2026-07-15
5890,e8bd404a,189,5,204,3,3a1756fa,,,2026-07-15,2026-07-15
5891,7dc6dd54,628,7,205,2,abeb982e,,,2026-07-15,2026-07-15
5892,c82902f2,303,5,204,5,b755ebae,,,2026-07-15,2026-07-15
5893,b730ffff,437,2,201,4,0cfefde4,,,2026-07-15,2026-07-15
5894,67dead68,539,4,201,4,a426a28e,,,2026-07-15,2026-07-15
5895,47d1d57d,691,4,204,1,69b06aa6,,,2026-07-15,2026-07-15
5896,f9285f73,485,4,204,5,1aaa9d3a,,,2026-07-15,2026-07-15
5897,97fa5022,685,6,202,3,0fbfd231,,,2026-07-15,2026-07-15
5898,cadfe2b5,354,7,201,4,163d0b32,,,2026-07-15,2026-07-15
5899,eacf214c,376,4,205,5,6c4f0c4c,,,2026-07-15,2026-07-15
5900,0928575e,655,4,204,2,f399f8e1,,,2026-07-15,2026-07-15
5901,09a6584e,613,2,205,4,3fc80484,,,2026-07-15,2026-07-15
5902,36d1a1e3,600,6,202,4,3cc541a7,,,2026-07-15,2026-07-15
5903,434b5a5e,582,1,205,3,082d21de,,,2026-07-15,2026-07-15
5904,92567b9c,649,3,203,3,a30580a1,,,2026-07-15,2026-07-15
5905,9a4b537c,58,3,205,3,4bc76ae2,,,2026-07-15,2026-07-15
5906,e29edd7e,484,1,204,1,3c63e5d3,,,2026-07-15,2026-07-15
5907,9db85698,478,2,203,3,f169683e,,,2026-07-15,2026-07-15
5908,d4a5bb0e,135,4,203,3,4aeffd09,,,2026-07-15,2026-07-15
5909,0ae3797e,138,4,203,2,1df1fe50,,,2026-07-15,2026-07-15
5910,5034d471,132,3,204,4,7a5bc5c2,,,2026-07-15,2026-07-15
5911,ba1a3a15,166,4,201,3,6958bb49,,,2026-07-15,2026-07-15
5912,c84f36cc,312,4,205,2,f27bb490,,,2026-07-15,2026-07-15
5913,00b727cc,228,5,202,5,f399f8e1,,,2026-07-15,2026-07-15
5914,485cf743,567,2,202,5,cedf6f69,,,2026-07-15,2026-07-15
5915,308d1db6,217,5,204,3,970e594b,,,2026-07-15,2026-07-15
5916,bf85b18e,715,5,203,1,aefc1727,,,2026-07-15,2026-07-15
5917,2c9894c1,207,6,205,4,1aaa9d3a,,,2026-07-15,2026-07-15
5918,0cc4fe9c,651,4,205,5,7a5bc5c2,,,2026-07-15,2026-07-15
5919,f46d3e20,291,7,204,4,b7effad0,,,2026-07-15,2026-07-15
5920,e6bdfec3,206,7,201,3,cbcf13d1,,,2026-07-15,2026-07-15
5921,b6c9d441,648,3,203,4,b4065ef4,,,2026-07-15,2026-07-15
5922,446d5013,549,7,205,5,ada44e5b,,,2026-07-15,2026-07-15
5923,72dec3e7,399,7,205,3,a71b0343,,,2026-07-15,2026-07-15
5924,478fc113,179,5,201,1,95f70b4e,,,2026-07-15,2026-07-15
5925,fa0e8733,120,3,203,3,a0d8ebba,,,2026-07-15,2026-07-15
5926,e059692d,257,4,204,2,aece207c,,,2026-07-15,2026-07-15
5927,3897bb13,539,4,205,3,f7817da3,,,2026-07-15,2026-07-15
5928,260b3d8f,429,1,203,3,1d498af8,,,2026-07-15,2026-07-15
5929,2f7ebfbb,509,5,202,4,4aeffd09,,,2026-07-15,2026-07-15
5930,d939f6c8,50,2,203,2,03f0acfa,,,2026-07-15,2026-07-15
5931,c849e874,654,5,201,3,548dc0b3,,,2026-07-15,2026-07-15
5932,c448d7c5,6,7,204,4,ac2c30bf,,,2026-07-15,2026-07-15
5933,63ab9042,494,4,205,5,cc9f65a9,,,2026-07-15,2026-07-15
5934,a4805cf7,99,3,201,5,35f98e98,,,2026-07-15,2026-07-15
5935,f8ad4de1,460,4,202,3,628a4d89,,,2026-07-15,2026-07-15
5936,74a9a2c1,724,4,203,3,3f26afe9,,,2026-07-15,2026-07-15
5937,2d64ba07,134,4,205,5,7fddfb89,,,2026-07-15,2026-07-15
5938,9011fa21,37,1,203,5,89eec31c,,,2026-07-15,2026-07-15
5939,5a5d80ae,62,5,201,2,369a8438,,,2026-07-15,2026-07-15
5940,5bb9f066,394,4,205,3,2e179883,,,2026-07-15,2026-07-15
5941,406fa78f,620,2,203,2,1e4cea7e,,,2026-07-15,2026-07-15
5942,23ec1548,273,7,204,1,7643c1ee,,,2026-07-15,2026-07-15
5943,82a08db6,73,7,204,4,c578c38f,,,2026-07-15,2026-07-15
5944,9c98698b,239,5,204,5,77c6d634,,,2026-07-15,2026-07-15
5945,89313f4a,383,6,205,5,289b72c4,,,2026-07-15,2026-07-15
5946,97cf702a,374,4,204,5,a1ba575a,,,2026-07-15,2026-07-15
5947,4575ca9d,98,5,201,2,0fbb521a,,,2026-07-15,2026-07-15
5948,60864693,395,1,202,1,4049e911,,,2026-07-15,2026-07-15
5949,ac516e1b,577,5,201,4,9ac47356,,,2026-07-15,2026-07-15
5950,9413f6b4,174,2,203,1,e6d45de3,,,2026-07-15,2026-07-15
5951,02e921a7,49,3,202,5,f169683e,,,2026-07-15,2026-07-15
5952,12c37a46,599,6,202,2,ee98f97e,,,2026-07-15,2026-07-15
5953,c2c447ee,650,7,202,3,43cbe6fa,,,2026-07-15,2026-07-15
5954,849c9082,277,1,203,2,91c9bcd7,,,2026-07-15,2026-07-15
5955,7b0f70b0,160,4,202,2,a71b0343,,,2026-07-15,2026-07-15
5956,513b740c,176,1,205,3,b716556b,,,2026-07-15,2026-07-15
5957,025c6711,291,7,204,4,b716556b,,,2026-07-15,2026-07-15
5958,03db727e,336,1,204,4,9e7dae2e,,,2026-07-15,2026-07-15
5959,7bbeafd9,473,3,205,3,c578c38f,,,2026-07-15,2026-07-15
5960,d413b9b5,122,6,205,1,4db20d32,,,2026-07-15,2026-07-15
5961,c9141934,602,3,204,3,7b748fb3,,,2026-07-15,2026-07-15
5962,9037fef5,728,4,203,5,0fcaa55a,,,2026-07-15,2026-07-15
5963,f2e7288b,210,4,204,2,442d941c,,,2026-07-15,2026-07-15
5964,a78b4e2b,653,2,201,4,ddaa1bf9,,,2026-07-15,2026-07-15
5965,322cda23,659,5,201,3,827ac471,,,2026-07-15,2026-07-15
5966,5276b002,499,3,201,4,e5d0ffbb,,,2026-07-15,2026-07-15
5967,8bbb4ef9,10,2,205,2,ef75b4bf,,,2026-07-15,2026-07-15
5968,a029585e,31,1,203,5,e75bb09b,,,2026-07-15,2026-07-15
5969,b29c8e9b,518,5,205,5,ef5f41ce,,,2026-07-15,2026-07-15
5970,739d96b5,51,6,204,1,a426a28e,,,2026-07-15,2026-07-15
5971,a5c6390a,278,6,202,5,28741ecd,,,2026-07-15,2026-07-15
5972,ff30c424,396,4,201,1,1f937553,,,2026-07-15,2026-07-15
5973,a3e3c4e3,331,4,201,3,a008a294,,,2026-07-15,2026-07-15
5974,6904af93,194,6,204,2,43b89e78,,,2026-07-15,2026-07-15
5975,d211f4d8,307,4,204,3,1b14dcc9,,,2026-07-15,2026-07-15
5976,e093fab1,293,7,203,3,fb87e33d,,,2026-07-15,2026-07-15
5977,09f0a741,708,3,202,1,7b748fb3,,,2026-07-15,2026-07-15
5978,8aa0b753,98,1,203,3,d9c08140,,,2026-07-15,2026-07-15
5979,c290dc01,92,7,203,1,89c3a817,,,2026-07-15,2026-07-15
5980,01ae9635,304,4,204,3,0968f5a7,,,2026-07-15,2026-07-15
5981,69286887,671,4,201,4,2c42c662,,,2026-07-15,2026-07-15
5982,111febd3,431,5,201,1,63baf574,,,2026-07-15,2026-07-15
5983,b82de837,490,2,202,2,aece207c,,,2026-07-15,2026-07-15
5984,9334e076,725,5,202,4,4392286c,,,2026-07-15,2026-07-15
5985,6368c2a8,184,1,201,4,718406a2,,,2026-07-15,2026-07-15
5986,4fa4dc6f,31,7,201,2,c3a6c571,,,2026-07-15,2026-07-15
5987,b298d4fa,481,1,205,1,bd47b713,,,2026-07-15,2026-07-15
5988,2a9cb3f2,327,7,202,5,2b2175cd,,,2026-07-15,2026-07-15
5989,85947a53,157,7,204,2,1dc2bf91,,,2026-07-15,2026-07-15
5990,ecabb028,474,5,205,4,c1b30594,,,2026-07-15,2026-07-15
5991,2c0ede04,447,7,202,4,18d773af,,,2026-07-15,2026-07-15
5992,afcc0e06,422,2,205,2,4db20d32,,,2026-07-15,2026-07-15
5993,7c35e1e6,71,5,201,5,f6e5fc4d,,,2026-07-15,2026-07-15
5994,e1ce907d,718,7,203,1,4e431688,,,2026-07-15,2026-07-15
5995,adc72359,501,3,202,1,8ad52b25,,,2026-07-15,2026-07-15
5996,41c3a0f8,631,1,201,2,20f9eb9c,,,2026-07-15,2026-07-15
5997,7ff97e03,604,3,203,3,bd47b713,,,2026-07-15,2026-07-15
5998,f64576b6,76,6,201,3,d1cd1e4d,,,2026-07-15,2026-07-15
5999,c29f2fd5,82,3,201,5,b244f9d6,,,2026-07-15,2026-07-15
6000,52b27bf8,396,2,202,3,4aeffd09,,,2026-07-15,2026-07-15
6001,2ae2e68d,313,7,205,4,ff142568,,,2026-07-15,2026-07-15
6002,b3418b92,171,5,205,3,96379792,,,2026-07-15,2026-07-15
6003,f2e939ba,426,6,202,1,7fddfb89,,,2026-07-15,2026-07-15
6004,bbb5530f,630,7,201,3,4ce20b01,,,2026-07-15,2026-07-15
6005,a49289e2,722,1,202,3,036ada7f,,,2026-07-15,2026-07-15
6006,bb74e8c2,10,1,203,2,0d4d4804,,,2026-07-15,2026-07-15
6007,3f64d2f7,52,5,203,1,56205f69,,,2026-07-15,2026-07-15
6008,3eb19dba,408,2,205,1,289b72c4,,,2026-07-15,2026-07-15
6009,ae7ed634,406,2,204,2,1a601f48,,,2026-07-15,2026-07-15
6010,81d2c81b,196,3,201,5,247dccf1,,,2026-07-15,2026-07-15
6011,ec9af04b,355,4,201,5,ae0deda5,,,2026-07-15,2026-07-15
6012,9813862d,386,4,202,4,f2fc7978,,,2026-07-15,2026-07-15
6013,4f4601b7,36,2,201,2,367ca016,,,2026-07-15,2026-07-15
6014,7916fa0d,695,3,201,1,d8b06558,,,2026-07-15,2026-07-15
6015,c36078fa,453,1,203,4,8a51bc70,,,2026-07-15,2026-07-15
6016,88813728,389,5,203,5,91a6c884,,,2026-07-15,2026-07-15
6017,b5f085ae,237,7,204,4,1dc2bf91,,,2026-07-15,2026-07-15
6018,7794869b,206,3,201,3,efc887b8,,,2026-07-15,2026-07-15
6019,f3bc86b1,392,2,205,4,3c63e5d3,,,2026-07-15,2026-07-15
6020,48cd1e90,35,2,203,4,442d941c,,,2026-07-15,2026-07-15
6021,048f0d02,595,6,205,2,92f2fd13,,,2026-07-15,2026-07-15
6022,b30632ac,463,4,201,4,de084e17,,,2026-07-15,2026-07-15
6023,7d9cace5,470,7,204,3,8ad52b25,,,2026-07-15,2026-07-15
6024,2027634d,399,1,203,1,5482a297,,,2026-07-15,2026-07-15
6025,fa0bea59,195,4,203,3,45592551,,,2026-07-15,2026-07-15
6026,1e068a53,123,6,203,3,e9238f3f,,,2026-07-15,2026-07-15
6027,0cef9cd8,132,7,201,5,434c2454,,,2026-07-15,2026-07-15
6028,26d7e37d,97,4,202,5,628a4d89,,,2026-07-15,2026-07-15
6029,890205b3,241,4,205,2,e1e17a72,,,2026-07-15,2026-07-15
6030,1576b277,321,1,201,4,6ee48559,,,2026-07-15,2026-07-15
6031,e838b5e7,57,7,201,5,52368d16,,,2026-07-15,2026-07-15
6032,b5149fe9,520,2,204,1,4960cc67,,,2026-07-15,2026-07-15
6033,e5c0d1a2,287,2,201,3,ac535caa,,,2026-07-15,2026-07-15
6034,5be54acb,411,3,201,5,5a5bf759,,,2026-07-15,2026-07-15
6035,a770ddca,424,5,203,3,5424e422,,,2026-07-15,2026-07-15
6036,e5136b43,555,7,202,5,ba285e29,,,2026-07-15,2026-07-15
6037,ac8183e7,21,7,205,4,cbcf13d1,,,2026-07-15,2026-07-15
6038,1839b9fe,726,3,204,3,bd5892a8,,,2026-07-15,2026-07-15
6039,4b67e14c,126,2,201,2,20f9eb9c,,,2026-07-15,2026-07-15
6040,f6ef4af2,640,6,203,1,0fcaa55a,,,2026-07-15,2026-07-15
6041,9d124c43,359,1,201,5,c88f1b8d,,,2026-07-15,2026-07-15
6042,9766e808,197,3,205,3,57be6156,,,2026-07-15,2026-07-15
6043,8499198f,367,4,202,2,f12d0983,,,2026-07-15,2026-07-15
6044,2972579a,333,3,204,2,1dc2bf91,,,2026-07-15,2026-07-15
6045,8535375f,238,2,205,1,68f3c4e5,,,2026-07-15,2026-07-15
6046,bb9222fb,710,3,205,4,2df31d11,,,2026-07-15,2026-07-15
6047,1763001d,675,6,203,5,43b89e78,,,2026-07-15,2026-07-15
6048,54cf106f,160,5,204,5,7e22a2b5,,,2026-07-15,2026-07-15
6049,53129631,104,6,201,5,4e431688,,,2026-07-15,2026-07-15
6050,3aba4f60,146,3,205,1,6ef9ace3,,,2026-07-15,2026-07-15
6051,a4d59198,573,5,204,3,0d4d4804,,,2026-07-15,2026-07-15
6052,934ecd51,159,6,205,2,e03caed0,,,2026-07-15,2026-07-15
6053,f8e45d39,444,2,201,4,cd901af9,,,2026-07-15,2026-07-15
6054,be883e2b,661,3,203,3,b730e9e6,,,2026-07-15,2026-07-15
6055,46a9c9f8,621,6,204,2,ef5f41ce,,,2026-07-15,2026-07-15
6056,ab955e95,499,1,202,4,bb9d2955,,,2026-07-15,2026-07-15
6057,ab277ab9,6,1,201,2,8111bc07,,,2026-07-15,2026-07-15
6058,682b468f,347,5,202,4,d9c08140,,,2026-07-15,2026-07-15
6059,94507bbc,717,5,202,1,1aaa9d3a,,,2026-07-15,2026-07-15
6060,503e6936,254,6,202,3,1242762d,,,2026-07-15,2026-07-15
6061,4c0512c1,357,7,205,4,425b1d3d,,,2026-07-15,2026-07-15
6062,3cc95b4b,319,7,201,1,c578c38f,,,2026-07-15,2026-07-15
6063,efb9cf25,80,1,203,3,b5297bc8,,,2026-07-15,2026-07-15
6064,5cdd4e18,559,4,202,1,b730e9e6,,,2026-07-15,2026-07-15
6065,7eb2608d,476,5,202,2,3d6a9dc8,,,2026-07-15,2026-07-15
6066,77e22e9e,503,3,205,5,ac535caa,,,2026-07-15,2026-07-15
6067,6eb8060c,186,2,204,2,1e4cea7e,,,2026-07-15,2026-07-15
6068,61d960ae,382,2,204,2,a79b76cb,,,2026-07-15,2026-07-15
6069,86c20581,212,6,201,4,e3ec02d4,,,2026-07-15,2026-07-15
6070,95da9f49,691,3,203,4,fe86a413,,,2026-07-15,2026-07-15
6071,aeaac52b,522,7,202,4,1aaa9d3a,,,2026-07-15,2026-07-15
6072,36edda14,349,6,202,5,ede49010,,,2026-07-15,2026-07-15
6073,b40b1c01,597,7,202,2,bed1ac6c,,,2026-07-15,2026-07-15
6074,f20a644b,695,5,202,1,e0e8c2a1,,,2026-07-15,2026-07-15
6075,1fa80a8a,76,7,205,3,d8b06558,,,2026-07-15,2026-07-15
6076,46f34322,148,2,203,1,e0e8c2a1,,,2026-07-15,2026-07-15
6077,92e1a187,394,3,203,4,ede49010,,,2026-07-15,2026-07-15
6078,52d560c0,15,1,203,4,a040e169,,,2026-07-15,2026-07-15
6079,c6eabc6b,185,2,204,4,2d45f6bd,,,2026-07-15,2026-07-15
6080,e7462492,431,7,202,5,482ffe65,,,2026-07-15,2026-07-15
6081,72e4d716,494,6,202,1,5424e422,,,2026-07-15,2026-07-15
6082,e20bf64f,504,7,201,5,0968f5a7,,,2026-07-15,2026-07-15
6083,1d7da78a,84,5,201,1,97682d83,,,2026-07-15,2026-07-15
6084,a6f2a9ae,44,7,201,3,895b017c,,,2026-07-15,2026-07-15
6085,a5e18a65,497,5,205,1,abeb982e,,,2026-07-15,2026-07-15
6086,f37dcbcd,697,5,202,3,d8b06558,,,2026-07-15,2026-07-15
6087,86191516,450,2,204,3,35acd685,,,2026-07-15,2026-07-15
6088,f59094d3,248,5,205,4,f22bf066,,,2026-07-15,2026-07-15
6089,3c302a05,712,3,204,5,d8b06558,,,2026-07-15,2026-07-15
6090,66f943ed,492,4,201,4,c4993de9,,,2026-07-15,2026-07-15
6091,23bb0d7b,493,5,205,5,ec486749,,,2026-07-15,2026-07-15
6092,8a19101f,493,5,201,5,970e594b,,,2026-07-15,2026-07-15
6093,b7f72f71,412,7,201,2,970e594b,,,2026-07-15,2026-07-15
6094,b366a992,642,7,205,4,ce1b52ae,,,2026-07-15,2026-07-15
6095,c9513194,563,7,202,1,df92d410,,,2026-07-15,2026-07-15
6096,f971793c,370,5,205,1,7e1de19d,,,2026-07-15,2026-07-15
6097,83cc1950,98,4,203,2,ce1b52ae,,,2026-07-15,2026-07-15
6098,6d8d138a,374,3,202,1,ee98f97e,,,2026-07-15,2026-07-15
6099,1c332f9d,10,2,201,2,a93aa731,,,2026-07-15,2026-07-15
6100,509deb97,647,7,204,5,ccde9baa,,,2026-07-15,2026-07-15
6101,be7750c6,705,4,201,4,f399f8e1,,,2026-07-15,2026-07-15
6102,ba680138,192,4,203,4,a93aa731,,,2026-07-15,2026-07-15
6103,9a818a6f,469,3,205,2,367ca016,,,2026-07-15,2026-07-15
6104,6ff85cc6,170,3,204,4,827ac471,,,2026-07-15,2026-07-15
6105,4323e821,717,6,203,1,45c95088,,,2026-07-15,2026-07-15
6106,2d81a27a,426,1,205,2,3a1756fa,,,2026-07-15,2026-07-15
6107,cefaab1b,223,1,201,1,7f1bca00,,,2026-07-15,2026-07-15
6108,ec4d1a8e,563,3,203,5,2b2175cd,,,2026-07-15,2026-07-15
6109,ea82d112,328,2,204,5,1b14dcc9,,,2026-07-15,2026-07-15
6110,c3e002a3,697,6,203,3,2df8b6f4,,,2026-07-15,2026-07-15
6111,b4c05159,529,6,201,5,3cc541a7,,,2026-07-15,2026-07-15
6112,969b8ac9,99,5,205,4,d2599bb6,,,2026-07-15,2026-07-15
6113,dbb02d61,639,2,203,4,1d498af8,,,2026-07-15,2026-07-15
6114,24f06de0,698,7,201,2,e03caed0,,,2026-07-15,2026-07-15
6115,50c52995,192,3,201,2,a30580a1,,,2026-07-15,2026-07-15
6116,24d63e2e,415,6,204,3,e9238f3f,,,2026-07-15,2026-07-15
6117,0d4c5b86,108,4,201,3,ae18638f,,,2026-07-15,2026-07-15
6118,8b4b8a1a,392,1,202,1,ae76cc5c,,,2026-07-15,2026-07-15
6119,cf44c004,262,2,201,3,e9238f3f,,,2026-07-15,2026-07-15
6120,e52e32f6,246,2,203,2,ddaa1bf9,,,2026-07-15,2026-07-15
6121,8189f8bf,157,7,201,4,ddaa1bf9,,,2026-07-15,2026-07-15
6122,02f3bb1d,360,3,205,3,a30580a1,,,2026-07-15,2026-07-15
6123,f2b3e2fc,588,2,202,3,84b47f93,,,2026-07-15,2026-07-15
6124,d846bac2,704,1,204,5,8111bc07,,,2026-07-15,2026-07-15
6125,4ee9b0f5,372,7,202,2,a71b0343,,,2026-07-15,2026-07-15
6126,9e297718,130,3,202,5,3929633d,,,2026-07-15,2026-07-15
6127,fe944160,130,3,203,5,7643c1ee,,,2026-07-15,2026-07-15
6128,46949532,16,4,202,3,e6d45de3,,,2026-07-15,2026-07-15
6129,a27e6e22,89,3,201,1,482ffe65,,,2026-07-15,2026-07-15
6130,cf55ca2f,615,3,202,3,5dff7cb7,,,2026-07-15,2026-07-15
6131,e4263846,385,5,201,1,6b3185b0,,,2026-07-15,2026-07-15
6132,9ab2ad0d,131,4,202,5,97682d83,,,2026-07-15,2026-07-15
6133,3d81bd7d,334,4,205,2,7ad06864,,,2026-07-15,2026-07-15
6134,53c93797,429,7,205,3,208d275a,,,2026-07-15,2026-07-15
6135,dac00d2f,217,2,204,2,b427b66b,,,2026-07-15,2026-07-15
6136,27d1b5bc,476,1,205,5,bd47b713,,,2026-07-15,2026-07-15
6137,17b146aa,444,5,205,4,d8b06558,,,2026-07-15,2026-07-15
6138,47134abf,561,2,203,2,69b06aa6,,,2026-07-15,2026-07-15
6139,9ceab8f5,109,6,201,2,082d21de,,,2026-07-15,2026-07-15
6140,f1b6584b,116,5,204,2,aaa7dca8,,,2026-07-15,2026-07-15
6141,94a2341e,110,3,204,3,6601ea7f,,,2026-07-15,2026-07-15
6142,406c2259,160,2,204,3,6780333b,,,2026-07-15,2026-07-15
6143,0dd807c5,243,3,202,1,6b3185b0,,,2026-07-15,2026-07-15
6144,b286405a,13,2,201,2,a008a294,,,2026-07-15,2026-07-15
6145,857c8074,244,3,203,4,86613e2d,,,2026-07-15,2026-07-15
6146,a6ea8ac1,298,5,203,4,6ee48559,,,2026-07-15,2026-07-15
6147,ad94441c,316,6,204,1,03f0acfa,,,2026-07-15,2026-07-15
6148,21f43308,609,6,201,5,346c1416,,,2026-07-15,2026-07-15
6149,01b3a22a,491,4,203,1,bd5892a8,,,2026-07-15,2026-07-15
6150,a99bade3,476,2,205,2,6c4f0c4c,,,2026-07-15,2026-07-15
6151,96f1f746,165,6,201,3,4363b8d6,,,2026-07-15,2026-07-15
6152,7cc79314,324,1,201,1,cd901af9,,,2026-07-15,2026-07-15
6153,f179f93c,534,5,202,2,425b1d3d,,,2026-07-15,2026-07-15
6154,fbff02f6,499,3,203,2,aaa7dca8,,,2026-07-15,2026-07-15
6155,a37870fd,424,1,204,1,f399f8e1,,,2026-07-15,2026-07-15
6156,7b7da27f,544,2,201,2,3a0f258a,,,2026-07-15,2026-07-15
6157,f103a930,605,7,201,5,3a1756fa,,,2026-07-15,2026-07-15
6158,24130c62,639,4,202,4,5a5bf759,,,2026-07-15,2026-07-15
6159,26e4e72d,186,5,201,5,3a1572cc,,,2026-07-15,2026-07-15
6160,5ebda12c,586,7,201,1,dd410d5f,,,2026-07-15,2026-07-15
6161,dee77a37,663,3,201,4,6568690c,,,2026-07-15,2026-07-15
6162,588b053a,242,3,202,3,ed4939ed,,,2026-07-15,2026-07-15
6163,47785e35,149,3,201,5,bed1ac6c,,,2026-07-15,2026-07-15
6164,38cc3327,542,2,201,3,f399f8e1,,,2026-07-15,2026-07-15
6165,e43bf8df,267,5,201,4,3c63e5d3,,,2026-07-15,2026-07-15
6166,b3c49e5e,34,5,203,3,45592551,,,2026-07-15,2026-07-15
6167,2e855e69,39,5,203,3,a93aa731,,,2026-07-15,2026-07-15
6168,d505268d,184,4,202,5,7b868e56,,,2026-07-15,2026-07-15
6169,bf2a8f34,461,2,205,1,aece207c,,,2026-07-15,2026-07-15
6170,5743bd31,727,6,205,3,d9c08140,,,2026-07-15,2026-07-15
6171,0f38dee3,24,7,203,3,74258308,,,2026-07-15,2026-07-15
6172,348f7e15,487,2,202,4,aece207c,,,2026-07-15,2026-07-15
6173,7fb3fe4d,580,3,202,2,a93aa731,,,2026-07-15,2026-07-15
6174,0f73f1bb,682,1,203,2,97682d83,,,2026-07-15,2026-07-15
6175,f442027c,188,4,205,3,0b6ae467,,,2026-07-15,2026-07-15
6176,4e7b89ea,202,6,202,2,9ac47356,,,2026-07-15,2026-07-15
6177,195db073,719,4,201,4,45c95088,,,2026-07-15,2026-07-15
6178,6730d077,524,6,201,2,de084e17,,,2026-07-15,2026-07-15
6179,f73e729e,388,2,201,1,163d0b32,,,2026-07-15,2026-07-15
6180,d52590a8,387,7,201,5,cc9f65a9,,,2026-07-15,2026-07-15
6181,05eeec45,285,2,204,2,4ce20b01,,,2026-07-15,2026-07-15
6182,80cd84e3,542,7,204,3,42d0014c,,,2026-07-15,2026-07-15
6183,6cbfceed,711,3,205,3,52b3375c,,,2026-07-15,2026-07-15
6184,507da2ef,597,6,204,5,37166503,,,2026-07-15,2026-07-15
6185,0963d11b,34,5,201,3,e1e17a72,,,2026-07-15,2026-07-15
6186,5a3dcec0,355,5,202,4,ec486749,,,2026-07-15,2026-07-15
6187,208d09fb,9,1,202,4,c4cdb41c,,,2026-07-15,2026-07-15
6188,2674d22c,504,5,204,2,4db20d32,,,2026-07-15,2026-07-15
6189,acdf0dd3,458,1,203,5,1e4cea7e,,,2026-07-15,2026-07-15
6190,1ef77174,71,5,204,1,fa578b09,,,2026-07-15,2026-07-15
6191,64b54c5a,100,2,205,2,ce1b52ae,,,2026-07-15,2026-07-15
6192,944c868a,153,3,203,3,4739f6d9,,,2026-07-15,2026-07-15
6193,b5765fa3,125,1,202,1,18d773af,,,2026-07-15,2026-07-15
6194,af1152db,241,4,205,1,41087c74,,,2026-07-15,2026-07-15
6195,c28cf7ab,436,3,202,1,021c675d,,,2026-07-15,2026-07-15
6196,bb2765ab,525,6,204,1,cd901af9,,,2026-07-15,2026-07-15
6197,c021edc7,84,6,203,5,c05e9193,,,2026-07-15,2026-07-15
6198,fd23655e,101,5,201,2,7704f92c,,,2026-07-15,2026-07-15
6199,53faab8a,204,7,201,5,f971e386,,,2026-07-15,2026-07-15
6200,8e718b9c,50,5,203,3,9349d295,,,2026-07-15,2026-07-15
6201,15b74d1e,485,5,201,4,febfde98,,,2026-07-15,2026-07-15
6202,befd7866,729,3,205,1,a71b0343,,,2026-07-15,2026-07-15
6203,19c30675,646,7,204,5,ddaa1bf9,,,2026-07-15,2026-07-15
6204,f7116394,658,1,202,2,3973c30a,,,2026-07-15,2026-07-15
6205,77170359,261,3,204,2,e75bb09b,,,2026-07-15,2026-07-15
6206,f9aaedcc,360,1,205,2,37166503,,,2026-07-15,2026-07-15
6207,06fbd527,690,4,203,3,2df31d11,,,2026-07-15,2026-07-15
6208,1141a64b,9,3,201,3,fb5ef791,,,2026-07-15,2026-07-15
6209,456584b4,436,5,203,4,e1e17a72,,,2026-07-15,2026-07-15
6210,60761bd5,15,4,201,4,38daf3c5,,,2026-07-15,2026-07-15
6211,079697ac,476,3,204,4,32029984,,,2026-07-15,2026-07-15
6212,d0784a16,721,4,203,4,1df1fe50,,,2026-07-15,2026-07-15
6213,5ab55af6,22,5,201,1,ff142568,,,2026-07-15,2026-07-15
6214,e1c79666,613,7,203,4,ede49010,,,2026-07-15,2026-07-15
6215,2a59d944,428,2,203,5,7fddfb89,,,2026-07-15,2026-07-15
6216,d8aae346,202,4,203,3,b730e9e6,,,2026-07-15,2026-07-15
6217,ead49020,700,1,204,2,efc887b8,,,2026-07-15,2026-07-15
6218,672fe783,115,2,205,2,8993064a,,,2026-07-15,2026-07-15
6219,0cc61e9c,105,5,205,4,25b7eced,,,2026-07-15,2026-07-15
6220,6cbd9e1e,656,7,204,1,9efecf41,,,2026-07-15,2026-07-15
6221,1339ae4d,379,6,201,4,b115a948,,,2026-07-15,2026-07-15
6222,3b734d4f,347,6,201,4,c49ff99c,,,2026-07-15,2026-07-15
6223,ce273058,703,1,201,4,2df8b6f4,,,2026-07-15,2026-07-15
6224,b02cc769,347,5,202,2,bb9d2955,,,2026-07-15,2026-07-15
6225,4798477e,675,5,205,5,5dff7cb7,,,2026-07-15,2026-07-15
6226,bb97779e,226,7,201,3,6b3185b0,,,2026-07-15,2026-07-15
6227,c5fc251c,375,3,203,3,5a53b8e9,,,2026-07-15,2026-07-15
6228,183f8cce,325,4,202,3,6ef9ace3,,,2026-07-15,2026-07-15
6229,f5a164b4,43,7,201,1,e3ec02d4,,,2026-07-15,2026-07-15
6230,832e5ffd,539,5,203,1,860df6aa,,,2026-07-15,2026-07-15
6231,94a91783,504,4,205,1,0a18e760,,,2026-07-15,2026-07-15
6232,4e2da602,634,1,202,2,1aaa9d3a,,,2026-07-15,2026-07-15
6233,8b3504d8,427,4,201,1,a5d658b7,,,2026-07-15,2026-07-15
6234,a773dabb,579,4,201,4,41087c74,,,2026-07-15,2026-07-15
6235,181026c9,225,2,202,5,d1cd1e4d,,,2026-07-15,2026-07-15
6236,2a7a8f58,632,5,204,2,2e179883,,,2026-07-15,2026-07-15
6237,5403a1fb,151,2,203,4,7e1de19d,,,2026-07-15,2026-07-15
6238,e9f753bb,651,5,203,1,4c309170,,,2026-07-15,2026-07-15
6239,3364dde3,58,6,202,2,7bc42b05,,,2026-07-15,2026-07-15
6240,09a7df74,628,4,203,2,3c63e5d3,,,2026-07-15,2026-07-15
6241,3da130b7,220,5,203,1,efc887b8,,,2026-07-15,2026-07-15
6242,c6c05e04,128,1,201,5,6f2a321a,,,2026-07-15,2026-07-15
6243,c04afcae,341,3,202,5,ae76cc5c,,,2026-07-15,2026-07-15
6244,627fd75e,66,5,202,3,6b6d0941,,,2026-07-15,2026-07-15
6245,6604d4ea,49,5,203,2,57be6156,,,2026-07-15,2026-07-15
6246,d790affd,173,5,202,3,f0924da4,,,2026-07-15,2026-07-15
6247,ce5f6c47,174,6,201,2,548dc0b3,,,2026-07-15,2026-07-15
6248,c52cbbd0,421,6,205,1,ae76cc5c,,,2026-07-15,2026-07-15
6249,179ca001,21,2,202,2,9e7dae2e,,,2026-07-15,2026-07-15
6250,018102af,265,3,203,2,315f550b,,,2026-07-15,2026-07-15
6251,af2c9493,337,4,201,4,c475f6fc,,,2026-07-15,2026-07-15
6252,6a8fd94b,429,1,204,4,1dc2bf91,,,2026-07-15,2026-07-15
6253,371d7fd4,556,4,201,5,9efecf41,,,2026-07-15,2026-07-15
6254,32575d07,193,3,202,2,72b21457,,,2026-07-15,2026-07-15
6255,321d10cd,581,1,201,1,ede49010,,,2026-07-15,2026-07-15
6256,1354eef4,454,6,205,3,72b21457,,,2026-07-15,2026-07-15
6257,1f820c32,130,2,203,4,3929633d,,,2026-07-15,2026-07-15
6258,9fa24659,266,2,202,2,2df8b6f4,,,2026-07-15,2026-07-15
6259,ccbaf5d3,478,5,203,5,b68bef7e,,,2026-07-15,2026-07-15
6260,5c6f88b9,510,5,205,5,e9238f3f,,,2026-07-15,2026-07-15
6261,59abbe8a,610,1,205,2,fdb588e8,,,2026-07-15,2026-07-15
6262,0b483940,296,2,201,1,99fed753,,,2026-07-15,2026-07-15
6263,cade2d6e,421,2,203,5,d92199d8,,,2026-07-15,2026-07-15
6264,727868a3,505,5,202,2,3184736b,,,2026-07-15,2026-07-15
6265,50957160,384,7,205,3,84b47f93,,,2026-07-15,2026-07-15
6266,38ee55f6,207,6,203,1,346c1416,,,2026-07-15,2026-07-15
6267,8f517e42,621,2,203,1,3d657bb9,,,2026-07-15,2026-07-15
6268,ebefd797,518,4,205,5,6b6d0941,,,2026-07-15,2026-07-15
6269,3ff9701b,129,2,203,3,718406a2,,,2026-07-15,2026-07-15
6270,85626e43,410,2,205,3,41c72cdb,,,2026-07-15,2026-07-15
6271,1dfab470,428,7,201,2,0cfefde4,,,2026-07-15,2026-07-15
6272,c1c357b0,231,2,204,3,6958bb49,,,2026-07-15,2026-07-15
6273,4a7b59df,53,1,202,5,cee867e3,,,2026-07-15,2026-07-15
6274,b79e9abb,635,4,205,3,99fed753,,,2026-07-15,2026-07-15
6275,9d0cea34,338,5,202,2,50641c23,,,2026-07-15,2026-07-15
6276,006e72e1,427,5,202,5,8b319808,,,2026-07-15,2026-07-15
6277,780a6c57,19,5,205,5,1f937553,,,2026-07-15,2026-07-15
6278,3761fb7f,494,1,201,4,315f550b,,,2026-07-15,2026-07-15
6279,a417d888,506,1,201,3,7b868e56,,,2026-07-15,2026-07-15
6280,b595223f,357,6,202,3,3110a49a,,,2026-07-15,2026-07-15
6281,f85b410b,134,7,205,5,ff079788,,,2026-07-15,2026-07-15
6282,5a5e49b8,650,5,201,4,63baf574,,,2026-07-15,2026-07-15
6283,e2267fdc,724,2,203,2,bed1ac6c,,,2026-07-15,2026-07-15
6284,b758f634,175,5,202,4,bc297930,,,2026-07-15,2026-07-15
6285,381be33a,331,7,203,1,3a1572cc,,,2026-07-15,2026-07-15
6286,23a73653,450,1,204,2,eb3c1fb7,,,2026-07-15,2026-07-15
6287,5b158746,622,1,204,5,a426a28e,,,2026-07-15,2026-07-15
6288,799fade8,488,3,202,5,77449c06,,,2026-07-15,2026-07-15
6289,c25e9d36,91,7,201,1,8993064a,,,2026-07-15,2026-07-15
6290,54d8fa20,181,1,205,4,6ef9ace3,,,2026-07-15,2026-07-15
6291,12c20902,409,5,203,3,7ad06864,,,2026-07-15,2026-07-15
6292,ee936408,451,6,205,2,f399f8e1,,,2026-07-15,2026-07-15
6293,748cd850,246,1,201,4,6ef9ace3,,,2026-07-15,2026-07-15
6294,8ecabc3d,461,3,203,2,6b3185b0,,,2026-07-15,2026-07-15
6295,86df15c3,127,1,201,1,5ae61d1c,,,2026-07-15,2026-07-15
6296,ed849fa4,478,5,205,3,a426a28e,,,2026-07-15,2026-07-15
6297,4f44d5b1,436,7,202,2,fc9cf0b8,,,2026-07-15,2026-07-15
6298,2c3f8137,245,3,204,2,082d21de,,,2026-07-15,2026-07-15
6299,2ce0949a,88,6,203,2,9ac47356,,,2026-07-15,2026-07-15
6300,eea46d60,398,2,202,1,cb8ec133,,,2026-07-15,2026-07-15
6301,bce9fc55,561,6,203,2,718406a2,,,2026-07-15,2026-07-15
6302,140f1472,237,1,205,5,6b71e7b7,,,2026-07-15,2026-07-15
6303,b498abb3,53,5,205,3,f0924da4,,,2026-07-15,2026-07-15
6304,c3b586fa,395,6,204,4,60ce4ade,,,2026-07-15,2026-07-15
6305,636f9aa0,150,3,202,2,2c760828,,,2026-07-15,2026-07-15
6306,25628924,381,7,203,3,e0d2a5f3,,,2026-07-15,2026-07-15
6307,68f9c942,25,7,205,1,6ef9ace3,,,2026-07-15,2026-07-15
6308,513ba61c,525,5,202,2,d9c08140,,,2026-07-15,2026-07-15
6309,a5c577bb,34,6,201,4,5e3a2195,,,2026-07-15,2026-07-15
6310,a29ae1d5,699,5,205,2,628a4d89,,,2026-07-15,2026-07-15
6311,21d62e7f,176,1,203,2,52368d16,,,2026-07-15,2026-07-15
6312,3ca27f6a,431,1,202,5,f0758699,,,2026-07-15,2026-07-15
6313,44560ef4,126,3,202,5,e03caed0,,,2026-07-15,2026-07-15
6314,4b538d0a,421,7,204,1,56205f69,,,2026-07-15,2026-07-15
6315,166e2128,103,2,202,5,41087c74,,,2026-07-15,2026-07-15
6316,9f72a638,218,4,202,3,f6e5fc4d,,,2026-07-15,2026-07-15
6317,f09f528e,40,6,203,5,f248f0c6,,,2026-07-15,2026-07-15
6318,a2175c2f,335,6,205,1,0cfefde4,,,2026-07-15,2026-07-15
6319,c607b9db,607,3,205,4,ca496ce9,,,2026-07-15,2026-07-15
6320,319c21e9,349,7,202,1,7643c1ee,,,2026-07-15,2026-07-15
6321,23f81b29,699,1,204,4,84b47f93,,,2026-07-15,2026-07-15
6322,fb81cec8,569,3,202,2,1f937553,,,2026-07-15,2026-07-15
6323,25448b8a,162,6,204,4,a040e169,,,2026-07-15,2026-07-15
6324,c0328998,240,7,204,4,f7817da3,,,2026-07-15,2026-07-15
6325,02df0ed3,606,2,204,4,69b06aa6,,,2026-07-15,2026-07-15
6326,9688d6d1,369,1,201,2,c4993de9,,,2026-07-15,2026-07-15
6327,905f0037,245,1,204,1,a1ba575a,,,2026-07-15,2026-07-15
6328,4750ed15,73,1,201,5,1a601f48,,,2026-07-15,2026-07-15
6329,8b33f216,110,5,201,1,aece207c,,,2026-07-15,2026-07-15
6330,478e031f,573,3,202,1,38daf3c5,,,2026-07-15,2026-07-15
6331,8a2f1431,52,2,205,5,9efecf41,,,2026-07-15,2026-07-15
6332,0db9f7d2,246,7,202,3,2df31d11,,,2026-07-15,2026-07-15
6333,72eb4d6b,617,3,203,3,112f9cab,,,2026-07-15,2026-07-15
6334,496d9f72,85,6,205,5,e0e8c2a1,,,2026-07-15,2026-07-15
6335,23c0cc00,343,6,204,2,4739f6d9,,,2026-07-15,2026-07-15
6336,687b3d7d,443,4,201,4,0d4d4804,,,2026-07-15,2026-07-15
6337,4b772e0c,79,4,204,5,dfe6e1ff,,,2026-07-15,2026-07-15
6338,06b46e7b,725,4,203,5,ec5b641f,,,2026-07-15,2026-07-15
6339,923ed4df,607,4,204,5,ce1b52ae,,,2026-07-15,2026-07-15
6340,2c01efed,119,2,202,4,35f98e98,,,2026-07-15,2026-07-15
6341,0c0ba39d,612,4,203,2,e9238f3f,,,2026-07-15,2026-07-15
6342,237cfa7c,582,4,205,5,9349d295,,,2026-07-15,2026-07-15
6343,b500b8a6,475,7,205,1,5a5bf759,,,2026-07-15,2026-07-15
6344,ad1926e3,575,7,201,3,e224a8c6,,,2026-07-15,2026-07-15
6345,07b5ec09,507,6,205,3,19a61dd4,,,2026-07-15,2026-07-15
6346,58955ac2,373,4,202,4,1a601f48,,,2026-07-15,2026-07-15
6347,d2502e7e,14,4,202,4,01974f0f,,,2026-07-15,2026-07-15
6348,55912691,655,1,201,4,ca496ce9,,,2026-07-15,2026-07-15
6349,8a306637,384,5,204,1,45c95088,,,2026-07-15,2026-07-15
6350,a37938c1,301,4,201,5,b716556b,,,2026-07-15,2026-07-15
6351,67f867cc,629,1,201,2,de084e17,,,2026-07-15,2026-07-15
6352,e980d009,517,7,201,1,0d484e5f,,,2026-07-15,2026-07-15
6353,def9b92c,480,4,201,4,bd47b713,,,2026-07-15,2026-07-15
6354,7a6710f1,106,1,205,1,4943c5d9,,,2026-07-15,2026-07-15
6355,b40f50ba,45,7,203,2,4363b8d6,,,2026-07-15,2026-07-15
6356,6c09903e,215,1,203,2,f6e5fc4d,,,2026-07-15,2026-07-15
6357,7c6a4e85,390,7,204,4,d9c08140,,,2026-07-15,2026-07-15
6358,449fb7f5,368,6,204,4,eb3c1fb7,,,2026-07-15,2026-07-15
6359,35fd0241,263,7,201,4,a30580a1,,,2026-07-15,2026-07-15
6360,5ff0de37,624,7,202,2,3a1572cc,,,2026-07-15,2026-07-15
6361,3d5da568,230,2,201,3,6ee48559,,,2026-07-15,2026-07-15
6362,0e224765,351,7,204,1,0fbfd231,,,2026-07-15,2026-07-15
6363,a5f4ee2a,31,2,201,5,208d275a,,,2026-07-15,2026-07-15
6364,24c54898,501,6,202,2,e52f5ed8,,,2026-07-15,2026-07-15
6365,dc7108e3,516,3,204,4,c3a6c571,,,2026-07-15,2026-07-15
6366,7b4ea1ec,649,5,204,2,c4cdb41c,,,2026-07-15,2026-07-15
6367,c6a5dd6d,196,3,202,5,25faaa82,,,2026-07-15,2026-07-15
6368,453220c5,491,2,205,1,487a1dd7,,,2026-07-15,2026-07-15
6369,af107025,359,1,203,2,0968f5a7,,,2026-07-15,2026-07-15
6370,88d4c538,474,4,204,2,719fa89e,,,2026-07-15,2026-07-15
6371,29cea4ce,614,3,203,1,550393a0,,,2026-07-15,2026-07-15
6372,6c1ac900,187,2,202,3,14a4c03c,,,2026-07-15,2026-07-15
6373,8f89e8af,239,5,202,1,860df6aa,,,2026-07-15,2026-07-15
6374,fa271591,532,1,201,3,e1e17a72,,,2026-07-15,2026-07-15
6375,0466693d,500,7,204,2,0a18e760,,,2026-07-15,2026-07-15
6376,899aee1a,472,4,201,1,c4e558ad,,,2026-07-15,2026-07-15
6377,90a317d6,268,2,201,4,7e22a2b5,,,2026-07-15,2026-07-15
6378,7b9b7d9c,491,7,205,5,3929633d,,,2026-07-15,2026-07-15
6379,8bc63c8a,597,6,202,5,86613e2d,,,2026-07-15,2026-07-15
6380,2b7e61d7,44,2,201,5,dfcfee6c,,,2026-07-15,2026-07-15
6381,955a5bc2,482,3,201,5,dd410d5f,,,2026-07-15,2026-07-15
6382,7f9a223b,469,2,205,1,5e91ed7b,,,2026-07-15,2026-07-15
6383,02e79c19,256,2,203,3,fe86a413,,,2026-07-15,2026-07-15
6384,e18c7bfd,282,7,204,3,fb5ef791,,,2026-07-15,2026-07-15
6385,53b069a7,355,5,203,2,827ac471,,,2026-07-15,2026-07-15
6386,cc554a1a,302,7,202,5,4d5e252e,,,2026-07-15,2026-07-15
6387,8788fb93,456,7,201,3,1dc2bf91,,,2026-07-15,2026-07-15
6388,a4ba832c,521,1,201,2,3832abbc,,,2026-07-15,2026-07-15
6389,90093dbc,30,4,203,1,df28e3f0,,,2026-07-15,2026-07-15
6390,7817480d,495,3,203,3,d88f6a7f,,,2026-07-15,2026-07-15
6391,69588817,583,1,203,2,25b7eced,,,2026-07-15,2026-07-15
6392,8c50376c,101,3,202,3,53648c48,,,2026-07-15,2026-07-15
6393,a48a3320,309,6,205,3,28741ecd,,,2026-07-15,2026-07-15
6394,1b117db5,680,4,205,3,7f1bca00,,,2026-07-15,2026-07-15
6395,2e9c9c5c,596,6,202,3,ac535caa,,,2026-07-15,2026-07-15
6396,1b241d2a,621,2,203,2,ff142568,,,2026-07-15,2026-07-15
6397,d9abf21b,196,5,204,1,970e594b,,,2026-07-15,2026-07-15
6398,460500f3,156,4,204,5,b5297bc8,,,2026-07-15,2026-07-15
6399,a5b3f22e,538,6,201,3,fdb588e8,,,2026-07-15,2026-07-15
6400,749f1847,97,1,203,2,dd3198d1,,,2026-07-15,2026-07-15
6401,5e3a1ec2,36,2,201,4,ca496ce9,,,2026-07-15,2026-07-15
6402,7cb49b2b,359,3,203,5,1df1fe50,,,2026-07-15,2026-07-15
6403,efade977,31,6,204,2,7e22a2b5,,,2026-07-15,2026-07-15
6404,e9d6a5b1,134,2,203,1,719fa89e,,,2026-07-15,2026-07-15
6405,32ccc669,24,5,201,1,367ca016,,,2026-07-15,2026-07-15
6406,ed0134b4,297,6,201,2,20f9eb9c,,,2026-07-15,2026-07-15
6407,e755b735,451,4,204,3,0968f5a7,,,2026-07-15,2026-07-15
6408,4a01737a,495,2,205,3,2c42c662,,,2026-07-15,2026-07-15
6409,4b01bbd5,9,7,202,1,a8a7db6d,,,2026-07-15,2026-07-15
6410,1fa1b01c,514,4,203,4,50987e86,,,2026-07-15,2026-07-15
6411,3e148d6a,216,1,203,3,628a4d89,,,2026-07-15,2026-07-15
6412,708ef609,458,3,205,1,6b6d0941,,,2026-07-15,2026-07-15
6413,a5e0e6de,689,7,203,4,e0e8c2a1,,,2026-07-15,2026-07-15
6414,34f7d358,64,4,202,1,e9238f3f,,,2026-07-15,2026-07-15
6415,6a07d450,629,5,203,2,95f70b4e,,,2026-07-15,2026-07-15
6416,0412eef2,389,5,201,4,4aeffd09,,,2026-07-15,2026-07-15
6417,2abba11b,359,4,202,3,3a1572cc,,,2026-07-15,2026-07-15
6418,343a077d,115,4,203,1,4db20d32,,,2026-07-15,2026-07-15
6419,38091075,159,6,201,5,ae0deda5,,,2026-07-15,2026-07-15
6420,f695c976,475,6,204,3,d92199d8,,,2026-07-15,2026-07-15
6421,3b1a3f13,699,2,204,1,f18b66c1,,,2026-07-15,2026-07-15
6422,e44086d5,315,4,205,4,01974f0f,,,2026-07-15,2026-07-15
6423,bf332773,376,5,201,5,dfe6e1ff,,,2026-07-15,2026-07-15
6424,7118e8e7,240,6,202,3,7ad06864,,,2026-07-15,2026-07-15
6425,6cd5939b,403,6,205,1,b5297bc8,,,2026-07-15,2026-07-15
6426,20d482d6,670,1,202,4,247dccf1,,,2026-07-15,2026-07-15
6427,0a72498f,559,5,201,5,69b06aa6,,,2026-07-15,2026-07-15
6428,8d887881,646,2,204,1,52368d16,,,2026-07-15,2026-07-15
6429,fe296cb7,672,1,203,3,25faaa82,,,2026-07-15,2026-07-15
6430,cf5f24d0,704,3,202,3,1aaa9d3a,,,2026-07-15,2026-07-15
6431,914b6393,140,4,202,2,9e7dae2e,,,2026-07-15,2026-07-15
6432,7752c3b5,598,4,203,3,99fed753,,,2026-07-15,2026-07-15
6433,a0ce7ed9,500,2,201,1,a93aa731,,,2026-07-15,2026-07-15
6434,c2f7f1b4,271,6,201,3,2c42c662,,,2026-07-15,2026-07-15
6435,b2b15bc6,35,7,203,5,970e594b,,,2026-07-15,2026-07-15
6436,d292cb43,348,7,205,4,60c38ae4,,,2026-07-15,2026-07-15
6437,ce053788,688,4,201,3,1e4cea7e,,,2026-07-15,2026-07-15
6438,afab88ee,326,7,201,5,4bc76ae2,,,2026-07-15,2026-07-15
6439,898cbfc0,366,5,201,4,27c530c5,,,2026-07-15,2026-07-15
6440,1512c56c,567,4,202,4,6958bb49,,,2026-07-15,2026-07-15
6441,094afe4f,151,7,203,1,112f9cab,,,2026-07-15,2026-07-15
6442,d7f7b071,544,4,204,1,8ad52b25,,,2026-07-15,2026-07-15
6443,d97e7906,358,3,202,5,ae18638f,,,2026-07-15,2026-07-15
6444,9603f82d,573,5,202,4,62bfa0d9,,,2026-07-15,2026-07-15
6445,6370e41c,590,1,204,3,18d773af,,,2026-07-15,2026-07-15
6446,b6ea2d57,661,7,203,5,f18b66c1,,,2026-07-15,2026-07-15
6447,5ef668b7,172,3,202,4,641c61ac,,,2026-07-15,2026-07-15
6448,58e7df10,240,2,205,4,3f26afe9,,,2026-07-15,2026-07-15
6449,0f577e40,422,3,202,5,3c63e5d3,,,2026-07-15,2026-07-15
6450,afc9f401,1,3,203,2,ed90a296,,,2026-07-15,2026-07-15
6451,d57ddcf7,630,2,202,4,ed4939ed,,,2026-07-15,2026-07-15
6452,e3d47bb2,205,1,205,2,62bfa0d9,,,2026-07-15,2026-07-15
6453,4c95c632,162,3,204,4,dfe6e1ff,,,2026-07-15,2026-07-15
6454,fee9b89a,644,7,202,1,a71b0343,,,2026-07-15,2026-07-15
6455,b7d08449,420,5,205,5,a93aa731,,,2026-07-15,2026-07-15
6456,1c295314,115,5,204,3,18d773af,,,2026-07-15,2026-07-15
6457,f9de806b,618,4,201,4,b4065ef4,,,2026-07-15,2026-07-15
6458,a2a0be33,416,5,201,3,35acd685,,,2026-07-15,2026-07-15
6459,d1325da9,581,1,202,4,c7ead2cc,,,2026-07-15,2026-07-15
6460,6c0b80cf,235,3,205,5,4049e911,,,2026-07-15,2026-07-15
6461,367bda08,25,3,202,3,72b21457,,,2026-07-15,2026-07-15
6462,fe2e9562,264,2,203,2,6b6d0941,,,2026-07-15,2026-07-15
6463,5c6cae31,349,2,201,4,4392286c,,,2026-07-15,2026-07-15
6464,873dd759,213,3,202,5,2d45f6bd,,,2026-07-15,2026-07-15
6465,d911b7d4,82,5,203,5,9dd48364,,,2026-07-15,2026-07-15
6466,1327d130,639,3,202,5,8a51bc70,,,2026-07-15,2026-07-15
6467,a31b2249,300,7,201,5,4db20d32,,,2026-07-15,2026-07-15
6468,6f160ed2,48,6,202,4,ed4939ed,,,2026-07-15,2026-07-15
6469,bcc3f627,88,7,205,5,f6ab1ed5,,,2026-07-15,2026-07-15
6470,4878a155,29,6,202,2,3a0f258a,,,2026-07-15,2026-07-15
6471,bd5e07db,119,6,202,4,8d3cc46f,,,2026-07-15,2026-07-15
6472,c4b82f8c,56,6,201,3,0b6ae467,,,2026-07-15,2026-07-15
6473,be862b30,305,7,202,1,3a1756fa,,,2026-07-15,2026-07-15
6474,76d106dd,64,7,205,3,b755ebae,,,2026-07-15,2026-07-15
6475,92f136d2,392,7,203,5,4739f6d9,,,2026-07-15,2026-07-15
6476,f9b61679,31,4,203,4,550393a0,,,2026-07-15,2026-07-15
6477,5b39ba44,553,2,203,3,3d657bb9,,,2026-07-15,2026-07-15
6478,2e7cb39b,163,4,204,1,01974f0f,,,2026-07-15,2026-07-15
6479,6b3734ac,632,1,201,5,7e22a2b5,,,2026-07-15,2026-07-15
6480,e01535a0,610,7,205,2,6958bb49,,,2026-07-15,2026-07-15
6481,ad7e4228,71,2,205,1,1b14dcc9,,,2026-07-15,2026-07-15
6482,3c9956f3,391,2,201,4,ae76cc5c,,,2026-07-15,2026-07-15
6483,dba9cf08,374,6,202,4,cb8ec133,,,2026-07-15,2026-07-15
6484,d65e5e24,411,4,205,4,f22bf066,,,2026-07-15,2026-07-15
6485,cb7d8a3d,211,3,203,2,c49ff99c,,,2026-07-15,2026-07-15
6486,df631a18,353,3,203,4,718406a2,,,2026-07-15,2026-07-15
6487,185c19b5,725,4,202,3,87830e43,,,2026-07-15,2026-07-15
6488,ecc108ff,460,1,203,4,6568690c,,,2026-07-15,2026-07-15
6489,12e9c250,358,7,201,1,7643c1ee,,,2026-07-15,2026-07-15
6490,5014102f,412,7,205,3,6b71e7b7,,,2026-07-15,2026-07-15
6491,d0e593f8,644,3,201,1,1e4cea7e,,,2026-07-15,2026-07-15
6492,a30ee71a,605,5,202,2,e1e17a72,,,2026-07-15,2026-07-15
6493,773e9ecb,671,5,202,3,4907af8c,,,2026-07-15,2026-07-15
6494,bbc87425,53,4,204,1,8b414a94,,,2026-07-15,2026-07-15
6495,bed0c3d5,404,1,202,1,289b72c4,,,2026-07-15,2026-07-15
6496,00554a0e,480,3,202,3,2a9b3aaa,,,2026-07-15,2026-07-15
6497,5785407e,67,7,204,2,2a9b3aaa,,,2026-07-15,2026-07-15
6498,4dd685b1,425,3,204,4,c88f1b8d,,,2026-07-15,2026-07-15
6499,d8cd774c,437,7,203,1,35acd685,,,2026-07-15,2026-07-15
6500,6236ee7b,671,5,203,4,482ffe65,,,2026-07-15,2026-07-15
6501,75117817,501,2,204,5,2a9b3aaa,,,2026-07-15,2026-07-15
6502,f1e4b1da,62,6,201,5,c7ead2cc,,,2026-07-15,2026-07-15
6503,d51376c1,572,5,205,1,b4065ef4,,,2026-07-15,2026-07-15
6504,f4ea1423,362,7,203,3,b4065ef4,,,2026-07-15,2026-07-15
6505,43e9e632,695,1,205,1,13a46227,,,2026-07-15,2026-07-15
6506,3e879adf,82,2,202,4,69b06aa6,,,2026-07-15,2026-07-15
6507,987576d5,223,2,201,2,0fcaa55a,,,2026-07-15,2026-07-15
6508,2777fbf6,275,3,204,3,3d6a9dc8,,,2026-07-15,2026-07-15
6509,3cd8360d,646,2,205,3,021c675d,,,2026-07-15,2026-07-15
6510,02ebcbfa,506,2,204,4,ca496ce9,,,2026-07-15,2026-07-15
6511,d68bac32,724,7,205,5,7e22a2b5,,,2026-07-15,2026-07-15
6512,907b76a9,555,2,205,2,5905a3e7,,,2026-07-15,2026-07-15
6513,1905cb16,614,7,203,2,b730e9e6,,,2026-07-15,2026-07-15
6514,e0484649,2,3,203,3,c1b30594,,,2026-07-15,2026-07-15
6515,ba3b1241,598,3,204,2,b730e9e6,,,2026-07-15,2026-07-15
6516,cab7feff,13,3,201,2,dfe6e1ff,,,2026-07-15,2026-07-15
6517,009bc168,73,7,205,4,434c2454,,,2026-07-15,2026-07-15
6518,b32cbb9c,536,3,204,3,163d0b32,,,2026-07-15,2026-07-15
6519,4c2f70d8,498,3,205,4,9ac47356,,,2026-07-15,2026-07-15
6520,1d633e1a,647,1,202,4,8125c6f0,,,2026-07-15,2026-07-15
6521,32041025,676,3,202,4,7bc42b05,,,2026-07-15,2026-07-15
6522,a3a3da90,123,4,205,5,63baf574,,,2026-07-15,2026-07-15
6523,c38d27bc,207,5,205,3,56205f69,,,2026-07-15,2026-07-15
6524,8c7bedfa,502,5,202,5,c6934f84,,,2026-07-15,2026-07-15
6525,1a1279f8,234,5,203,1,95f70b4e,,,2026-07-15,2026-07-15
6526,3477b1fd,410,1,205,5,750687ab,,,2026-07-15,2026-07-15
6527,f311e929,120,4,203,1,346c1416,,,2026-07-15,2026-07-15
6528,bca691ad,412,5,202,2,e1e17a72,,,2026-07-15,2026-07-15
6529,df4535d9,614,7,205,1,63baf574,,,2026-07-15,2026-07-15
6530,937ff297,271,3,203,5,c49ff99c,,,2026-07-15,2026-07-15
6531,7a62baa7,167,5,205,2,c578c38f,,,2026-07-15,2026-07-15
6532,2fa0ce0c,359,1,204,1,18d773af,,,2026-07-15,2026-07-15
6533,a2227609,661,2,202,3,425b1d3d,,,2026-07-15,2026-07-15
6534,80769bf9,540,3,203,4,346c1416,,,2026-07-15,2026-07-15
6535,7d81c8da,680,5,203,3,944084a9,,,2026-07-15,2026-07-15
6536,c16b9d34,540,6,202,5,1b14dcc9,,,2026-07-15,2026-07-15
6537,bbce67af,597,2,205,4,860df6aa,,,2026-07-15,2026-07-15
6538,06c32212,447,1,202,2,ec5b641f,,,2026-07-15,2026-07-15
6539,d2481d46,307,3,202,2,860df6aa,,,2026-07-15,2026-07-15
6540,47d3455f,221,1,202,5,de084e17,,,2026-07-15,2026-07-15
6541,b6b04fdf,334,1,204,3,c7ead2cc,,,2026-07-15,2026-07-15
6542,995a1595,665,7,204,2,b5297bc8,,,2026-07-15,2026-07-15
6543,c9453966,126,6,204,4,68f3c4e5,,,2026-07-15,2026-07-15
6544,32782a8f,81,5,205,1,bed1ac6c,,,2026-07-15,2026-07-15
6545,4105c2da,452,5,203,2,57be6156,,,2026-07-15,2026-07-15
6546,1df987d3,566,5,201,2,dd3198d1,,,2026-07-15,2026-07-15
6547,d31009ea,410,5,205,1,a71b0343,,,2026-07-15,2026-07-15
6548,05d0a961,163,6,204,4,febfde98,,,2026-07-15,2026-07-15
6549,6b4d1afe,278,5,202,2,f12d0983,,,2026-07-15,2026-07-15
6550,d0994e07,315,3,202,3,45c95088,,,2026-07-15,2026-07-15
6551,438e1964,589,6,204,2,c49ff99c,,,2026-07-15,2026-07-15
6552,fa07bcae,309,6,203,2,a638b4b0,,,2026-07-15,2026-07-15
6553,63ff64ab,158,1,203,2,b7effad0,,,2026-07-15,2026-07-15
6554,d7de00d7,506,4,203,2,3c63e5d3,,,2026-07-15,2026-07-15
6555,b1534d30,655,6,202,2,56205f69,,,2026-07-15,2026-07-15
6556,a3794048,632,7,205,5,3cc541a7,,,2026-07-15,2026-07-15
6557,a35f142e,390,3,204,2,c4e558ad,,,2026-07-15,2026-07-15
6558,d8e7fdce,66,5,205,4,6a0cd270,,,2026-07-15,2026-07-15
6559,4b80ef29,394,5,205,4,6ee48559,,,2026-07-15,2026-07-15
6560,0feb0a5a,163,4,203,4,ae18638f,,,2026-07-15,2026-07-15
6561,8e630501,315,1,205,4,df28e3f0,,,2026-07-15,2026-07-15
6562,8522693c,345,3,202,5,41c72cdb,,,2026-07-15,2026-07-15
6563,b1e10752,160,7,201,5,03f0acfa,,,2026-07-15,2026-07-15
6564,3eca9de7,101,3,205,3,4739f6d9,,,2026-07-15,2026-07-15
6565,030edc52,718,3,202,3,95f70b4e,,,2026-07-15,2026-07-15
6566,865ddf95,635,3,201,2,45c95088,,,2026-07-15,2026-07-15
6567,76105f9b,451,5,205,2,41087c74,,,2026-07-15,2026-07-15
6568,825f04d9,491,7,201,3,0b6ae467,,,2026-07-15,2026-07-15
6569,b0bbcbda,38,1,205,2,f6e5fc4d,,,2026-07-15,2026-07-15
6570,2d8a042b,63,3,201,1,4907af8c,,,2026-07-15,2026-07-15
6571,c83d396a,504,2,205,3,52b3375c,,,2026-07-15,2026-07-15
6572,9bebb936,24,2,203,3,852032b7,,,2026-07-15,2026-07-15
6573,c940d43d,19,5,202,1,fb5ef791,,,2026-07-15,2026-07-15
6574,393930b5,332,6,201,4,19a61dd4,,,2026-07-15,2026-07-15
6575,1e0a9027,401,1,204,3,c84a0390,,,2026-07-15,2026-07-15
6576,17a6b79a,351,5,201,2,5dff7cb7,,,2026-07-15,2026-07-15
6577,1bfef433,125,1,203,1,4943c5d9,,,2026-07-15,2026-07-15
6578,dc32a796,381,3,204,5,7e22a2b5,,,2026-07-15,2026-07-15
6579,cdfeacca,718,3,202,3,20f9eb9c,,,2026-07-15,2026-07-15
6580,6467c78c,165,5,203,2,7643c1ee,,,2026-07-15,2026-07-15
6581,43455a25,194,5,201,5,d8edbef1,,,2026-07-15,2026-07-15
6582,5c85085f,523,5,202,3,25b7eced,,,2026-07-15,2026-07-15
6583,041bc3c3,707,5,203,3,dfe6e1ff,,,2026-07-15,2026-07-15
6584,a2cb8e2b,561,4,204,4,ae76cc5c,,,2026-07-15,2026-07-15
6585,ad007f2f,494,1,201,3,970e594b,,,2026-07-15,2026-07-15
6586,901d298f,241,5,205,4,50641c23,,,2026-07-15,2026-07-15
6587,f092f6b8,663,4,203,2,ae18638f,,,2026-07-15,2026-07-15
6588,a41e106c,294,5,203,1,03f0acfa,,,2026-07-15,2026-07-15
6589,cb379af2,182,1,203,5,442d941c,,,2026-07-15,2026-07-15
6590,bea97645,441,6,205,1,49fdea5f,,,2026-07-15,2026-07-15
6591,98e1f006,462,3,202,1,60c38ae4,,,2026-07-15,2026-07-15
6592,a66faaa9,508,6,202,4,3184736b,,,2026-07-15,2026-07-15
6593,67cfbf7b,388,4,205,3,35acd685,,,2026-07-15,2026-07-15
6594,7aff3fcc,666,5,204,1,4e431688,,,2026-07-15,2026-07-15
6595,881cf628,565,4,203,2,f033669c,,,2026-07-15,2026-07-15
6596,85950734,281,3,202,3,b244f9d6,,,2026-07-15,2026-07-15
6597,73b8fe7e,160,3,201,4,43b89e78,,,2026-07-15,2026-07-15
6598,05b1b050,291,6,205,4,efc887b8,,,2026-07-15,2026-07-15
6599,d27610ec,573,4,205,1,208d275a,,,2026-07-15,2026-07-15
6600,c91d3eed,297,2,201,5,860df6aa,,,2026-07-15,2026-07-15
6601,95df50ce,361,5,202,3,e9238f3f,,,2026-07-15,2026-07-15
6602,6100c5ed,204,7,202,5,32029984,,,2026-07-15,2026-07-15
6603,9c7f91df,563,4,202,3,8125c6f0,,,2026-07-15,2026-07-15
6604,852fe8e7,142,7,203,2,f971e386,,,2026-07-15,2026-07-15
6605,a54302b8,581,7,202,3,0a18e760,,,2026-07-15,2026-07-15
6606,9017f00a,78,6,205,2,3a1572cc,,,2026-07-15,2026-07-15
6607,c4d21a52,536,1,202,3,f169683e,,,2026-07-15,2026-07-15
6608,9b1758b7,270,2,205,5,3f26afe9,,,2026-07-15,2026-07-15
6609,c1d5a23d,460,6,204,4,aece207c,,,2026-07-15,2026-07-15
6610,2cf668f9,121,6,202,4,e03caed0,,,2026-07-15,2026-07-15
6611,a2508667,618,5,204,3,3110a49a,,,2026-07-15,2026-07-15
6612,fac99820,593,1,201,5,ff142568,,,2026-07-15,2026-07-15
6613,3f588a75,428,7,204,1,7fddfb89,,,2026-07-15,2026-07-15
6614,1ffd77f2,170,6,204,1,9dd48364,,,2026-07-15,2026-07-15
6615,d89c8fe4,185,4,203,1,1e4cea7e,,,2026-07-15,2026-07-15
6616,4468b9b6,281,4,203,2,822c1444,,,2026-07-15,2026-07-15
6617,ab5fdadd,77,5,203,4,a30580a1,,,2026-07-15,2026-07-15
6618,c8240397,596,4,201,3,febfde98,,,2026-07-15,2026-07-15
6619,dcdcc2ce,294,3,205,4,2df8b6f4,,,2026-07-15,2026-07-15
6620,98fe0b79,473,6,202,5,4aeffd09,,,2026-07-15,2026-07-15
6621,55602630,279,3,201,5,a040e169,,,2026-07-15,2026-07-15
6622,4366ae75,223,6,201,3,60ce4ade,,,2026-07-15,2026-07-15
6623,0e7647b2,102,4,205,4,3cc541a7,,,2026-07-15,2026-07-15
6624,dc31d77b,432,1,203,2,5905a3e7,,,2026-07-15,2026-07-15
6625,51801689,50,1,204,1,1b14dcc9,,,2026-07-15,2026-07-15
6626,47efae77,599,7,204,3,b755ebae,,,2026-07-15,2026-07-15
6627,221d47c4,508,7,204,2,35acd685,,,2026-07-15,2026-07-15
6628,55f304e7,289,7,205,3,7e1de19d,,,2026-07-15,2026-07-15
6629,d251bb53,4,6,203,4,ef75b4bf,,,2026-07-15,2026-07-15
6630,a9be282d,564,4,202,3,df28e3f0,,,2026-07-15,2026-07-15
6631,1dd1da94,542,6,205,2,b51ae2f1,,,2026-07-15,2026-07-15
6632,9ff3c183,471,3,201,3,a30580a1,,,2026-07-15,2026-07-15
6633,2b8c78c5,197,6,205,5,0fcaa55a,,,2026-07-15,2026-07-15
6634,e0576804,536,7,201,5,72bc630e,,,2026-07-15,2026-07-15
6635,98868195,382,6,204,3,69b06aa6,,,2026-07-15,2026-07-15
6636,08cb85bc,347,6,202,3,9349d295,,,2026-07-15,2026-07-15
6637,4bc15729,358,3,202,1,fb5ef791,,,2026-07-15,2026-07-15
6638,e61ffb38,659,4,201,3,f27bb490,,,2026-07-15,2026-07-15
6639,2fd24e6b,330,4,202,5,1df1fe50,,,2026-07-15,2026-07-15
6640,5d67c3e6,3,2,201,4,163d0b32,,,2026-07-15,2026-07-15
6641,24d2623f,13,1,204,3,531113e4,,,2026-07-15,2026-07-15
6642,ea259b9f,518,6,202,1,2c760828,,,2026-07-15,2026-07-15
6643,0032bc71,78,7,204,2,e89b35ce,,,2026-07-15,2026-07-15
6644,7848c100,664,7,205,3,d8a2bbd7,,,2026-07-15,2026-07-15
6645,d5f2600d,99,1,204,4,247dccf1,,,2026-07-15,2026-07-15
6646,1285a22d,521,6,205,4,465c1c13,,,2026-07-15,2026-07-15
6647,0d0f267c,680,7,202,3,bd4a772f,,,2026-07-15,2026-07-15
6648,5bab2699,437,6,202,2,43cbe6fa,,,2026-07-15,2026-07-15
6649,08f509fd,41,1,203,4,3e66160b,,,2026-07-15,2026-07-15
6650,56bf5fc0,313,6,204,3,2c42c662,,,2026-07-15,2026-07-15
6651,a2dcf4dd,220,7,201,5,ca496ce9,,,2026-07-15,2026-07-15
6652,6e89f161,264,2,205,4,41087c74,,,2026-07-15,2026-07-15
6653,72a51138,626,2,204,5,19a61dd4,,,2026-07-15,2026-07-15
6654,394bfc59,685,7,203,1,1dc2bf91,,,2026-07-15,2026-07-15
6655,e657ef2b,103,5,204,3,852032b7,,,2026-07-15,2026-07-15
6656,14ab4027,386,6,201,4,77449c06,,,2026-07-15,2026-07-15
6657,b4d68162,397,7,203,3,4ba49536,,,2026-07-15,2026-07-15
6658,b005e7d6,56,2,203,2,7704f92c,,,2026-07-15,2026-07-15
6659,ca2b54a6,239,6,204,1,7643c1ee,,,2026-07-15,2026-07-15
6660,879319a7,140,3,204,3,52b3375c,,,2026-07-15,2026-07-15
6661,953a1277,195,2,202,5,7fddfb89,,,2026-07-15,2026-07-15
6662,df43f845,356,6,205,2,0a18e760,,,2026-07-15,2026-07-15
6663,1548b206,27,3,202,3,289b72c4,,,2026-07-15,2026-07-15
6664,8a9237e4,644,4,201,3,e03caed0,,,2026-07-15,2026-07-15
6665,f8a6962e,119,5,203,4,77c6d634,,,2026-07-15,2026-07-15
6666,c49970a3,707,1,202,5,0b6ae467,,,2026-07-15,2026-07-15
6667,27fea2b1,220,5,205,5,20f9eb9c,,,2026-07-15,2026-07-15
6668,dfdd7b08,133,3,201,2,8d3cc46f,,,2026-07-15,2026-07-15
6669,3ac4eda6,446,5,205,3,4c309170,,,2026-07-15,2026-07-15
6670,e6067061,705,7,205,2,69b06aa6,,,2026-07-15,2026-07-15
6671,2265d24d,704,4,205,2,41c72cdb,,,2026-07-15,2026-07-15
6672,bd68089b,96,4,201,5,c88f1b8d,,,2026-07-15,2026-07-15
6673,2a4b333f,303,1,205,4,5a5bf759,,,2026-07-15,2026-07-15
6674,afc1f73f,625,3,201,1,1b14dcc9,,,2026-07-15,2026-07-15
6675,49b87e2c,188,3,204,4,3f09714a,,,2026-07-15,2026-07-15
6676,b6a76181,634,2,202,1,68f3c4e5,,,2026-07-15,2026-07-15
6677,9e6e60ac,350,5,202,5,68f3c4e5,,,2026-07-15,2026-07-15
6678,968bcc65,512,2,203,1,bde42cc1,,,2026-07-15,2026-07-15
6679,047728c6,633,6,203,5,7fddfb89,,,2026-07-15,2026-07-15
6680,b88a5c95,297,3,204,5,58954ba4,,,2026-07-15,2026-07-15
6681,cd0e64ac,577,4,203,1,b68bef7e,,,2026-07-15,2026-07-15
6682,c2497d40,290,7,203,3,25b7eced,,,2026-07-15,2026-07-15
6683,1d48ad1c,473,7,201,4,5e91ed7b,,,2026-07-15,2026-07-15
6684,6f35246a,520,6,203,3,fe86a413,,,2026-07-15,2026-07-15
6685,b11e3d8a,46,7,202,1,1e59121b,,,2026-07-15,2026-07-15
6686,895dbc13,352,1,204,5,e0e8c2a1,,,2026-07-15,2026-07-15
6687,e0b5bd5f,371,5,203,2,e1e17a72,,,2026-07-15,2026-07-15
6688,36fa0034,382,4,205,5,346c1416,,,2026-07-15,2026-07-15
6689,9e46206b,619,7,205,1,50641c23,,,2026-07-15,2026-07-15
6690,10d2d344,148,6,202,1,7bc42b05,,,2026-07-15,2026-07-15
6691,13f3858a,625,4,203,4,60c38ae4,,,2026-07-15,2026-07-15
6692,53571c21,204,2,201,3,3973c30a,,,2026-07-15,2026-07-15
6693,88214b90,43,3,204,4,13a46227,,,2026-07-15,2026-07-15
6694,ec7006b9,152,5,203,3,b730e9e6,,,2026-07-15,2026-07-15
6695,ea830894,400,4,205,5,719fa89e,,,2026-07-15,2026-07-15
6696,2c868e8c,687,5,205,2,4392286c,,,2026-07-15,2026-07-15
6697,fbaf4e18,635,1,205,4,442d941c,,,2026-07-15,2026-07-15
6698,306a375a,512,6,203,2,25faaa82,,,2026-07-15,2026-07-15
6699,e580e7db,654,3,201,3,7b748fb3,,,2026-07-15,2026-07-15
6700,81b1b143,316,2,204,1,531113e4,,,2026-07-15,2026-07-15
6701,de74ba43,25,5,202,1,0cfefde4,,,2026-07-15,2026-07-15
6702,df994111,145,1,203,4,6b6d0941,,,2026-07-15,2026-07-15
6703,81fcd74c,403,7,204,3,57221ec9,,,2026-07-15,2026-07-15
6704,09030d1e,368,5,202,3,6568690c,,,2026-07-15,2026-07-15
6705,818e48ef,356,1,201,4,ca496ce9,,,2026-07-15,2026-07-15
6706,0f527cee,719,4,203,1,89c3a817,,,2026-07-15,2026-07-15
6707,6f42b1e5,566,4,202,2,1242762d,,,2026-07-15,2026-07-15
6708,89a3b454,500,5,202,4,c475f6fc,,,2026-07-15,2026-07-15
6709,17ed8a56,6,5,201,2,7b868e56,,,2026-07-15,2026-07-15
6710,a30b6c24,5,6,201,4,8a51bc70,,,2026-07-15,2026-07-15
6711,90f10726,336,1,201,2,6ef9ace3,,,2026-07-15,2026-07-15
6712,23429536,464,4,205,5,52b3375c,,,2026-07-15,2026-07-15
6713,eb69a780,615,6,201,3,369a8438,,,2026-07-15,2026-07-15
6714,4f418bcb,304,1,205,2,a93aa731,,,2026-07-15,2026-07-15
6715,04083428,495,7,204,3,14a4c03c,,,2026-07-15,2026-07-15
6716,1dcab8cb,527,1,202,4,95ec6e5b,,,2026-07-15,2026-07-15
6717,33618e15,150,2,204,3,1df1fe50,,,2026-07-15,2026-07-15
6718,66724f59,654,6,201,3,827ac471,,,2026-07-15,2026-07-15
6719,910c1d87,162,1,203,5,1e6e7fcd,,,2026-07-15,2026-07-15
6720,f88f37fd,431,1,201,5,63369e6c,,,2026-07-15,2026-07-15
6721,3d6db291,624,5,205,5,2d45f6bd,,,2026-07-15,2026-07-15
6722,a9ad9a03,703,2,205,4,5a5bf759,,,2026-07-15,2026-07-15
6723,08e164d0,224,5,205,5,1e59121b,,,2026-07-15,2026-07-15
6724,f39e4d5b,155,3,201,1,3a0f258a,,,2026-07-15,2026-07-15
6725,6feda204,335,2,203,1,8a51bc70,,,2026-07-15,2026-07-15
6726,8bc94f9a,121,3,204,4,4739f6d9,,,2026-07-15,2026-07-15
6727,b632e4a4,441,1,205,2,ef5f41ce,,,2026-07-15,2026-07-15
6728,18b0cf1f,62,7,202,2,aaa7dca8,,,2026-07-15,2026-07-15
6729,d953a416,94,6,202,1,8125c6f0,,,2026-07-15,2026-07-15
6730,1ee4cee0,421,2,201,5,f0924da4,,,2026-07-15,2026-07-15
6731,d427bf7e,258,3,204,4,ce1b52ae,,,2026-07-15,2026-07-15
6732,15d516b0,191,3,201,5,d9c08140,,,2026-07-15,2026-07-15
6733,3f8c7c99,55,3,205,5,0fbb521a,,,2026-07-15,2026-07-15
6734,71869f93,323,2,202,2,970e594b,,,2026-07-15,2026-07-15
6735,3a3020c8,19,5,201,3,c05e9193,,,2026-07-15,2026-07-15
6736,5a91684f,198,1,201,4,febfde98,,,2026-07-15,2026-07-15
6737,d98014c9,172,7,201,5,fc9cf0b8,,,2026-07-15,2026-07-15
6738,d6670471,492,1,202,3,e0e8c2a1,,,2026-07-15,2026-07-15
6739,c1158570,188,1,201,3,750687ab,,,2026-07-15,2026-07-15
6740,69f9bfd5,523,1,205,4,b03540b1,,,2026-07-15,2026-07-15
6741,f9ec965d,550,1,202,2,ec5b641f,,,2026-07-15,2026-07-15
6742,849f5428,165,2,201,5,b115a948,,,2026-07-15,2026-07-15
6743,72233ff1,435,4,204,4,b5297bc8,,,2026-07-15,2026-07-15
6744,93120593,570,6,203,5,0b454108,,,2026-07-15,2026-07-15
6745,6921bd12,55,2,205,2,60ce4ade,,,2026-07-15,2026-07-15
6746,6eaba197,131,5,203,3,cee867e3,,,2026-07-15,2026-07-15
6747,d2d57827,221,6,203,4,e942aab7,,,2026-07-15,2026-07-15
6748,7beaa6ec,141,6,203,5,52368d16,,,2026-07-15,2026-07-15
6749,fc39c6f9,56,3,204,3,8111bc07,,,2026-07-15,2026-07-15
6750,d00e7fd5,300,1,205,2,92f2fd13,,,2026-07-15,2026-07-15
6751,22f2caac,476,3,203,5,41c72cdb,,,2026-07-15,2026-07-15
6752,24d24346,214,1,205,4,8d3cc46f,,,2026-07-15,2026-07-15
6753,9f439969,341,5,201,2,2f730975,,,2026-07-15,2026-07-15
6754,e2c48ca6,201,6,203,2,a638b4b0,,,2026-07-15,2026-07-15
6755,f508ea3d,361,4,202,4,2f730975,,,2026-07-15,2026-07-15
6756,9c0a9d08,640,7,203,2,1aaa9d3a,,,2026-07-15,2026-07-15
6757,cd7b0a57,232,7,203,4,1b14dcc9,,,2026-07-15,2026-07-15
6758,acc48b96,682,5,204,3,5e3a2195,,,2026-07-15,2026-07-15
6759,5b9aa4ad,311,6,201,5,f0924da4,,,2026-07-15,2026-07-15
6760,9c0e94e5,275,3,203,1,6b6d0941,,,2026-07-15,2026-07-15
6761,18a519d4,129,6,203,1,1e6e7fcd,,,2026-07-15,2026-07-15
6762,332a0675,89,5,205,1,4363b8d6,,,2026-07-15,2026-07-15
6763,89df6c63,417,7,201,4,112f9cab,,,2026-07-15,2026-07-15
6764,5feacdba,237,2,201,5,6f2a321a,,,2026-07-15,2026-07-15
6765,7f46bd81,722,6,202,1,e942aab7,,,2026-07-15,2026-07-15
6766,96fba258,696,7,201,5,531113e4,,,2026-07-15,2026-07-15
6767,751688fd,575,5,201,5,0cfefde4,,,2026-07-15,2026-07-15
6768,2a26544a,436,3,202,3,84b47f93,,,2026-07-15,2026-07-15
6769,0e2b1db1,535,4,205,2,0fcaa55a,,,2026-07-15,2026-07-15
6770,7c8ae2d0,709,1,203,5,dfe6e1ff,,,2026-07-15,2026-07-15
6771,e20d61da,194,1,204,5,2df31d11,,,2026-07-15,2026-07-15
6772,dda09d6c,157,5,202,3,e52f5ed8,,,2026-07-15,2026-07-15
6773,20a4c5e9,638,4,204,4,b68bef7e,,,2026-07-15,2026-07-15
6774,fc2aacca,378,2,203,1,6b3185b0,,,2026-07-15,2026-07-15
6775,23971eda,596,7,205,2,27c530c5,,,2026-07-15,2026-07-15
6776,5b7a9bf9,107,7,201,1,fdb588e8,,,2026-07-15,2026-07-15
6777,bdfa3f1e,696,1,204,2,6f28469e,,,2026-07-15,2026-07-15
6778,0415a5b1,414,6,201,1,3a1572cc,,,2026-07-15,2026-07-15
6779,bbd75135,400,5,201,4,19a61dd4,,,2026-07-15,2026-07-15
6780,a9f1e2ff,90,1,204,5,a8a7db6d,,,2026-07-15,2026-07-15
6781,e9fb8bb4,392,7,204,2,1d498af8,,,2026-07-15,2026-07-15
6782,34f2b5a3,360,7,201,5,641c61ac,,,2026-07-15,2026-07-15
6783,92af7433,84,3,201,1,c50cc14e,,,2026-07-15,2026-07-15
6784,eb642f8d,220,1,202,1,95ec6e5b,,,2026-07-15,2026-07-15
6785,10b2107d,703,2,205,5,56205f69,,,2026-07-15,2026-07-15
6786,6811c070,44,7,201,4,4c309170,,,2026-07-15,2026-07-15
6787,1bc692fc,158,4,205,3,0a18e760,,,2026-07-15,2026-07-15
6788,362bfcc7,568,3,205,2,367ca016,,,2026-07-15,2026-07-15
6789,f471fd46,36,2,205,4,95ec6e5b,,,2026-07-15,2026-07-15
6790,84494e92,339,3,201,2,205742d2,,,2026-07-15,2026-07-15
6791,775fe6cb,457,5,205,1,e6d45de3,,,2026-07-15,2026-07-15
6792,5b6b6569,538,1,201,1,b3125078,,,2026-07-15,2026-07-15
6793,05f0ac77,15,6,201,3,6a0cd270,,,2026-07-15,2026-07-15
6794,64d89232,97,2,205,5,84b47f93,,,2026-07-15,2026-07-15
6795,c2fe71dc,426,7,204,4,6c4f0c4c,,,2026-07-15,2026-07-15
6796,77388fac,222,3,202,3,895b017c,,,2026-07-15,2026-07-15
6797,68a0eb39,82,1,201,4,bed1ac6c,,,2026-07-15,2026-07-15
6798,5e5fb067,507,6,205,2,68f3c4e5,,,2026-07-15,2026-07-15
6799,d290e766,286,3,202,1,35f98e98,,,2026-07-15,2026-07-15
6800,7ce12ac8,562,6,205,5,943eab83,,,2026-07-15,2026-07-15
6801,b0243f6e,204,2,202,5,6a0cd270,,,2026-07-15,2026-07-15
6802,c38f6aba,60,2,201,4,d8a2bbd7,,,2026-07-15,2026-07-15
6803,ad01bc24,287,5,202,5,abeb982e,,,2026-07-15,2026-07-15
6804,5c8b4042,338,6,203,5,827ac471,,,2026-07-15,2026-07-15
6805,b6fddad9,466,6,205,4,c4993de9,,,2026-07-15,2026-07-15
6806,35bec918,325,1,205,3,aaa7dca8,,,2026-07-15,2026-07-15
6807,5ca93035,331,5,204,3,25b7eced,,,2026-07-15,2026-07-15
6808,fe6b804e,550,6,204,5,0a18e760,,,2026-07-15,2026-07-15
6809,78e467c2,195,4,205,2,e224a8c6,,,2026-07-15,2026-07-15
6810,be9c86a6,109,6,203,3,d2599bb6,,,2026-07-15,2026-07-15
6811,59726b96,317,4,202,2,c50cc14e,,,2026-07-15,2026-07-15
6812,c5ead662,653,7,203,1,ae76cc5c,,,2026-07-15,2026-07-15
6813,aac79f45,188,2,202,3,01974f0f,,,2026-07-15,2026-07-15
6814,21caa5db,398,7,202,2,a5d658b7,,,2026-07-15,2026-07-15
6815,6665d070,429,5,204,2,f248f0c6,,,2026-07-15,2026-07-15
6816,55d0ab95,482,1,205,5,6ef9ace3,,,2026-07-15,2026-07-15
6817,e47741f7,673,7,201,1,036ada7f,,,2026-07-15,2026-07-15
6818,d3ec3547,291,3,203,1,1f937553,,,2026-07-15,2026-07-15
6819,2a69d582,416,2,202,1,195b4c1c,,,2026-07-15,2026-07-15
6820,fc2613b0,262,3,203,1,01974f0f,,,2026-07-15,2026-07-15
6821,8960ff85,64,6,205,3,ba285e29,,,2026-07-15,2026-07-15
6822,5c100a68,294,1,203,4,cedf6f69,,,2026-07-15,2026-07-15
6823,3724d51a,28,7,201,4,a30580a1,,,2026-07-15,2026-07-15
6824,12968bef,322,7,204,2,dfe6e1ff,,,2026-07-15,2026-07-15
6825,f5597e30,657,3,203,1,df28e3f0,,,2026-07-15,2026-07-15
6826,4a92562a,225,3,205,5,fb87e33d,,,2026-07-15,2026-07-15
6827,8a8f0ee1,247,7,203,4,970e594b,,,2026-07-15,2026-07-15
6828,36ac1e8f,28,7,201,3,d9c08140,,,2026-07-15,2026-07-15
6829,b1f92de7,678,3,201,1,14a4c03c,,,2026-07-15,2026-07-15
6830,a728eca8,367,6,204,2,3cc541a7,,,2026-07-15,2026-07-15
6831,7b262cf9,677,7,205,2,852032b7,,,2026-07-15,2026-07-15
6832,693683db,69,3,205,5,8b319808,,,2026-07-15,2026-07-15
6833,5776c1f4,243,2,201,1,91c9bcd7,,,2026-07-15,2026-07-15
6834,7dc0db16,213,3,202,2,8993064a,,,2026-07-15,2026-07-15
6835,594b8ee6,554,1,202,5,b755ebae,,,2026-07-15,2026-07-15
6836,1e7eed44,29,6,201,2,1e6e7fcd,,,2026-07-15,2026-07-15
6837,bf3e556d,271,6,205,3,0b454108,,,2026-07-15,2026-07-15
6838,44200296,208,5,203,3,b03540b1,,,2026-07-15,2026-07-15
6839,ff774dbb,366,5,205,2,ae76cc5c,,,2026-07-15,2026-07-15
6840,54a02eb7,619,3,203,2,bd4a772f,,,2026-07-15,2026-07-15
6841,faf5361c,492,5,201,5,38daf3c5,,,2026-07-15,2026-07-15
6842,cecba8d9,219,3,202,3,66299238,,,2026-07-15,2026-07-15
6843,6b0501ec,188,6,202,4,944084a9,,,2026-07-15,2026-07-15
6844,d4d06547,555,1,202,5,0fbb521a,,,2026-07-15,2026-07-15
6845,1c8946e9,553,4,202,4,f22bf066,,,2026-07-15,2026-07-15
6846,580ee828,195,6,202,1,63baf574,,,2026-07-15,2026-07-15
6847,76158f87,326,4,203,3,b3125078,,,2026-07-15,2026-07-15
6848,d542dda6,357,3,202,5,4aeffd09,,,2026-07-15,2026-07-15
6849,0237ca8f,114,3,203,4,ff079788,,,2026-07-15,2026-07-15
6850,9cd080cf,550,6,205,1,f033669c,,,2026-07-15,2026-07-15
6851,5cd04553,406,6,202,2,e0e8c2a1,,,2026-07-15,2026-07-15
6852,b69118c6,65,6,205,1,68f3c4e5,,,2026-07-15,2026-07-15
6853,e28289f5,342,6,202,2,fe86a413,,,2026-07-15,2026-07-15
6854,3b303198,572,4,201,4,49fdea5f,,,2026-07-15,2026-07-15
6855,38359159,705,6,204,5,19a61dd4,,,2026-07-15,2026-07-15
6856,5a227ef1,237,6,201,2,e9238f3f,,,2026-07-15,2026-07-15
6857,d7bd3bac,438,5,204,4,fc9cf0b8,,,2026-07-15,2026-07-15
6858,231cce6b,261,7,202,3,57221ec9,,,2026-07-15,2026-07-15
6859,6c28eee4,272,1,205,3,e75bb09b,,,2026-07-15,2026-07-15
6860,ad2aaf6e,587,2,201,4,dd88df46,,,2026-07-15,2026-07-15
6861,0bba826b,334,2,204,3,b03540b1,,,2026-07-15,2026-07-15
6862,a101e639,139,3,203,1,b115a948,,,2026-07-15,2026-07-15
6863,724b4a8e,708,1,201,1,0d4d4804,,,2026-07-15,2026-07-15
6864,3765be40,596,2,205,3,d8edbef1,,,2026-07-15,2026-07-15
6865,8341a79a,695,1,203,3,a84540d1,,,2026-07-15,2026-07-15
6866,b8581dcf,29,7,204,1,7a5bc5c2,,,2026-07-15,2026-07-15
6867,b70ee05b,222,6,203,4,41c72cdb,,,2026-07-15,2026-07-15
6868,aae80dcf,373,6,204,1,f399f8e1,,,2026-07-15,2026-07-15
6869,948b727c,531,5,202,2,49fdea5f,,,2026-07-15,2026-07-15
6870,669acb69,276,4,205,3,c4cdb41c,,,2026-07-15,2026-07-15
6871,92ae5e21,473,6,203,2,41087c74,,,2026-07-15,2026-07-15
6872,69190528,173,6,205,4,7f1bca00,,,2026-07-15,2026-07-15
6873,e9428222,190,5,203,1,7f1bca00,,,2026-07-15,2026-07-15
6874,1a5c25f1,252,4,203,4,3a1756fa,,,2026-07-15,2026-07-15
6875,41888652,570,3,203,5,d8a2bbd7,,,2026-07-15,2026-07-15
6876,b6c8c9a9,522,4,203,1,247dccf1,,,2026-07-15,2026-07-15
6877,92e8953a,411,6,203,4,52368d16,,,2026-07-15,2026-07-15
6878,9db85511,584,5,202,5,f169683e,,,2026-07-15,2026-07-15
6879,41b2e8ad,625,6,202,5,69956359,,,2026-07-15,2026-07-15
6880,b1fab70d,308,5,205,2,dd3198d1,,,2026-07-15,2026-07-15
6881,24986783,264,2,202,1,91c9bcd7,,,2026-07-15,2026-07-15
6882,75fafc97,234,5,203,3,b755ebae,,,2026-07-15,2026-07-15
6883,5f0563b4,558,5,202,3,fa853203,,,2026-07-15,2026-07-15
6884,f83ffa84,679,6,202,4,082d21de,,,2026-07-15,2026-07-15
6885,ce953893,538,4,205,4,89c3a817,,,2026-07-15,2026-07-15
6886,129fa7bb,363,4,204,2,49fdea5f,,,2026-07-15,2026-07-15
6887,3d2ed315,379,7,202,1,e52f5ed8,,,2026-07-15,2026-07-15
6888,f56693ff,514,6,204,2,ccde9baa,,,2026-07-15,2026-07-15
6889,c82c1cb4,716,2,202,1,3929633d,,,2026-07-15,2026-07-15
6890,0cc30710,626,2,205,4,58954ba4,,,2026-07-15,2026-07-15
6891,2cec1cee,549,2,202,5,dfcfee6c,,,2026-07-15,2026-07-15
6892,0dcf02cd,457,3,202,1,61fab6f7,,,2026-07-15,2026-07-15
6893,6f4e4e52,695,2,204,2,ec486749,,,2026-07-15,2026-07-15
6894,fb9ae384,48,3,205,4,9ac47356,,,2026-07-15,2026-07-15
6895,c374f6fc,524,6,203,1,7f1bca00,,,2026-07-15,2026-07-15
6896,a00a4b1c,138,2,202,3,b4ca029a,,,2026-07-15,2026-07-15
6897,eb2924e9,647,7,205,1,6601ea7f,,,2026-07-15,2026-07-15
6898,6c032c2a,287,5,202,1,2d4fce37,,,2026-07-15,2026-07-15
6899,123b44ef,723,1,203,3,61fab6f7,,,2026-07-15,2026-07-15
6900,bc216efb,548,1,205,3,60ce4ade,,,2026-07-15,2026-07-15
6901,5a51ca35,71,7,205,1,86613e2d,,,2026-07-15,2026-07-15
6902,310334ba,21,6,204,3,7a5bc5c2,,,2026-07-15,2026-07-15
6903,c190e145,5,7,203,5,548dc0b3,,,2026-07-15,2026-07-15
6904,a420d96f,11,1,205,1,ba285e29,,,2026-07-15,2026-07-15
6905,2417d868,257,7,203,3,f7817da3,,,2026-07-15,2026-07-15
6906,72605434,674,6,201,5,8111bc07,,,2026-07-15,2026-07-15
6907,40c28afb,81,4,201,3,369a8438,,,2026-07-15,2026-07-15
6908,e3b7646e,571,6,202,5,a30580a1,,,2026-07-15,2026-07-15
6909,57558759,695,6,203,3,4049e911,,,2026-07-15,2026-07-15
6910,1e06e1eb,590,7,201,1,6568690c,,,2026-07-15,2026-07-15
6911,6ea81947,206,7,202,4,84b47f93,,,2026-07-15,2026-07-15
6912,c2397be5,186,1,202,4,a4e3426c,,,2026-07-15,2026-07-15
6913,a70b93dd,591,7,203,2,6568690c,,,2026-07-15,2026-07-15
6914,47d51391,196,7,203,5,b115a948,,,2026-07-15,2026-07-15
6915,0c6bc7fe,137,4,204,3,4799194e,,,2026-07-15,2026-07-15
6916,6dad4876,526,3,205,4,f0758699,,,2026-07-15,2026-07-15
6917,cf2fbda4,510,6,202,2,531113e4,,,2026-07-15,2026-07-15
6918,22fe739d,381,4,203,4,434c2454,,,2026-07-15,2026-07-15
6919,e6174feb,715,1,203,3,4363b8d6,,,2026-07-15,2026-07-15
6920,547076bd,451,3,205,4,69b06aa6,,,2026-07-15,2026-07-15
6921,9196d045,111,3,205,5,3a1572cc,,,2026-07-15,2026-07-15
6922,6b891e6e,401,5,203,1,c84a0390,,,2026-07-15,2026-07-15
6923,72c69595,286,6,205,2,d9c08140,,,2026-07-15,2026-07-15
6924,03714b6f,475,7,204,5,f033669c,,,2026-07-15,2026-07-15
6925,1aed5e75,480,4,201,3,42d0014c,,,2026-07-15,2026-07-15
6926,9b7ea27c,114,2,204,2,b427b66b,,,2026-07-15,2026-07-15
6927,f5d3edee,548,6,205,2,b755ebae,,,2026-07-15,2026-07-15
6928,0e8c0f9f,51,7,202,4,13a46227,,,2026-07-15,2026-07-15
6929,2b830464,477,6,204,4,fc9cf0b8,,,2026-07-15,2026-07-15
6930,09695014,339,5,201,3,a1ba575a,,,2026-07-15,2026-07-15
6931,c5484212,260,5,203,2,6a0cd270,,,2026-07-15,2026-07-15
6932,cfe31fbe,421,2,205,2,531113e4,,,2026-07-15,2026-07-15
6933,ccbf2c23,97,5,203,2,0968f5a7,,,2026-07-15,2026-07-15
6934,bbdd9afd,238,7,204,4,50987e86,,,2026-07-15,2026-07-15
6935,485cebc5,504,6,204,1,4799194e,,,2026-07-15,2026-07-15
6936,6a719e44,623,3,201,4,5905a3e7,,,2026-07-15,2026-07-15
6937,7f99213a,361,3,203,1,c578c38f,,,2026-07-15,2026-07-15
6938,6c10cd3d,169,3,201,1,ed4939ed,,,2026-07-15,2026-07-15
6939,86b3ff56,723,2,203,3,205742d2,,,2026-07-15,2026-07-15
6940,f6ca2339,397,6,202,2,719fa89e,,,2026-07-15,2026-07-15
6941,08ddd6a7,252,3,201,5,f12d0983,,,2026-07-15,2026-07-15
6942,94b2f212,644,6,203,4,5ae61d1c,,,2026-07-15,2026-07-15
6943,89444ed4,63,3,203,5,2dcdeda3,,,2026-07-15,2026-07-15
6944,e92523e8,686,7,203,3,208d275a,,,2026-07-15,2026-07-15
6945,2ee97e71,434,3,202,5,99fed753,,,2026-07-15,2026-07-15
6946,17210655,703,1,203,4,8b414a94,,,2026-07-15,2026-07-15
6947,2733752a,250,3,204,5,b716556b,,,2026-07-15,2026-07-15
6948,53d76dd3,603,6,205,5,860df6aa,,,2026-07-15,2026-07-15
6949,85b59106,220,4,203,2,fb87e33d,,,2026-07-15,2026-07-15
6950,b546df9b,510,6,201,3,63369e6c,,,2026-07-15,2026-07-15
6951,710e42ee,10,1,203,2,6e76c557,,,2026-07-15,2026-07-15
6952,3c1ca814,125,6,205,1,ddaa1bf9,,,2026-07-15,2026-07-15
6953,e5339a6a,236,3,205,5,6958bb49,,,2026-07-15,2026-07-15
6954,749359d2,204,3,205,3,3c63e5d3,,,2026-07-15,2026-07-15
6955,f30b39dd,282,7,201,2,df92d410,,,2026-07-15,2026-07-15
6956,8aacf54b,345,2,202,3,163d0b32,,,2026-07-15,2026-07-15
6957,aef39f8b,647,7,203,4,4363b8d6,,,2026-07-15,2026-07-15
6958,d85f1883,675,6,202,1,89c3a817,,,2026-07-15,2026-07-15
6959,e5ad9818,97,7,201,3,e52f5ed8,,,2026-07-15,2026-07-15
6960,f056b598,477,3,205,4,cc9f65a9,,,2026-07-15,2026-07-15
6961,27360b30,254,3,205,3,bc297930,,,2026-07-15,2026-07-15
6962,0ce2be01,406,3,202,1,2b2175cd,,,2026-07-15,2026-07-15
6963,690d8a68,572,1,201,5,18d773af,,,2026-07-15,2026-07-15
6964,3a363aec,629,1,205,1,7fddfb89,,,2026-07-15,2026-07-15
6965,4c2cd16e,195,6,205,2,6ee48559,,,2026-07-15,2026-07-15
6966,b2673c8b,572,2,202,3,b68bef7e,,,2026-07-15,2026-07-15
6967,288ee98b,241,3,203,4,641c61ac,,,2026-07-15,2026-07-15
6968,d16082e1,341,7,204,3,ac2c30bf,,,2026-07-15,2026-07-15
6969,bb7fa2f2,711,3,204,2,77449c06,,,2026-07-15,2026-07-15
6970,c0730a0a,239,6,202,1,97682d83,,,2026-07-15,2026-07-15
6971,f15f2366,202,1,203,5,1df1fe50,,,2026-07-15,2026-07-15
6972,e014aac0,589,2,205,2,6b71e7b7,,,2026-07-15,2026-07-15
6973,6a8987cc,558,6,204,4,719fa89e,,,2026-07-15,2026-07-15
6974,338449c4,574,5,205,2,a638b4b0,,,2026-07-15,2026-07-15
6975,b958536b,493,3,202,1,2a9b3aaa,,,2026-07-15,2026-07-15
6976,dde4cffe,724,4,201,4,d9c08140,,,2026-07-15,2026-07-15
6977,924a96dd,120,1,202,3,d92199d8,,,2026-07-15,2026-07-15
6978,1fa0233e,125,5,203,2,d88f6a7f,,,2026-07-15,2026-07-15
6979,813ef193,498,2,203,4,9e7dae2e,,,2026-07-15,2026-07-15
6980,1b7e8e23,374,2,201,4,cee867e3,,,2026-07-15,2026-07-15
6981,c8ae9582,89,6,205,4,52368d16,,,2026-07-15,2026-07-15
6982,4e75a162,510,6,204,3,3184736b,,,2026-07-15,2026-07-15
6983,b40e102b,159,5,204,5,3a1572cc,,,2026-07-15,2026-07-15
6984,92d495ab,89,6,204,3,367ca016,,,2026-07-15,2026-07-15
6985,32655ed2,319,2,201,4,4aeffd09,,,2026-07-15,2026-07-15
6986,7add0558,32,6,202,4,ae0deda5,,,2026-07-15,2026-07-15
6987,f7729330,182,2,205,2,69956359,,,2026-07-15,2026-07-15
6988,b4abbbad,100,4,205,1,ef75b4bf,,,2026-07-15,2026-07-15
6989,bef05f9d,354,5,203,1,57be6156,,,2026-07-15,2026-07-15
6990,4d40d8ec,182,7,203,5,369a8438,,,2026-07-15,2026-07-15
6991,f9b00f6b,1,5,204,3,63baf574,,,2026-07-15,2026-07-15
6992,e0903084,675,3,204,3,d2c89978,,,2026-07-15,2026-07-15
6993,4e35a231,474,3,205,4,42d0014c,,,2026-07-15,2026-07-15
6994,8ae0111f,628,1,202,4,91a6c884,,,2026-07-15,2026-07-15
6995,e2ecc298,113,5,203,2,6568690c,,,2026-07-15,2026-07-15
6996,0c3a654f,597,2,205,3,56205f69,,,2026-07-15,2026-07-15
6997,90a719f7,281,6,205,4,6568690c,,,2026-07-15,2026-07-15
6998,e74834c9,439,7,202,5,25b7eced,,,2026-07-15,2026-07-15
6999,c098924e,92,7,204,2,718406a2,,,2026-07-15,2026-07-15
7000,cf5d51f7,251,4,202,1,7fddfb89,,,2026-07-15,2026-07-15
7001,8287be26,587,3,202,4,35acd685,,,2026-07-15,2026-07-15
7002,74982691,309,4,205,5,112f9cab,,,2026-07-15,2026-07-15
7003,ac7d9744,696,1,204,3,7ad06864,,,2026-07-15,2026-07-15
7004,42f2bee5,213,6,204,4,cedf6f69,,,2026-07-15,2026-07-15
7005,bc8e6fa0,53,6,202,3,c4993de9,,,2026-07-15,2026-07-15
7006,cedbaa3f,115,3,203,1,3cc541a7,,,2026-07-15,2026-07-15
7007,905455f8,145,7,203,3,205742d2,,,2026-07-15,2026-07-15
7008,29ad9e6d,167,7,201,4,4049e911,,,2026-07-15,2026-07-15
7009,10ecb572,202,6,205,1,641c61ac,,,2026-07-15,2026-07-15
7010,2089c5b8,534,6,205,3,dfe6e1ff,,,2026-07-15,2026-07-15
7011,3e6cfa13,145,6,201,2,021c675d,,,2026-07-15,2026-07-15
7012,aed9892c,9,2,202,5,c84a0390,,,2026-07-15,2026-07-15
7013,a4827f34,509,6,203,4,750687ab,,,2026-07-15,2026-07-15
7014,b15aae7a,270,3,204,2,0d4d4804,,,2026-07-15,2026-07-15
7015,53101e36,162,7,201,2,163d0b32,,,2026-07-15,2026-07-15
7016,c6870980,526,7,203,1,1e4cea7e,,,2026-07-15,2026-07-15
7017,e69324e2,109,6,205,3,a426a28e,,,2026-07-15,2026-07-15
7018,1a57b000,9,4,205,2,95f70b4e,,,2026-07-15,2026-07-15
7019,de9e64ab,577,7,203,2,1aaa9d3a,,,2026-07-15,2026-07-15
7020,ae319b67,277,3,204,1,27c530c5,,,2026-07-15,2026-07-15
7021,8630c8ca,363,7,204,3,3f26afe9,,,2026-07-15,2026-07-15
7022,0fea4544,404,5,203,1,750687ab,,,2026-07-15,2026-07-15
7023,7f311b64,585,2,201,5,e6d45de3,,,2026-07-15,2026-07-15
7024,4a3581f0,187,3,203,3,f7817da3,,,2026-07-15,2026-07-15
7025,16644a78,415,3,202,2,e0e8c2a1,,,2026-07-15,2026-07-15
7026,b829d6dc,712,3,205,2,3973c30a,,,2026-07-15,2026-07-15
7027,e69b23f0,215,5,201,1,72b21457,,,2026-07-15,2026-07-15
7028,bdd2277b,581,4,202,3,32029984,,,2026-07-15,2026-07-15
7029,37c27dd6,677,3,202,1,f2fc7978,,,2026-07-15,2026-07-15
7030,0b26131c,680,6,203,1,a30580a1,,,2026-07-15,2026-07-15
7031,fc06e477,116,7,201,5,860df6aa,,,2026-07-15,2026-07-15
7032,e093012a,242,1,202,2,ef5f41ce,,,2026-07-15,2026-07-15
7033,49268c21,675,4,204,1,c1b30594,,,2026-07-15,2026-07-15
7034,44f7b51a,116,6,202,5,57221ec9,,,2026-07-15,2026-07-15
7035,f9851ff5,232,7,204,2,315f550b,,,2026-07-15,2026-07-15
7036,e8bc5500,61,2,201,5,e75bb09b,,,2026-07-15,2026-07-15
7037,36e3067a,289,7,204,2,dfe6e1ff,,,2026-07-15,2026-07-15
7038,1af433d5,355,7,202,5,f12d0983,,,2026-07-15,2026-07-15
7039,4e6dafde,5,3,202,4,2b2175cd,,,2026-07-15,2026-07-15
7040,22d6b4d7,618,5,201,3,6ef9ace3,,,2026-07-15,2026-07-15
7041,42a4885b,219,5,203,1,9349d295,,,2026-07-15,2026-07-15
7042,f05622ac,365,7,202,2,3f26afe9,,,2026-07-15,2026-07-15
7043,d87a5f08,271,4,201,5,369a8438,,,2026-07-15,2026-07-15
7044,eec038b7,237,7,203,4,c6934f84,,,2026-07-15,2026-07-15
7045,f2e28031,395,3,203,2,a8a7db6d,,,2026-07-15,2026-07-15
7046,a6a2d221,551,2,205,5,f22bf066,,,2026-07-15,2026-07-15
7047,6f0adbc7,652,2,202,3,0d484e5f,,,2026-07-15,2026-07-15
7048,7ffb631e,287,5,205,1,01974f0f,,,2026-07-15,2026-07-15
7049,3bea685c,417,2,204,2,0b6ae467,,,2026-07-15,2026-07-15
7050,b2f891a3,140,7,204,3,163d0b32,,,2026-07-15,2026-07-15
7051,1f1b29cb,77,5,204,4,10f10b2b,,,2026-07-15,2026-07-15
7052,419101cf,50,4,204,2,fa853203,,,2026-07-15,2026-07-15
7053,968664cc,361,3,205,2,d2599bb6,,,2026-07-15,2026-07-15
7054,759ba1cc,68,3,202,4,53648c48,,,2026-07-15,2026-07-15
7055,82587cfc,679,4,203,5,5dff7cb7,,,2026-07-15,2026-07-15
7056,c670062e,270,6,202,1,f18b66c1,,,2026-07-15,2026-07-15
7057,fb78f921,213,6,205,3,a638b4b0,,,2026-07-15,2026-07-15
7058,de7b47c5,303,2,202,3,3f09714a,,,2026-07-15,2026-07-15
7059,a75eb634,246,4,203,3,5424e422,,,2026-07-15,2026-07-15
7060,6265890a,473,4,204,5,5ae61d1c,,,2026-07-15,2026-07-15
7061,03918fca,684,4,203,4,25faaa82,,,2026-07-15,2026-07-15
7062,f7639bca,160,3,203,2,cd901af9,,,2026-07-15,2026-07-15
7063,0fcc9925,253,4,204,2,69956359,,,2026-07-15,2026-07-15
7064,67690595,605,3,205,1,9efecf41,,,2026-07-15,2026-07-15
7065,c53663fb,391,7,204,3,43cbe6fa,,,2026-07-15,2026-07-15
7066,4e8f6517,15,1,204,2,c1b30594,,,2026-07-15,2026-07-15
7067,9161f061,722,7,204,1,4aeffd09,,,2026-07-15,2026-07-15
7068,1070e118,512,4,202,3,3110a49a,,,2026-07-15,2026-07-15
7069,2a9cf79f,453,7,203,1,70bfbcda,,,2026-07-15,2026-07-15
7070,ffb10677,236,5,202,5,61fab6f7,,,2026-07-15,2026-07-15
7071,35c42f6d,709,5,204,3,a638b4b0,,,2026-07-15,2026-07-15
7072,bec17d8e,401,6,201,1,25faaa82,,,2026-07-15,2026-07-15
7073,2edf5d19,117,6,201,2,35acd685,,,2026-07-15,2026-07-15
7074,5aeb87a3,170,5,205,1,b427b66b,,,2026-07-15,2026-07-15
7075,d1606ce5,653,1,203,4,d92199d8,,,2026-07-15,2026-07-15
7076,ecbc9571,325,4,205,4,cb8ec133,,,2026-07-15,2026-07-15
7077,f0f90e30,688,2,201,4,0fbb521a,,,2026-07-15,2026-07-15
7078,319078d0,364,2,204,5,41c72cdb,,,2026-07-15,2026-07-15
7079,b740dc76,456,1,201,4,fa578b09,,,2026-07-15,2026-07-15
7080,7fa8774a,702,6,202,1,efc887b8,,,2026-07-15,2026-07-15
7081,46ec4356,126,1,202,3,96379792,,,2026-07-15,2026-07-15
7082,d6657bd0,536,6,205,5,482ffe65,,,2026-07-15,2026-07-15
7083,d85cea4b,451,6,202,2,0d484e5f,,,2026-07-15,2026-07-15
7084,1127c86e,514,4,201,2,bd4a772f,,,2026-07-15,2026-07-15
7085,ca781c59,375,6,201,3,5905a3e7,,,2026-07-15,2026-07-15
7086,af8bf162,520,5,205,1,0d484e5f,,,2026-07-15,2026-07-15
7087,8a124712,274,2,202,2,e6d45de3,,,2026-07-15,2026-07-15
7088,8c5ed97f,123,5,205,4,c578c38f,,,2026-07-15,2026-07-15
7089,82c466ac,711,4,201,3,7643c1ee,,,2026-07-15,2026-07-15
7090,3a327115,530,6,204,4,d8a2bbd7,,,2026-07-15,2026-07-15
7091,f75e64d5,441,4,203,3,cbcf13d1,,,2026-07-15,2026-07-15
7092,e21f8a4e,611,1,201,1,1e4cea7e,,,2026-07-15,2026-07-15
7093,10ff8ff8,456,5,203,2,74258308,,,2026-07-15,2026-07-15
7094,ad88f63f,423,4,201,1,32029984,,,2026-07-15,2026-07-15
7095,932a9157,569,2,202,5,208d275a,,,2026-07-15,2026-07-15
7096,9cd79f55,132,1,201,2,fa853203,,,2026-07-15,2026-07-15
7097,2423f581,305,2,203,2,84b47f93,,,2026-07-15,2026-07-15
7098,9f92a731,242,5,202,2,aece207c,,,2026-07-15,2026-07-15
7099,f65cb190,193,7,202,3,25faaa82,,,2026-07-15,2026-07-15
7100,71580003,625,2,203,1,7e22a2b5,,,2026-07-15,2026-07-15
7101,d7db187d,562,4,201,5,bd5892a8,,,2026-07-15,2026-07-15
7102,7311d97c,413,4,203,5,1aaa9d3a,,,2026-07-15,2026-07-15
7103,be8259a0,594,1,204,1,2dcdeda3,,,2026-07-15,2026-07-15
7104,e623fe2c,634,2,203,3,315f550b,,,2026-07-15,2026-07-15
7105,297c452a,149,1,201,5,11f3df17,,,2026-07-15,2026-07-15
7106,8dc05175,89,1,205,2,1e59121b,,,2026-07-15,2026-07-15
7107,bab6652f,245,3,202,4,0fbfd231,,,2026-07-15,2026-07-15
7108,de6b7917,303,1,201,4,7bc42b05,,,2026-07-15,2026-07-15
7109,023fa2d1,690,2,205,5,a93aa731,,,2026-07-15,2026-07-15
7110,284a060f,31,5,203,3,d8a2bbd7,,,2026-07-15,2026-07-15
7111,4b3f1ed9,370,7,202,1,e6d45de3,,,2026-07-15,2026-07-15
7112,e6ec940a,486,7,201,4,6f2a321a,,,2026-07-15,2026-07-15
7113,5d38c4db,215,6,202,3,ddaa1bf9,,,2026-07-15,2026-07-15
7114,0629c949,316,7,203,4,6b3185b0,,,2026-07-15,2026-07-15
7115,d7cea2d4,29,4,204,5,3fc80484,,,2026-07-15,2026-07-15
7116,2a189f10,111,6,201,5,5a53b8e9,,,2026-07-15,2026-07-15
7117,b66a8181,344,1,203,4,0fbfd231,,,2026-07-15,2026-07-15
7118,da56dbe1,237,3,202,4,37166503,,,2026-07-15,2026-07-15
7119,9029bc22,226,3,205,3,a79b76cb,,,2026-07-15,2026-07-15
7120,9637718c,585,4,202,5,a426a28e,,,2026-07-15,2026-07-15
7121,1a0a4d9c,535,6,202,3,1139e59a,,,2026-07-15,2026-07-15
7122,7e9a8e71,413,6,204,2,7a5bc5c2,,,2026-07-15,2026-07-15
7123,dfb7c99c,455,2,204,3,ee98f97e,,,2026-07-15,2026-07-15
7124,711fd02a,571,3,201,5,1f937553,,,2026-07-15,2026-07-15
7125,6ccbc278,531,7,204,5,63baf574,,,2026-07-15,2026-07-15
7126,dd145fe1,553,5,202,5,56205f69,,,2026-07-15,2026-07-15
7127,e0e2cb07,647,3,205,3,548dc0b3,,,2026-07-15,2026-07-15
7128,5e4929c0,400,1,202,2,346c1416,,,2026-07-15,2026-07-15
7129,2aff3d17,676,4,202,4,0b454108,,,2026-07-15,2026-07-15
7130,f2b9eb44,238,5,203,3,a008a294,,,2026-07-15,2026-07-15
7131,3eaf7aec,113,4,201,4,9ac47356,,,2026-07-15,2026-07-15
7132,9574a374,668,2,204,3,c05e9193,,,2026-07-15,2026-07-15
7133,ab5b4b37,242,5,205,3,ac2c30bf,,,2026-07-15,2026-07-15
7134,d6a03dc2,678,3,201,2,6b71e7b7,,,2026-07-15,2026-07-15
7135,56fa6746,402,1,203,3,3f26afe9,,,2026-07-15,2026-07-15
7136,3493e2ae,448,5,201,2,fdb588e8,,,2026-07-15,2026-07-15
7137,c0e2c5d4,8,7,205,5,1dc2bf91,,,2026-07-15,2026-07-15
7138,d83ece5f,571,4,201,5,c84a0390,,,2026-07-15,2026-07-15
7139,2282a60a,417,7,201,2,37354f22,,,2026-07-15,2026-07-15
7140,9bdd57b9,423,6,202,4,f27a730c,,,2026-07-15,2026-07-15
7141,f773c969,419,5,202,1,03f0acfa,,,2026-07-15,2026-07-15
7142,c51aab15,170,7,201,5,3184736b,,,2026-07-15,2026-07-15
7143,c14fb199,4,3,205,5,ddaa1bf9,,,2026-07-15,2026-07-15
7144,f61dfa0e,331,7,205,1,72b21457,,,2026-07-15,2026-07-15
7145,451e8213,258,5,201,3,e89b35ce,,,2026-07-15,2026-07-15
7146,b2416608,324,1,205,5,27c530c5,,,2026-07-15,2026-07-15
7147,83b7c118,328,7,205,4,df92d410,,,2026-07-15,2026-07-15
7148,897f00fc,714,6,205,4,7b748fb3,,,2026-07-15,2026-07-15
7149,d8316650,69,3,201,4,4739f6d9,,,2026-07-15,2026-07-15
7150,1b5b6652,109,3,202,4,1aaa9d3a,,,2026-07-15,2026-07-15
7151,0bb92f96,357,4,204,2,e3ec02d4,,,2026-07-15,2026-07-15
7152,e3db19c1,283,2,201,2,dd88df46,,,2026-07-15,2026-07-15
7153,a8c76128,261,3,202,3,628a4d89,,,2026-07-15,2026-07-15
7154,c23345be,263,1,201,2,50641c23,,,2026-07-15,2026-07-15
7155,c482e2a9,440,1,202,1,208d275a,,,2026-07-15,2026-07-15
7156,b138a997,355,4,201,2,4799194e,,,2026-07-15,2026-07-15
7157,bf9fc85b,1,7,204,3,c7ead2cc,,,2026-07-15,2026-07-15
7158,08dde76f,720,4,205,1,f399f8e1,,,2026-07-15,2026-07-15
7159,b7b42e17,310,2,201,3,3f09714a,,,2026-07-15,2026-07-15
7160,86437e8f,426,5,205,3,1df1fe50,,,2026-07-15,2026-07-15
7161,d6f4da59,54,3,201,1,1e6e7fcd,,,2026-07-15,2026-07-15
7162,033e9bd1,519,2,203,1,5ae61d1c,,,2026-07-15,2026-07-15
7163,94e5ee0d,91,1,201,5,7704f92c,,,2026-07-15,2026-07-15
7164,48a98658,409,1,205,2,69956359,,,2026-07-15,2026-07-15
7165,0ba5f81d,302,3,201,4,970e594b,,,2026-07-15,2026-07-15
7166,c91a301b,530,5,202,2,10f10b2b,,,2026-07-15,2026-07-15
7167,f63ae179,58,5,203,3,19a61dd4,,,2026-07-15,2026-07-15
7168,6e6765cd,715,5,203,3,5a5bf759,,,2026-07-15,2026-07-15
7169,02329226,534,6,205,2,72bc630e,,,2026-07-15,2026-07-15
7170,77ca7fd9,595,7,201,1,69b06aa6,,,2026-07-15,2026-07-15
7171,f8f96b23,128,7,202,2,487a1dd7,,,2026-07-15,2026-07-15
7172,89551a77,464,6,204,5,c50cc14e,,,2026-07-15,2026-07-15
7173,b81dcad0,490,5,204,2,14a4c03c,,,2026-07-15,2026-07-15
7174,e1b648b7,7,3,201,2,fc9cf0b8,,,2026-07-15,2026-07-15
7175,932d863d,8,1,205,5,ddaa1bf9,,,2026-07-15,2026-07-15
7176,6db1ab78,688,7,204,2,b244f9d6,,,2026-07-15,2026-07-15
7177,e1f6ff62,113,2,205,3,91c9bcd7,,,2026-07-15,2026-07-15
7178,352cf3c3,7,1,204,2,2d4fce37,,,2026-07-15,2026-07-15
7179,807e97bf,2,7,202,5,ec5b641f,,,2026-07-15,2026-07-15
7180,53479fed,682,6,205,1,d88f6a7f,,,2026-07-15,2026-07-15
7181,7bac151c,704,4,203,1,2df31d11,,,2026-07-15,2026-07-15
7182,7d89b635,207,3,205,3,fc9cf0b8,,,2026-07-15,2026-07-15
7183,9e8d600c,204,5,204,4,19a61dd4,,,2026-07-15,2026-07-15
7184,99da5be6,559,3,203,1,2df31d11,,,2026-07-15,2026-07-15
7185,e49c1263,120,5,202,3,c49ff99c,,,2026-07-15,2026-07-15
7186,5bb3ee53,468,4,204,4,0968f5a7,,,2026-07-15,2026-07-15
7187,048f2564,228,6,202,3,8a51bc70,,,2026-07-15,2026-07-15
7188,51f98ece,442,1,205,4,4960cc67,,,2026-07-15,2026-07-15
7189,1f8f5f67,693,5,201,1,7643c1ee,,,2026-07-15,2026-07-15
7190,55a2226c,70,6,205,2,a1ba575a,,,2026-07-15,2026-07-15
7191,f046f554,374,5,204,5,f033669c,,,2026-07-15,2026-07-15
7192,73cf2d1f,228,6,203,3,0d4d4804,,,2026-07-15,2026-07-15
7193,6cb2133e,305,1,202,5,1a601f48,,,2026-07-15,2026-07-15
7194,aa411d6e,638,3,202,4,95ec6e5b,,,2026-07-15,2026-07-15
7195,274948f8,227,4,201,3,7a5bc5c2,,,2026-07-15,2026-07-15
7196,72a20a54,503,6,201,4,bde42cc1,,,2026-07-15,2026-07-15
7197,12364342,597,7,201,4,7b748fb3,,,2026-07-15,2026-07-15
7198,d8ed7584,39,1,201,5,f2fc7978,,,2026-07-15,2026-07-15
7199,f6b3ff37,172,5,202,3,2d45f6bd,,,2026-07-15,2026-07-15
7200,b7aa326c,484,1,202,4,f033669c,,,2026-07-15,2026-07-15
7201,48d94531,65,3,205,3,9ac47356,,,2026-07-15,2026-07-15
7202,f98b80ba,716,1,204,1,03f0acfa,,,2026-07-15,2026-07-15
7203,0ecbf65f,170,3,203,1,6b6d0941,,,2026-07-15,2026-07-15
7204,69f033b1,475,7,203,2,8993064a,,,2026-07-15,2026-07-15
7205,7c0f1489,125,4,201,2,77c6d634,,,2026-07-15,2026-07-15
7206,d0619f94,606,5,202,3,1d9305e2,,,2026-07-15,2026-07-15
7207,c2d03201,262,5,204,5,7ad06864,,,2026-07-15,2026-07-15
7208,a6604ea2,518,7,201,5,45c95088,,,2026-07-15,2026-07-15
7209,a66a7b9b,251,5,202,5,25b7eced,,,2026-07-15,2026-07-15
7210,0454d881,383,2,204,5,84b47f93,,,2026-07-15,2026-07-15
7211,247f74f9,609,5,205,3,d8edbef1,,,2026-07-15,2026-07-15
7212,86f211d3,42,5,201,2,3c63e5d3,,,2026-07-15,2026-07-15
7213,560d4f1a,134,6,203,1,8125c6f0,,,2026-07-15,2026-07-15
7214,d84b0704,640,2,205,2,163d0b32,,,2026-07-15,2026-07-15
7215,dd24e28e,21,2,204,1,b755ebae,,,2026-07-15,2026-07-15
7216,2fd19d9e,685,1,203,4,0d4d4804,,,2026-07-15,2026-07-15
7217,14786a2d,541,7,203,1,f22bf066,,,2026-07-15,2026-07-15
7218,eec4d20d,321,4,205,3,0968f5a7,,,2026-07-15,2026-07-15
7219,4e5ccab3,410,4,204,2,95ec6e5b,,,2026-07-15,2026-07-15
7220,66a9e779,331,5,204,3,61fab6f7,,,2026-07-15,2026-07-15
7221,67a4898d,135,1,202,3,19a61dd4,,,2026-07-15,2026-07-15
7222,ddbad050,431,5,201,4,ae76cc5c,,,2026-07-15,2026-07-15
7223,1f1150ed,614,5,202,5,c84a0390,,,2026-07-15,2026-07-15
7224,0593bea4,522,4,205,1,434c2454,,,2026-07-15,2026-07-15
7225,31b134b7,158,6,205,2,c05e9193,,,2026-07-15,2026-07-15
7226,cd8e75b6,693,3,202,2,77c6d634,,,2026-07-15,2026-07-15
7227,aa47c981,713,1,204,5,315f550b,,,2026-07-15,2026-07-15
7228,f3033eb6,367,7,201,2,35f98e98,,,2026-07-15,2026-07-15
7229,8fc901fa,715,2,202,1,77449c06,,,2026-07-15,2026-07-15
7230,38948b68,80,6,204,4,482ffe65,,,2026-07-15,2026-07-15
7231,1e04b3cc,332,6,202,2,6f28469e,,,2026-07-15,2026-07-15
7232,0e216e88,193,5,204,1,0b6ae467,,,2026-07-15,2026-07-15
7233,b2699b79,244,2,201,3,d8edbef1,,,2026-07-15,2026-07-15
7234,3f5e051b,560,7,201,2,dfe6e1ff,,,2026-07-15,2026-07-15
7235,27480868,133,6,205,3,1e4cea7e,,,2026-07-15,2026-07-15
7236,4b7f565d,636,5,205,3,369a8438,,,2026-07-15,2026-07-15
7237,eb0d3cdf,440,1,204,5,750687ab,,,2026-07-15,2026-07-15
7238,51b3fc96,239,2,205,2,45592551,,,2026-07-15,2026-07-15
7239,fe8defb3,374,6,205,1,641c61ac,,,2026-07-15,2026-07-15
7240,2a86a80a,238,3,201,1,a008a294,,,2026-07-15,2026-07-15
7241,eb71bfca,679,4,205,5,97682d83,,,2026-07-15,2026-07-15
7242,b2352f8a,460,6,201,4,bc297930,,,2026-07-15,2026-07-15
7243,2b1471b6,418,7,205,2,ff142568,,,2026-07-15,2026-07-15
7244,922b462c,284,5,204,2,6b3185b0,,,2026-07-15,2026-07-15
7245,f3b45fed,525,4,202,3,35acd685,,,2026-07-15,2026-07-15
7246,e6d2a98a,43,5,204,2,9e7dae2e,,,2026-07-15,2026-07-15
7247,daa077d5,633,4,203,5,45592551,,,2026-07-15,2026-07-15
7248,4beb9dc5,359,3,201,3,cc9f65a9,,,2026-07-15,2026-07-15
7249,4ea8a80b,503,3,204,1,3a1756fa,,,2026-07-15,2026-07-15
7250,9d281575,83,1,201,1,6a0cd270,,,2026-07-15,2026-07-15
7251,b55eb954,280,6,201,5,91a6c884,,,2026-07-15,2026-07-15
7252,bb716c91,404,3,203,3,cd901af9,,,2026-07-15,2026-07-15
7253,6ef107e7,320,4,203,2,68f3c4e5,,,2026-07-15,2026-07-15
7254,88f84d1d,512,3,204,4,6601ea7f,,,2026-07-15,2026-07-15
7255,0005d942,523,2,203,1,ee98f97e,,,2026-07-15,2026-07-15
7256,d0dd81c9,94,6,202,5,a040e169,,,2026-07-15,2026-07-15
7257,4b806d1a,257,6,202,5,69956359,,,2026-07-15,2026-07-15
7258,a8f68b29,649,1,203,3,c88f1b8d,,,2026-07-15,2026-07-15
7259,5b456c65,128,5,201,5,ff079788,,,2026-07-15,2026-07-15
7260,9c7eb8f0,303,3,202,2,6f2a321a,,,2026-07-15,2026-07-15
7261,de0588ea,691,3,205,3,7704f92c,,,2026-07-15,2026-07-15
7262,189563bb,434,3,203,4,11f3df17,,,2026-07-15,2026-07-15
7263,fbb41e68,568,5,203,4,ff142568,,,2026-07-15,2026-07-15
7264,bd2b2b37,168,5,201,4,ca496ce9,,,2026-07-15,2026-07-15
7265,343261a7,368,4,204,1,91c9bcd7,,,2026-07-15,2026-07-15
7266,09a38763,594,2,201,1,5f2ab070,,,2026-07-15,2026-07-15
7267,439e83a5,600,2,202,5,cc9f65a9,,,2026-07-15,2026-07-15
7268,a476ed87,594,3,201,4,b716556b,,,2026-07-15,2026-07-15
7269,64fbcee7,198,1,204,3,0a18e760,,,2026-07-15,2026-07-15
7270,b4a55418,630,7,204,1,4d5e252e,,,2026-07-15,2026-07-15
7271,0fc7fbfd,673,1,202,1,15a65ae5,,,2026-07-15,2026-07-15
7272,f218ae3e,252,4,201,4,c49ff99c,,,2026-07-15,2026-07-15
7273,55b8b3bc,24,6,203,4,b730e9e6,,,2026-07-15,2026-07-15
7274,8e6eae4d,62,1,203,4,eb3c1fb7,,,2026-07-15,2026-07-15
7275,9fcf83cc,471,2,202,4,74258308,,,2026-07-15,2026-07-15
7276,1e9be3f3,363,6,203,2,7fddfb89,,,2026-07-15,2026-07-15
7277,da0991cc,553,4,202,1,6568690c,,,2026-07-15,2026-07-15
7278,c76444e5,177,3,205,5,ae0deda5,,,2026-07-15,2026-07-15
7279,6622caee,343,4,205,5,0d484e5f,,,2026-07-15,2026-07-15
7280,145f733d,652,7,203,4,14a4c03c,,,2026-07-15,2026-07-15
7281,651a0f6f,712,3,202,4,289b72c4,,,2026-07-15,2026-07-15
7282,6592772f,330,2,204,5,c05e9193,,,2026-07-15,2026-07-15
7283,f8e2a3b7,380,3,202,5,52368d16,,,2026-07-15,2026-07-15
7284,a3b2c63e,174,3,205,2,b51ae2f1,,,2026-07-15,2026-07-15
7285,9c809fe6,688,1,205,3,69b06aa6,,,2026-07-15,2026-07-15
7286,b17178db,479,1,203,1,4392286c,,,2026-07-15,2026-07-15
7287,cfaa8539,431,6,205,1,2b2175cd,,,2026-07-15,2026-07-15
7288,4a939fbe,133,5,202,2,5905a3e7,,,2026-07-15,2026-07-15
7289,69dca6ec,272,6,203,5,1139e59a,,,2026-07-15,2026-07-15
7290,0f36da9b,72,5,204,4,42d0014c,,,2026-07-15,2026-07-15
7291,7d87baac,563,2,202,3,719fa89e,,,2026-07-15,2026-07-15
7292,3262058a,101,6,202,3,0fbb521a,,,2026-07-15,2026-07-15
7293,326b860a,45,1,205,3,944084a9,,,2026-07-15,2026-07-15
7294,2b5352a2,95,6,205,1,1b14dcc9,,,2026-07-15,2026-07-15
7295,09ba1d49,493,3,202,4,1d9305e2,,,2026-07-15,2026-07-15
7296,f946a1e7,349,6,205,3,ce1b52ae,,,2026-07-15,2026-07-15
7297,a768f0dd,569,5,204,5,3929633d,,,2026-07-15,2026-07-15
7298,1096ecc8,145,4,203,3,6f2a321a,,,2026-07-15,2026-07-15
7299,f5b944a4,370,1,202,2,8d3cc46f,,,2026-07-15,2026-07-15
7300,90289a67,175,1,204,4,4bc76ae2,,,2026-07-15,2026-07-15
7301,79589fd2,338,6,205,2,bd47b713,,,2026-07-15,2026-07-15
7302,360cc6da,701,1,202,5,369a8438,,,2026-07-15,2026-07-15
7303,16d50548,522,5,201,2,eb3c1fb7,,,2026-07-15,2026-07-15
7304,383e7e7c,634,7,203,2,1e6e7fcd,,,2026-07-15,2026-07-15
7305,1f610cf2,296,1,204,5,3184736b,,,2026-07-15,2026-07-15
7306,c70d0052,272,2,204,2,8b319808,,,2026-07-15,2026-07-15
7307,a2906367,138,2,201,2,5ae61d1c,,,2026-07-15,2026-07-15
7308,d21ac751,115,7,203,3,74258308,,,2026-07-15,2026-07-15
7309,22e4dce5,176,7,205,5,3832abbc,,,2026-07-15,2026-07-15
7310,7bb72209,228,1,202,2,3f09714a,,,2026-07-15,2026-07-15
7311,41836647,114,5,203,1,750687ab,,,2026-07-15,2026-07-15
7312,ef71ce35,381,5,202,2,35acd685,,,2026-07-15,2026-07-15
7313,01b5e468,68,7,204,5,f12d0983,,,2026-07-15,2026-07-15
7314,96fe78ef,361,3,201,5,ac535caa,,,2026-07-15,2026-07-15
7315,ab0fdf4f,309,2,203,5,082d21de,,,2026-07-15,2026-07-15
7316,bb9a81d2,330,3,203,2,b4ca029a,,,2026-07-15,2026-07-15
7317,0a44bddf,322,1,203,4,822c1444,,,2026-07-15,2026-07-15
7318,dc6cdbfb,54,4,204,5,10f10b2b,,,2026-07-15,2026-07-15
7319,30317837,347,2,201,4,10f10b2b,,,2026-07-15,2026-07-15
7320,4cb54a04,583,2,203,4,f6ab1ed5,,,2026-07-15,2026-07-15
7321,70eb42fd,27,7,204,2,febfde98,,,2026-07-15,2026-07-15
7322,af410ae4,432,1,202,5,7e22a2b5,,,2026-07-15,2026-07-15
7323,22251ca2,205,4,202,1,e75bb09b,,,2026-07-15,2026-07-15
7324,3cfb56b4,45,4,201,2,d2599bb6,,,2026-07-15,2026-07-15
7325,7f815711,505,5,201,1,4d5e252e,,,2026-07-15,2026-07-15
7326,2d4901c6,616,6,203,2,25faaa82,,,2026-07-15,2026-07-15
7327,7b6cfd0e,143,7,204,1,289b72c4,,,2026-07-15,2026-07-15
7328,d8ae694e,546,4,202,3,a1ba575a,,,2026-07-15,2026-07-15
7329,ad5bca62,652,2,203,3,3f26afe9,,,2026-07-15,2026-07-15
7330,a6498b25,117,3,202,1,465c1c13,,,2026-07-15,2026-07-15
7331,a3081dff,622,2,203,5,641c61ac,,,2026-07-15,2026-07-15
7332,376710c8,599,4,201,4,e9238f3f,,,2026-07-15,2026-07-15
7333,6b2e188a,195,4,202,4,ec5b641f,,,2026-07-15,2026-07-15
7334,f34d7632,669,2,205,5,a040e169,,,2026-07-15,2026-07-15
7335,f7866c2e,284,6,204,1,4392286c,,,2026-07-15,2026-07-15
7336,726f66d7,724,2,204,2,01974f0f,,,2026-07-15,2026-07-15
7337,e53719de,195,4,201,1,63baf574,,,2026-07-15,2026-07-15
7338,43914c48,250,2,201,5,8111bc07,,,2026-07-15,2026-07-15
7339,f1d4a2a7,508,2,204,1,a040e169,,,2026-07-15,2026-07-15
7340,36a5f008,493,4,203,5,3832abbc,,,2026-07-15,2026-07-15
7341,df5d3fbb,79,3,201,2,d2599bb6,,,2026-07-15,2026-07-15
7342,ae435588,295,4,204,1,0a18e760,,,2026-07-15,2026-07-15
7343,607eac76,581,5,203,2,abeb982e,,,2026-07-15,2026-07-15
7344,a7a537b8,505,4,205,3,036ada7f,,,2026-07-15,2026-07-15
7345,871bdb62,332,5,201,1,60c38ae4,,,2026-07-15,2026-07-15
7346,b19af2e1,586,4,202,3,2c42c662,,,2026-07-15,2026-07-15
7347,a58f7864,527,7,204,5,43b89e78,,,2026-07-15,2026-07-15
7348,8872d50c,120,7,201,2,1242762d,,,2026-07-15,2026-07-15
7349,710833fa,365,2,205,1,aaa7dca8,,,2026-07-15,2026-07-15
7350,bbecae2d,206,2,204,1,6958bb49,,,2026-07-15,2026-07-15
7351,f25c4cbd,340,2,203,4,6568690c,,,2026-07-15,2026-07-15
7352,29db6f51,64,5,204,4,5e3a2195,,,2026-07-15,2026-07-15
7353,3632ec11,646,3,201,4,d8a2bbd7,,,2026-07-15,2026-07-15
7354,ded8aae0,517,5,205,1,4392286c,,,2026-07-15,2026-07-15
7355,040482fb,562,3,204,5,bd5892a8,,,2026-07-15,2026-07-15
7356,c456efb5,36,5,203,2,641c61ac,,,2026-07-15,2026-07-15
7357,bcb28912,596,7,202,2,dd410d5f,,,2026-07-15,2026-07-15
7358,94f86101,111,5,205,3,5424e422,,,2026-07-15,2026-07-15
7359,e13f13ea,114,6,205,2,b5297bc8,,,2026-07-15,2026-07-15
7360,bf2ca45b,726,4,205,4,c578c38f,,,2026-07-15,2026-07-15
7361,584b48d5,617,7,201,3,14a4c03c,,,2026-07-15,2026-07-15
7362,14dd7eab,618,6,203,4,f22bf066,,,2026-07-15,2026-07-15
7363,0e884310,172,5,201,3,021c675d,,,2026-07-15,2026-07-15
7364,edb86791,434,6,203,5,bd47b713,,,2026-07-15,2026-07-15
7365,0edbca26,254,5,201,4,bc297930,,,2026-07-15,2026-07-15
7366,9efe92b9,29,2,204,5,5424e422,,,2026-07-15,2026-07-15
7367,9d96972f,372,4,205,1,7704f92c,,,2026-07-15,2026-07-15
7368,87f88437,377,1,201,3,f7817da3,,,2026-07-15,2026-07-15
7369,98f2157f,382,4,204,3,3184736b,,,2026-07-15,2026-07-15
7370,5bc20347,469,7,204,4,57be6156,,,2026-07-15,2026-07-15
7371,5599674d,268,1,203,1,d8a2bbd7,,,2026-07-15,2026-07-15
7372,3ac14a6b,636,4,204,1,4e431688,,,2026-07-15,2026-07-15
7373,91c3894c,454,7,205,3,7a5bc5c2,,,2026-07-15,2026-07-15
7374,b6358852,351,5,204,4,f22bf066,,,2026-07-15,2026-07-15
7375,9632667c,370,7,201,5,247dccf1,,,2026-07-15,2026-07-15
7376,917173e1,498,5,201,1,7643c1ee,,,2026-07-15,2026-07-15
7377,28418e18,558,4,202,1,425b1d3d,,,2026-07-15,2026-07-15
7378,5f84c3a2,591,4,201,2,7e22a2b5,,,2026-07-15,2026-07-15
7379,6ab4d509,555,2,204,2,718406a2,,,2026-07-15,2026-07-15
7380,bd25916b,706,3,205,5,1b14dcc9,,,2026-07-15,2026-07-15
7381,587a92d2,57,3,201,5,ff079788,,,2026-07-15,2026-07-15
7382,f508b926,161,6,201,3,fc9cf0b8,,,2026-07-15,2026-07-15
7383,48f7c707,60,2,205,4,e89b35ce,,,2026-07-15,2026-07-15
7384,8fecdff5,220,3,202,2,ae18638f,,,2026-07-15,2026-07-15
7385,e1d9ac4c,548,7,202,5,289b72c4,,,2026-07-15,2026-07-15
7386,e6f012b7,60,3,205,5,e9238f3f,,,2026-07-15,2026-07-15
7387,7bc8d54f,72,2,204,3,ba285e29,,,2026-07-15,2026-07-15
7388,782563f6,391,7,201,5,860df6aa,,,2026-07-15,2026-07-15
7389,8027d9ed,232,7,201,5,dd88df46,,,2026-07-15,2026-07-15
7390,d4bb9e69,535,3,201,3,b3125078,,,2026-07-15,2026-07-15
7391,b58dd3b0,618,2,202,4,3a1572cc,,,2026-07-15,2026-07-15
7392,e9b8e9f0,260,3,203,3,3c63e5d3,,,2026-07-15,2026-07-15
7393,5304d726,301,4,201,2,895b017c,,,2026-07-15,2026-07-15
7394,708693d8,224,5,202,3,52b3375c,,,2026-07-15,2026-07-15
7395,c7fd51a5,173,6,203,5,61fab6f7,,,2026-07-15,2026-07-15
7396,851c036a,2,5,203,5,f6ab1ed5,,,2026-07-15,2026-07-15
7397,8f01605e,101,1,203,3,70bfbcda,,,2026-07-15,2026-07-15
7398,1193658b,698,2,203,1,87830e43,,,2026-07-15,2026-07-15
7399,22155b1a,465,1,201,2,5a53b8e9,,,2026-07-15,2026-07-15
7400,b5732599,417,7,205,2,4907af8c,,,2026-07-15,2026-07-15
7401,a45aedda,476,1,202,4,86613e2d,,,2026-07-15,2026-07-15
7402,184b8d98,110,6,201,2,ed4939ed,,,2026-07-15,2026-07-15
7403,d94e6696,431,4,203,5,e9238f3f,,,2026-07-15,2026-07-15
7404,bbacb672,507,3,202,2,8b319808,,,2026-07-15,2026-07-15
7405,014b2281,397,6,201,2,f0758699,,,2026-07-15,2026-07-15
7406,cfa4dc80,9,7,202,3,0fcaa55a,,,2026-07-15,2026-07-15
7407,7c739fd9,280,4,205,4,f399f8e1,,,2026-07-15,2026-07-15
7408,abe4e763,331,1,201,1,ed4939ed,,,2026-07-15,2026-07-15
7409,ea3fa242,384,3,204,1,6c4f0c4c,,,2026-07-15,2026-07-15
7410,e49d554f,85,4,202,3,2d45f6bd,,,2026-07-15,2026-07-15
7411,52154bff,194,1,204,4,4bc76ae2,,,2026-07-15,2026-07-15
7412,33c7235d,696,2,203,2,7bc42b05,,,2026-07-15,2026-07-15
7413,32890789,496,6,205,2,a71b0343,,,2026-07-15,2026-07-15
7414,33ef54ce,497,7,201,1,d88f6a7f,,,2026-07-15,2026-07-15
7415,d92ab27a,439,1,204,5,208d275a,,,2026-07-15,2026-07-15
7416,1dca4387,244,6,202,3,8d3cc46f,,,2026-07-15,2026-07-15
7417,8470b3af,123,2,203,4,ae0deda5,,,2026-07-15,2026-07-15
7418,7f5b9bb1,231,3,201,4,c4e558ad,,,2026-07-15,2026-07-15
7419,e86cf0ab,688,7,204,1,0a18e760,,,2026-07-15,2026-07-15
7420,4abc456c,400,6,204,1,dd410d5f,,,2026-07-15,2026-07-15
7421,695f4ddb,192,6,202,3,d92199d8,,,2026-07-15,2026-07-15
7422,3a57bcd3,256,3,203,4,ef5f41ce,,,2026-07-15,2026-07-15
7423,ca187561,507,5,204,3,e03caed0,,,2026-07-15,2026-07-15
7424,9f0f674c,196,4,205,3,3184736b,,,2026-07-15,2026-07-15
7425,c4e5dfdc,317,1,202,3,f033669c,,,2026-07-15,2026-07-15
7426,25e6e01b,718,5,204,3,bed1ac6c,,,2026-07-15,2026-07-15
7427,fcb82b4d,99,6,202,4,f0924da4,,,2026-07-15,2026-07-15
7428,78949f79,719,1,202,4,0d4d4804,,,2026-07-15,2026-07-15
7429,733c89de,278,7,205,3,cee867e3,,,2026-07-15,2026-07-15
7430,3ab954fb,324,7,205,5,6b3185b0,,,2026-07-15,2026-07-15
7431,1279ee21,265,7,202,1,c88f1b8d,,,2026-07-15,2026-07-15
7432,0947f0c7,625,6,202,2,95ec6e5b,,,2026-07-15,2026-07-15
7433,cdc8ec04,147,3,203,3,6b3185b0,,,2026-07-15,2026-07-15
7434,31c4b01d,567,6,202,3,2dcdeda3,,,2026-07-15,2026-07-15
7435,83afdb50,158,5,204,4,9efecf41,,,2026-07-15,2026-07-15
7436,ff224fc7,37,1,202,1,7b748fb3,,,2026-07-15,2026-07-15
7437,0cbfe624,223,3,203,4,ff079788,,,2026-07-15,2026-07-15
7438,475ae700,292,2,201,1,10f10b2b,,,2026-07-15,2026-07-15
7439,02494908,482,1,202,4,25faaa82,,,2026-07-15,2026-07-15
7440,66434736,161,7,202,5,bb9d2955,,,2026-07-15,2026-07-15
7441,094428dd,359,5,202,1,bd47b713,,,2026-07-15,2026-07-15
7442,24bc14d4,159,1,203,3,442d941c,,,2026-07-15,2026-07-15
7443,fb95333a,31,1,201,4,3110a49a,,,2026-07-15,2026-07-15
7444,e1e7cd31,445,1,205,1,8111bc07,,,2026-07-15,2026-07-15
7445,b820537b,74,5,203,2,20f9eb9c,,,2026-07-15,2026-07-15
7446,e5b23bfe,177,7,202,2,63369e6c,,,2026-07-15,2026-07-15
7447,8e05b94e,385,2,201,4,fc9cf0b8,,,2026-07-15,2026-07-15
7448,bd6a08ee,21,7,202,3,2a9b3aaa,,,2026-07-15,2026-07-15
7449,7434a9ad,32,4,205,3,56205f69,,,2026-07-15,2026-07-15
7450,62cccc2e,291,1,203,2,0fbb521a,,,2026-07-15,2026-07-15
7451,32c39f62,391,2,202,1,fe86a413,,,2026-07-15,2026-07-15
7452,3e078e37,724,4,201,3,f6ab1ed5,,,2026-07-15,2026-07-15
7453,a0cd9ecc,79,1,203,1,9ac47356,,,2026-07-15,2026-07-15
7454,3e212f3f,340,4,203,2,0d4d4804,,,2026-07-15,2026-07-15
7455,add8cd03,385,6,203,5,e89b35ce,,,2026-07-15,2026-07-15
7456,612cef89,158,7,204,4,d1cd1e4d,,,2026-07-15,2026-07-15
7457,9e540390,163,6,203,3,febfde98,,,2026-07-15,2026-07-15
7458,acdddcbc,512,1,205,4,f7817da3,,,2026-07-15,2026-07-15
7459,0fbd381d,196,7,205,5,6780333b,,,2026-07-15,2026-07-15
7460,2a910e4d,137,1,202,4,6a0cd270,,,2026-07-15,2026-07-15
7461,d0e8303b,497,7,205,1,7e1de19d,,,2026-07-15,2026-07-15
7462,cd196b19,558,4,205,1,f27bb490,,,2026-07-15,2026-07-15
7463,8db58de6,344,4,203,5,367ca016,,,2026-07-15,2026-07-15
7464,c47e97bf,461,5,205,1,ae76cc5c,,,2026-07-15,2026-07-15
7465,ad463655,152,4,203,3,15a65ae5,,,2026-07-15,2026-07-15
7466,46a7b536,116,6,202,1,c05e9193,,,2026-07-15,2026-07-15
7467,3ec1259c,107,5,202,1,74258308,,,2026-07-15,2026-07-15
7468,04174284,708,4,205,4,3a1572cc,,,2026-07-15,2026-07-15
7469,83d3dfb4,196,2,205,2,15a65ae5,,,2026-07-15,2026-07-15
7470,def6d6ad,377,1,203,3,72bc630e,,,2026-07-15,2026-07-15
7471,692de685,115,7,201,5,1d9305e2,,,2026-07-15,2026-07-15
7472,a1e38a8a,453,5,203,3,d92199d8,,,2026-07-15,2026-07-15
7473,2de204c7,12,2,205,4,036ada7f,,,2026-07-15,2026-07-15
7474,da20821d,594,6,201,4,0d4d4804,,,2026-07-15,2026-07-15
7475,af11486e,94,3,203,5,95ec6e5b,,,2026-07-15,2026-07-15
7476,3f003e06,140,4,203,4,57be6156,,,2026-07-15,2026-07-15
7477,adb6786b,581,2,202,4,a426a28e,,,2026-07-15,2026-07-15
7478,9bf62ff9,92,1,205,5,5a5bf759,,,2026-07-15,2026-07-15
7479,8879a265,21,5,204,4,6b6d0941,,,2026-07-15,2026-07-15
7480,56e101a4,32,5,205,5,4c309170,,,2026-07-15,2026-07-15
7481,43360f2d,727,1,202,5,4d5e252e,,,2026-07-15,2026-07-15
7482,2b78826a,529,6,201,3,8a51bc70,,,2026-07-15,2026-07-15
7483,e7eee483,671,4,203,3,3f26afe9,,,2026-07-15,2026-07-15
7484,38d9d2a5,246,4,201,3,346c1416,,,2026-07-15,2026-07-15
7485,5285b286,430,3,201,2,72bc630e,,,2026-07-15,2026-07-15
7486,82f05cbc,499,1,203,5,9efecf41,,,2026-07-15,2026-07-15
7487,711a229c,80,6,205,3,8b414a94,,,2026-07-15,2026-07-15
7488,4f777f6f,646,2,205,5,5482a297,,,2026-07-15,2026-07-15
7489,9d4b98be,163,3,202,5,1242762d,,,2026-07-15,2026-07-15
7490,e5864712,73,4,205,2,fb5ef791,,,2026-07-15,2026-07-15
7491,86304069,564,4,202,2,5482a297,,,2026-07-15,2026-07-15
7492,0c25b8d4,641,2,202,3,367ca016,,,2026-07-15,2026-07-15
7493,74540354,524,1,205,5,a426a28e,,,2026-07-15,2026-07-15
7494,2e7ea485,36,2,202,3,5dff7cb7,,,2026-07-15,2026-07-15
7495,393b4ecc,420,1,203,5,5a53b8e9,,,2026-07-15,2026-07-15
7496,6ceb7a01,278,4,205,3,c475f6fc,,,2026-07-15,2026-07-15
7497,55c8d11a,35,5,205,4,fdb588e8,,,2026-07-15,2026-07-15
7498,4c8de218,14,1,203,5,60c38ae4,,,2026-07-15,2026-07-15
7499,c0689df1,43,5,205,2,1b14dcc9,,,2026-07-15,2026-07-15
7500,485c9baf,585,6,201,5,52b3375c,,,2026-07-15,2026-07-15
7501,d4327ee4,307,4,202,1,dfcfee6c,,,2026-07-15,2026-07-15
7502,5b503fd0,170,2,204,1,750687ab,,,2026-07-15,2026-07-15
7503,dee4e86e,250,6,201,3,d1cd1e4d,,,2026-07-15,2026-07-15
7504,05edc60e,345,3,201,2,c84a0390,,,2026-07-15,2026-07-15
7505,ce573f1b,453,6,202,1,b4ca029a,,,2026-07-15,2026-07-15
7506,adb2df58,492,3,203,5,4bc76ae2,,,2026-07-15,2026-07-15
7507,8b831544,147,5,202,3,ddaa1bf9,,,2026-07-15,2026-07-15
7508,2bc5b665,710,5,204,1,e5d0ffbb,,,2026-07-15,2026-07-15
7509,c13978bc,430,1,201,3,b68bef7e,,,2026-07-15,2026-07-15
7510,2ec5d2bf,422,3,203,3,f0758699,,,2026-07-15,2026-07-15
7511,260b729b,535,1,201,2,0cfefde4,,,2026-07-15,2026-07-15
7512,de2a40eb,619,6,205,1,a0d8ebba,,,2026-07-15,2026-07-15
7513,5cbdeab2,59,7,202,3,a84540d1,,,2026-07-15,2026-07-15
7514,b70f9eef,70,3,204,4,b115a948,,,2026-07-15,2026-07-15
7515,949ea876,86,6,205,4,60c38ae4,,,2026-07-15,2026-07-15
7516,e6a3eb93,543,4,202,2,b4ca029a,,,2026-07-15,2026-07-15
7517,6fea682b,386,1,205,2,52b3375c,,,2026-07-15,2026-07-15
7518,a80db135,438,5,203,1,750687ab,,,2026-07-15,2026-07-15
7519,c5450a31,138,4,202,1,38daf3c5,,,2026-07-15,2026-07-15
7520,39e3bd23,24,3,204,1,6ef9ace3,,,2026-07-15,2026-07-15
7521,e2c8703b,198,2,202,4,a4e3426c,,,2026-07-15,2026-07-15
7522,dc12783f,264,7,202,2,e5d0ffbb,,,2026-07-15,2026-07-15
7523,d1c485c3,159,2,203,5,fdb588e8,,,2026-07-15,2026-07-15
7524,1da5065f,664,5,202,1,852032b7,,,2026-07-15,2026-07-15
7525,28bfc788,679,3,204,3,cb8ec133,,,2026-07-15,2026-07-15
7526,c49bbaa9,265,2,202,5,df92d410,,,2026-07-15,2026-07-15
7527,af0cf504,375,6,203,5,3929633d,,,2026-07-15,2026-07-15
7528,147b04d4,381,5,202,2,ada44e5b,,,2026-07-15,2026-07-15
7529,81e5b437,313,5,201,5,4bc76ae2,,,2026-07-15,2026-07-15
7530,fba3cef1,347,7,202,2,dd410d5f,,,2026-07-15,2026-07-15
7531,ca864303,51,3,203,5,b427b66b,,,2026-07-15,2026-07-15
7532,fa2374b2,674,5,202,4,ed90a296,,,2026-07-15,2026-07-15
7533,9049ddcb,531,2,205,1,c84a0390,,,2026-07-15,2026-07-15
7534,57a81785,214,4,204,2,aaa7dca8,,,2026-07-15,2026-07-15
7535,ff8be604,418,3,201,2,a5d658b7,,,2026-07-15,2026-07-15
7536,adf028d7,428,3,205,5,2f730975,,,2026-07-15,2026-07-15
7537,b08425f2,139,6,205,2,0d484e5f,,,2026-07-15,2026-07-15
7538,88fbc3a0,177,2,201,3,61fab6f7,,,2026-07-15,2026-07-15
7539,e4b70a09,693,3,203,3,f2fc7978,,,2026-07-15,2026-07-15
7540,b3e6b45e,196,7,201,4,0b6ae467,,,2026-07-15,2026-07-15
7541,85d2d539,511,7,205,2,f0924da4,,,2026-07-15,2026-07-15
7542,131abfd4,391,1,201,1,0a18e760,,,2026-07-15,2026-07-15
7543,2b6b88bc,107,7,203,1,3184736b,,,2026-07-15,2026-07-15
7544,0b54c478,574,1,204,5,b7effad0,,,2026-07-15,2026-07-15
7545,d9af463f,122,6,202,1,c1b30594,,,2026-07-15,2026-07-15
7546,06b98709,390,4,201,3,c4993de9,,,2026-07-15,2026-07-15
7547,2167bc67,160,4,203,1,6780333b,,,2026-07-15,2026-07-15
7548,d719609b,690,4,203,5,ca496ce9,,,2026-07-15,2026-07-15
7549,f5461d3c,275,1,202,4,57be6156,,,2026-07-15,2026-07-15
7550,2f784315,238,2,203,5,92f2fd13,,,2026-07-15,2026-07-15
7551,6b031bf2,365,2,204,2,a040e169,,,2026-07-15,2026-07-15
7552,35c3d069,334,3,205,3,cee867e3,,,2026-07-15,2026-07-15
7553,d5d16699,160,1,203,4,4c309170,,,2026-07-15,2026-07-15
7554,1aa465b5,90,7,201,3,3a1572cc,,,2026-07-15,2026-07-15
7555,400932bd,334,7,202,1,827ac471,,,2026-07-15,2026-07-15
7556,a3727b38,208,3,204,2,247dccf1,,,2026-07-15,2026-07-15
7557,2be4d567,33,4,204,1,19a61dd4,,,2026-07-15,2026-07-15
7558,1791ce77,395,6,203,2,9dd48364,,,2026-07-15,2026-07-15
7559,098ed286,533,4,203,3,f18b66c1,,,2026-07-15,2026-07-15
7560,2484c343,139,7,202,5,e89b35ce,,,2026-07-15,2026-07-15
7561,28b4f072,35,7,205,1,4db20d32,,,2026-07-15,2026-07-15
7562,d7a2c968,174,3,201,5,2b2175cd,,,2026-07-15,2026-07-15
7563,83dc60f0,307,3,202,5,208d275a,,,2026-07-15,2026-07-15
7564,144e8d1b,274,3,204,4,56205f69,,,2026-07-15,2026-07-15
7565,c45fff8b,123,3,204,2,77c6d634,,,2026-07-15,2026-07-15
7566,2c0385db,310,5,205,5,f033669c,,,2026-07-15,2026-07-15
7567,7cd408c3,391,6,204,4,56205f69,,,2026-07-15,2026-07-15
7568,9ca5e2e4,517,6,205,3,b755ebae,,,2026-07-15,2026-07-15
7569,1922e5b0,72,7,201,4,5e91ed7b,,,2026-07-15,2026-07-15
7570,205c7ad7,293,3,202,5,4c309170,,,2026-07-15,2026-07-15
7571,04024e1a,475,2,203,3,d9c08140,,,2026-07-15,2026-07-15
7572,a6e88b5c,451,2,203,4,d1cd1e4d,,,2026-07-15,2026-07-15
7573,8e8f3303,305,6,205,2,4e431688,,,2026-07-15,2026-07-15
7574,ff6df733,30,7,204,5,3d6a9dc8,,,2026-07-15,2026-07-15
7575,90a1ac62,696,3,204,2,8b414a94,,,2026-07-15,2026-07-15
7576,63847e0c,160,6,204,3,ac2c30bf,,,2026-07-15,2026-07-15
7577,0beb1ece,85,2,203,1,d92199d8,,,2026-07-15,2026-07-15
7578,c8218a94,726,6,203,1,3f09714a,,,2026-07-15,2026-07-15
7579,0349d9cc,55,1,202,1,ae18638f,,,2026-07-15,2026-07-15
7580,0da49d1f,721,3,203,4,3832abbc,,,2026-07-15,2026-07-15
7581,d6c1fc6c,405,3,202,1,e0d2a5f3,,,2026-07-15,2026-07-15
7582,ba461903,203,3,201,4,cd901af9,,,2026-07-15,2026-07-15
7583,226cca49,622,1,201,4,c4cdb41c,,,2026-07-15,2026-07-15
7584,983e757b,419,1,202,1,315f550b,,,2026-07-15,2026-07-15
7585,6019c4f8,123,3,203,5,465c1c13,,,2026-07-15,2026-07-15
7586,29c5403f,503,4,201,1,247dccf1,,,2026-07-15,2026-07-15
7587,9da1d5ae,345,4,201,4,5482a297,,,2026-07-15,2026-07-15
7588,bc689566,76,4,203,2,ed4939ed,,,2026-07-15,2026-07-15
7589,06a46444,323,7,201,4,56205f69,,,2026-07-15,2026-07-15
7590,fe5f89b6,142,5,203,1,45c95088,,,2026-07-15,2026-07-15
7591,63af0d3d,59,3,203,5,28741ecd,,,2026-07-15,2026-07-15
7592,e17d40a7,233,5,203,5,4907af8c,,,2026-07-15,2026-07-15
7593,45bda548,535,1,204,3,367ca016,,,2026-07-15,2026-07-15
7594,b5da57b6,370,6,202,1,9efecf41,,,2026-07-15,2026-07-15
7595,82c4b751,252,7,205,1,2a9b3aaa,,,2026-07-15,2026-07-15
7596,db9f99fc,355,6,204,3,4739f6d9,,,2026-07-15,2026-07-15
7597,8de6a6d0,164,2,204,5,57be6156,,,2026-07-15,2026-07-15
7598,000c5691,18,2,205,4,4943c5d9,,,2026-07-15,2026-07-15
7599,d359b358,529,3,202,3,b5297bc8,,,2026-07-15,2026-07-15
7600,b65915c1,332,1,205,1,aefc1727,,,2026-07-15,2026-07-15
7601,3d357804,452,4,202,3,6f2a321a,,,2026-07-15,2026-07-15
7602,c3b5d36d,608,6,202,2,205742d2,,,2026-07-15,2026-07-15
7603,ebd83fbf,433,6,204,5,719fa89e,,,2026-07-15,2026-07-15
7604,66bc4da6,397,5,205,2,487a1dd7,,,2026-07-15,2026-07-15
7605,a4e26bba,511,6,204,4,f169683e,,,2026-07-15,2026-07-15
7606,d208a0bd,322,3,203,2,2dcdeda3,,,2026-07-15,2026-07-15
7607,3afb0ea5,588,2,202,1,6601ea7f,,,2026-07-15,2026-07-15
7608,336c28a1,426,5,203,5,b244f9d6,,,2026-07-15,2026-07-15
7609,230338a0,584,1,202,4,1e59121b,,,2026-07-15,2026-07-15
7610,ce18973f,95,6,204,2,8d3cc46f,,,2026-07-15,2026-07-15
7611,2c1c0699,151,3,201,4,0fcaa55a,,,2026-07-15,2026-07-15
7612,f1f2d050,301,6,204,4,5482a297,,,2026-07-15,2026-07-15
7613,c03434f9,433,5,201,2,4799194e,,,2026-07-15,2026-07-15
7614,85828b94,644,1,203,1,ac2c30bf,,,2026-07-15,2026-07-15
7615,a1f00763,151,5,203,2,dd3198d1,,,2026-07-15,2026-07-15
7616,9e1a886f,24,7,203,1,bd47b713,,,2026-07-15,2026-07-15
7617,f51d1da0,433,7,202,5,c05e9193,,,2026-07-15,2026-07-15
7618,a0e3efc6,24,1,204,4,f22bf066,,,2026-07-15,2026-07-15
7619,a085b888,216,1,204,1,1242762d,,,2026-07-15,2026-07-15
7620,aeef5402,377,6,203,2,50987e86,,,2026-07-15,2026-07-15
7621,556f1fc2,500,4,202,3,a426a28e,,,2026-07-15,2026-07-15
7622,222c28a0,536,3,204,4,434c2454,,,2026-07-15,2026-07-15
7623,b32170ff,456,2,201,5,df92d410,,,2026-07-15,2026-07-15
7624,b48327ee,331,1,204,2,3f491b77,,,2026-07-15,2026-07-15
7625,eeea245e,536,5,204,5,10f10b2b,,,2026-07-15,2026-07-15
7626,93547351,31,1,203,1,b7effad0,,,2026-07-15,2026-07-15
7627,2eec7e1d,443,6,205,2,aefc1727,,,2026-07-15,2026-07-15
7628,4bf30c6b,511,2,205,2,7704f92c,,,2026-07-15,2026-07-15
7629,cc68513b,95,2,201,1,852032b7,,,2026-07-15,2026-07-15
7630,fa548129,211,4,204,1,8ad52b25,,,2026-07-15,2026-07-15
7631,4545ad62,124,3,202,5,72b21457,,,2026-07-15,2026-07-15
7632,378cb07c,374,4,204,5,50987e86,,,2026-07-15,2026-07-15
7633,1ee6687e,536,5,204,3,fa578b09,,,2026-07-15,2026-07-15
7634,0b6af61e,504,6,202,2,cc9f65a9,,,2026-07-15,2026-07-15
7635,aa450730,460,7,204,1,ae76cc5c,,,2026-07-15,2026-07-15
7636,cf5fea8f,390,4,203,5,45592551,,,2026-07-15,2026-07-15
7637,82b4a34e,146,2,205,5,205742d2,,,2026-07-15,2026-07-15
7638,cf67400e,277,5,201,5,3c63e5d3,,,2026-07-15,2026-07-15
7639,20df3db1,408,2,203,3,ccde9baa,,,2026-07-15,2026-07-15
7640,96979fd6,329,4,205,4,9e7dae2e,,,2026-07-15,2026-07-15
7641,54b7955b,727,1,201,4,77c6d634,,,2026-07-15,2026-07-15
7642,b31b7ffa,491,3,203,2,c475f6fc,,,2026-07-15,2026-07-15
7643,18a0d9db,280,4,201,3,df92d410,,,2026-07-15,2026-07-15
7644,913413a4,195,1,204,5,a426a28e,,,2026-07-15,2026-07-15
7645,cdfb35b9,233,4,205,5,bd5892a8,,,2026-07-15,2026-07-15
7646,1a621cb8,391,2,203,4,ada44e5b,,,2026-07-15,2026-07-15
7647,8e95982c,518,4,205,4,ac2c30bf,,,2026-07-15,2026-07-15
7648,0b7079ba,473,4,201,3,c475f6fc,,,2026-07-15,2026-07-15
7649,9f1cd8bf,565,2,201,1,aefc1727,,,2026-07-15,2026-07-15
7650,254e02d8,138,2,201,2,49fdea5f,,,2026-07-15,2026-07-15
7651,c3d4baec,338,4,203,3,367ca016,,,2026-07-15,2026-07-15
7652,f044a64c,504,5,205,4,c1b30594,,,2026-07-15,2026-07-15
7653,0167b09e,243,6,204,4,b7effad0,,,2026-07-15,2026-07-15
7654,55116259,39,3,204,1,247dccf1,,,2026-07-15,2026-07-15
7655,55854d88,95,2,201,5,77c6d634,,,2026-07-15,2026-07-15
7656,67620022,164,2,205,3,95ec6e5b,,,2026-07-15,2026-07-15
7657,fd6c8ce2,599,2,202,4,35acd685,,,2026-07-15,2026-07-15
7658,6873e942,50,3,202,5,548dc0b3,,,2026-07-15,2026-07-15
7659,25f6083b,502,2,202,1,9349d295,,,2026-07-15,2026-07-15
7660,6cae5388,257,1,205,2,8b414a94,,,2026-07-15,2026-07-15
7661,e645a434,19,5,201,2,3d657bb9,,,2026-07-15,2026-07-15
7662,bea1ff0e,92,7,204,1,f27bb490,,,2026-07-15,2026-07-15
7663,1f36004c,383,3,201,1,3832abbc,,,2026-07-15,2026-07-15
7664,b7ce9106,242,6,203,4,69b06aa6,,,2026-07-15,2026-07-15
7665,2164167b,703,7,205,2,3973c30a,,,2026-07-15,2026-07-15
7666,d1766965,77,2,205,5,41087c74,,,2026-07-15,2026-07-15
7667,8fea4b90,332,2,204,5,89eec31c,,,2026-07-15,2026-07-15
7668,9f06652b,337,3,203,3,70bfbcda,,,2026-07-15,2026-07-15
7669,8be41667,197,4,203,4,50641c23,,,2026-07-15,2026-07-15
7670,622e0434,57,6,204,3,4e431688,,,2026-07-15,2026-07-15
7671,aab0f073,503,6,205,5,57221ec9,,,2026-07-15,2026-07-15
7672,8afb0959,699,6,205,2,57be6156,,,2026-07-15,2026-07-15
7673,4d91dfc2,675,1,203,5,63baf574,,,2026-07-15,2026-07-15
7674,077df0f6,169,4,203,1,b755ebae,,,2026-07-15,2026-07-15
7675,aed1dc00,516,3,201,2,1e4cea7e,,,2026-07-15,2026-07-15
7676,422b5fe8,305,4,204,4,45c95088,,,2026-07-15,2026-07-15
7677,7a74f185,202,4,205,3,43cbe6fa,,,2026-07-15,2026-07-15
7678,f6fdee4d,390,7,205,3,d8b06558,,,2026-07-15,2026-07-15
7679,64235926,300,6,204,2,cb8ec133,,,2026-07-15,2026-07-15
7680,5c70b867,114,4,202,5,96379792,,,2026-07-15,2026-07-15
7681,5044547b,237,5,204,4,c84a0390,,,2026-07-15,2026-07-15
7682,8972d8c8,648,5,201,4,2c42c662,,,2026-07-15,2026-07-15
7683,71060a04,190,6,201,4,fb87e33d,,,2026-07-15,2026-07-15
7684,f8c74163,448,2,205,4,f18b66c1,,,2026-07-15,2026-07-15
7685,556a7b6d,726,5,202,5,11f3df17,,,2026-07-15,2026-07-15
7686,7ad43a53,430,3,205,1,6ee48559,,,2026-07-15,2026-07-15
7687,6f82a125,138,6,201,1,0fbb521a,,,2026-07-15,2026-07-15
7688,7948e550,105,4,205,1,6e76c557,,,2026-07-15,2026-07-15
7689,999c0f8b,198,5,204,5,6601ea7f,,,2026-07-15,2026-07-15
7690,12d36702,83,2,203,5,036ada7f,,,2026-07-15,2026-07-15
7691,9fef1673,394,1,201,2,68f3c4e5,,,2026-07-15,2026-07-15
7692,49ab5092,223,2,202,2,a638b4b0,,,2026-07-15,2026-07-15
7693,590d8bbe,198,7,203,3,43b89e78,,,2026-07-15,2026-07-15
7694,3a9871fb,394,4,201,5,2c760828,,,2026-07-15,2026-07-15
7695,e8f8cf0c,18,3,201,2,45592551,,,2026-07-15,2026-07-15
7696,2ac69f4e,572,6,205,4,d92199d8,,,2026-07-15,2026-07-15
7697,1cd65af8,187,7,201,5,895b017c,,,2026-07-15,2026-07-15
7698,cd79bc2e,371,2,205,1,6b71e7b7,,,2026-07-15,2026-07-15
7699,3b8b1209,362,5,201,1,315f550b,,,2026-07-15,2026-07-15
7700,55de33bf,665,2,203,4,f22bf066,,,2026-07-15,2026-07-15
7701,98a3b155,405,7,204,1,ed4939ed,,,2026-07-15,2026-07-15
7702,eb478826,504,5,204,1,208d275a,,,2026-07-15,2026-07-15
7703,066d6e44,146,4,205,2,c05e9193,,,2026-07-15,2026-07-15
7704,e084a4fd,149,7,201,3,9e7dae2e,,,2026-07-15,2026-07-15
7705,3bebd3a3,104,3,205,4,a71b0343,,,2026-07-15,2026-07-15
7706,fbb5efff,446,2,202,1,fc9cf0b8,,,2026-07-15,2026-07-15
7707,213851f4,26,4,204,1,95f70b4e,,,2026-07-15,2026-07-15
7708,8ef22d3b,31,7,202,3,6b71e7b7,,,2026-07-15,2026-07-15
7709,3293e07d,84,2,205,4,b3125078,,,2026-07-15,2026-07-15
7710,e12e7b94,124,5,205,1,e75bb09b,,,2026-07-15,2026-07-15
7711,26402963,187,1,201,1,3d657bb9,,,2026-07-15,2026-07-15
7712,3a77c3a8,199,3,203,4,95f70b4e,,,2026-07-15,2026-07-15
7713,8f80203a,92,1,202,4,4799194e,,,2026-07-15,2026-07-15
7714,32b31fb2,213,2,202,5,3c63e5d3,,,2026-07-15,2026-07-15
7715,a9fa6fbd,213,4,204,5,bde42cc1,,,2026-07-15,2026-07-15
7716,d8a9c6b5,146,7,203,1,2d45f6bd,,,2026-07-15,2026-07-15
7717,367a9696,489,2,205,3,50641c23,,,2026-07-15,2026-07-15
7718,594a0b78,349,3,201,1,aaa7dca8,,,2026-07-15,2026-07-15
7719,bc2f7cad,552,1,203,2,c6934f84,,,2026-07-15,2026-07-15
7720,255a0cf1,449,3,201,1,852032b7,,,2026-07-15,2026-07-15
7721,a774bd0e,686,5,205,5,cb8ec133,,,2026-07-15,2026-07-15
7722,ebc75add,233,4,204,5,e0e8c2a1,,,2026-07-15,2026-07-15
7723,ef30bf9b,403,5,204,3,f2fc7978,,,2026-07-15,2026-07-15
7724,36564f77,238,1,202,4,febfde98,,,2026-07-15,2026-07-15
7725,3c4d801d,337,4,205,1,ef5f41ce,,,2026-07-15,2026-07-15
7726,b67e9656,292,4,202,4,50987e86,,,2026-07-15,2026-07-15
7727,797814d9,358,1,204,5,72b21457,,,2026-07-15,2026-07-15
7728,da3ef1fb,222,1,202,4,6e76c557,,,2026-07-15,2026-07-15
7729,7ae3b3af,487,3,205,3,1aaa9d3a,,,2026-07-15,2026-07-15
7730,e4b00848,57,7,203,4,aaa7dca8,,,2026-07-15,2026-07-15
7731,110a8521,620,4,205,2,4db20d32,,,2026-07-15,2026-07-15
7732,8ff305d2,352,1,202,2,2a9b3aaa,,,2026-07-15,2026-07-15
7733,66e3c243,293,1,203,3,2f730975,,,2026-07-15,2026-07-15
7734,7a0f1105,306,1,205,5,3a1572cc,,,2026-07-15,2026-07-15
7735,23f84da0,87,6,204,3,d9c08140,,,2026-07-15,2026-07-15
7736,44f31b23,378,1,201,5,41087c74,,,2026-07-15,2026-07-15
7737,b2c5a352,433,6,203,4,86613e2d,,,2026-07-15,2026-07-15
7738,91a3964a,339,1,202,3,99fed753,,,2026-07-15,2026-07-15
7739,0ca5122d,692,5,205,2,de084e17,,,2026-07-15,2026-07-15
7740,575459a6,210,6,201,1,49fdea5f,,,2026-07-15,2026-07-15
7741,6573189c,702,1,201,2,0a18e760,,,2026-07-15,2026-07-15
7742,b99ccbca,675,4,201,3,ac2c30bf,,,2026-07-15,2026-07-15
7743,51851043,110,6,201,3,11f3df17,,,2026-07-15,2026-07-15
7744,d96eaf15,213,1,205,4,f27a730c,,,2026-07-15,2026-07-15
7745,2d308a07,221,3,202,5,3f26afe9,,,2026-07-15,2026-07-15
7746,6f258707,697,5,201,3,e0d2a5f3,,,2026-07-15,2026-07-15
7747,6ce715c5,16,4,203,5,7e22a2b5,,,2026-07-15,2026-07-15
7748,ef0e9021,703,1,205,2,dfcfee6c,,,2026-07-15,2026-07-15
7749,f9a2abff,28,7,204,2,66299238,,,2026-07-15,2026-07-15
7750,0f6c46ce,604,4,204,4,69b06aa6,,,2026-07-15,2026-07-15
7751,7fd87bf3,261,1,202,2,fe86a413,,,2026-07-15,2026-07-15
7752,9e7aae6b,320,7,201,5,61fab6f7,,,2026-07-15,2026-07-15
7753,6cf74755,135,6,205,5,43b89e78,,,2026-07-15,2026-07-15
7754,7b2ace0d,726,6,201,4,1e6e7fcd,,,2026-07-15,2026-07-15
7755,f28c0c06,680,7,205,3,df28e3f0,,,2026-07-15,2026-07-15
7756,742cc674,519,4,204,4,f27a730c,,,2026-07-15,2026-07-15
7757,d0c06664,153,1,201,5,e9238f3f,,,2026-07-15,2026-07-15
7758,97a74cc0,129,3,204,3,f6ab1ed5,,,2026-07-15,2026-07-15
7759,2f788e66,20,3,203,1,ae18638f,,,2026-07-15,2026-07-15
7760,eae0c783,502,5,203,3,641c61ac,,,2026-07-15,2026-07-15
7761,f8089909,103,5,203,1,5a5bf759,,,2026-07-15,2026-07-15
7762,75fd4e7b,287,3,201,3,fe86a413,,,2026-07-15,2026-07-15
7763,87954442,354,5,204,4,41087c74,,,2026-07-15,2026-07-15
7764,7675f1af,240,2,203,4,91a6c884,,,2026-07-15,2026-07-15
7765,e4bef698,146,1,201,2,1e59121b,,,2026-07-15,2026-07-15
7766,fbef03bf,618,6,203,1,4e431688,,,2026-07-15,2026-07-15
7767,2df418be,700,5,205,3,367ca016,,,2026-07-15,2026-07-15
7768,ce3ede5b,538,5,204,4,6f28469e,,,2026-07-15,2026-07-15
7769,75a82734,396,2,203,1,ae76cc5c,,,2026-07-15,2026-07-15
7770,33285e7d,124,7,201,2,cee867e3,,,2026-07-15,2026-07-15
7771,0628b35b,240,4,202,4,c3a6c571,,,2026-07-15,2026-07-15
7772,a9e86070,138,4,201,4,d8a2bbd7,,,2026-07-15,2026-07-15
7773,fcdc9218,163,6,203,1,8125c6f0,,,2026-07-15,2026-07-15
7774,e957e47e,366,4,204,3,58954ba4,,,2026-07-15,2026-07-15
7775,a1fa2c29,115,3,203,1,c7ead2cc,,,2026-07-15,2026-07-15
7776,894052c6,703,6,203,4,a8a7db6d,,,2026-07-15,2026-07-15
7777,da6cce58,520,7,205,1,91c9bcd7,,,2026-07-15,2026-07-15
7778,e053f1a9,218,2,205,5,b5297bc8,,,2026-07-15,2026-07-15
7779,e4cd5e1b,688,4,204,4,febfde98,,,2026-07-15,2026-07-15
7780,06ad706b,392,6,205,5,50987e86,,,2026-07-15,2026-07-15
7781,e5104c12,345,3,203,3,9dd48364,,,2026-07-15,2026-07-15
7782,1b334b6a,463,1,205,4,df28e3f0,,,2026-07-15,2026-07-15
7783,554cc20a,73,4,201,5,b3125078,,,2026-07-15,2026-07-15
7784,581d288e,691,6,203,4,f7817da3,,,2026-07-15,2026-07-15
7785,fdc95857,552,7,204,2,dd88df46,,,2026-07-15,2026-07-15
7786,c2622ce3,427,4,204,4,f27a730c,,,2026-07-15,2026-07-15
7787,0dd31f0d,611,3,201,1,b4065ef4,,,2026-07-15,2026-07-15
7788,3e9d313d,286,5,204,1,6ef9ace3,,,2026-07-15,2026-07-15
7789,48b18b44,245,3,204,1,e52f5ed8,,,2026-07-15,2026-07-15
7790,bdf4c08a,559,3,202,3,45592551,,,2026-07-15,2026-07-15
7791,69680a3f,266,2,204,1,aaa7dca8,,,2026-07-15,2026-07-15
7792,9eaebf12,702,6,202,4,425b1d3d,,,2026-07-15,2026-07-15
7793,f1daecfc,362,6,204,3,e1e17a72,,,2026-07-15,2026-07-15
7794,4d6e0af9,384,4,204,5,289b72c4,,,2026-07-15,2026-07-15
7795,b085f0ce,725,5,204,1,482ffe65,,,2026-07-15,2026-07-15
7796,bd0d8024,39,7,204,3,852032b7,,,2026-07-15,2026-07-15
7797,26341c96,249,5,205,2,13a46227,,,2026-07-15,2026-07-15
7798,4da696e9,508,1,202,4,a8a7db6d,,,2026-07-15,2026-07-15
7799,758cc09c,620,2,204,3,3e66160b,,,2026-07-15,2026-07-15
7800,30752f76,81,7,202,2,df28e3f0,,,2026-07-15,2026-07-15
7801,67ae9a17,263,5,204,3,01974f0f,,,2026-07-15,2026-07-15
7802,5694ac87,668,6,202,5,15a65ae5,,,2026-07-15,2026-07-15
7803,313fb37f,596,5,205,1,0d484e5f,,,2026-07-15,2026-07-15
7804,c0ff1c01,413,5,201,3,1e6e7fcd,,,2026-07-15,2026-07-15
7805,3eec1dcc,256,2,203,4,43cbe6fa,,,2026-07-15,2026-07-15
7806,f517f527,495,1,201,1,b7effad0,,,2026-07-15,2026-07-15
7807,c345c092,518,4,201,1,082d21de,,,2026-07-15,2026-07-15
7808,8b7216e3,39,3,203,1,18d773af,,,2026-07-15,2026-07-15
7809,c81b0d46,416,1,201,1,a008a294,,,2026-07-15,2026-07-15
7810,554dbb8a,211,3,201,4,a84540d1,,,2026-07-15,2026-07-15
7811,8052df41,51,1,205,2,bb9d2955,,,2026-07-15,2026-07-15
7812,872707f4,583,7,205,1,2e179883,,,2026-07-15,2026-07-15
7813,5659bd97,655,7,204,5,c4cdb41c,,,2026-07-15,2026-07-15
7814,b0b4556d,267,2,201,5,315f550b,,,2026-07-15,2026-07-15
7815,abb0321f,253,2,204,2,aefc1727,,,2026-07-15,2026-07-15
7816,1fc0a8fa,624,5,205,5,6b3185b0,,,2026-07-15,2026-07-15
7817,22b0cbe9,429,4,201,4,1f937553,,,2026-07-15,2026-07-15
7818,5260c9b1,459,7,201,5,e1e17a72,,,2026-07-15,2026-07-15
7819,893ae549,617,6,205,2,4aeffd09,,,2026-07-15,2026-07-15
7820,692d3c6a,87,3,201,4,a040e169,,,2026-07-15,2026-07-15
7821,b4ca840d,191,1,202,4,ed90a296,,,2026-07-15,2026-07-15
7822,2c7ead9d,431,3,203,1,ff142568,,,2026-07-15,2026-07-15
7823,b88a25c2,386,4,204,2,f169683e,,,2026-07-15,2026-07-15
7824,4a1a886e,434,4,201,1,4739f6d9,,,2026-07-15,2026-07-15
7825,c3b22760,671,5,201,2,1242762d,,,2026-07-15,2026-07-15
7826,f084454b,242,7,201,2,f12d0983,,,2026-07-15,2026-07-15
7827,67da0af2,713,7,203,5,32029984,,,2026-07-15,2026-07-15
7828,b5372f32,492,3,205,3,19a61dd4,,,2026-07-15,2026-07-15
7829,3d55131a,190,2,201,3,7643c1ee,,,2026-07-15,2026-07-15
7830,8931a515,657,7,201,3,c88f1b8d,,,2026-07-15,2026-07-15
7831,b52a5dde,449,5,202,4,1aaa9d3a,,,2026-07-15,2026-07-15
7832,c1423908,592,1,204,2,52b3375c,,,2026-07-15,2026-07-15
7833,20115d8b,711,2,201,1,e224a8c6,,,2026-07-15,2026-07-15
7834,3a9943a1,171,3,203,1,01974f0f,,,2026-07-15,2026-07-15
7835,1e1c6ace,469,6,202,2,8a51bc70,,,2026-07-15,2026-07-15
7836,1d0c86e9,359,6,205,4,ae0deda5,,,2026-07-15,2026-07-15
7837,6f608e52,126,2,204,3,5482a297,,,2026-07-15,2026-07-15
7838,a0806b09,19,1,202,3,2c42c662,,,2026-07-15,2026-07-15
7839,91f8b372,183,7,203,5,8125c6f0,,,2026-07-15,2026-07-15
7840,d0774323,699,5,205,1,ed90a296,,,2026-07-15,2026-07-15
7841,3f26acb9,697,7,201,5,6f2a321a,,,2026-07-15,2026-07-15
7842,048b3d28,205,2,201,3,f18b66c1,,,2026-07-15,2026-07-15
7843,947ff41e,147,2,203,1,49fdea5f,,,2026-07-15,2026-07-15
7844,43227ebe,208,2,204,3,c7ead2cc,,,2026-07-15,2026-07-15
7845,674ca239,464,3,205,2,7a5bc5c2,,,2026-07-15,2026-07-15
7846,0f0480a3,158,4,205,4,52b3375c,,,2026-07-15,2026-07-15
7847,35cfdc97,131,7,205,4,f7817da3,,,2026-07-15,2026-07-15
7848,6c933e97,533,6,202,4,628a4d89,,,2026-07-15,2026-07-15
7849,baab15b3,239,1,203,5,61fab6f7,,,2026-07-15,2026-07-15
7850,c65af171,178,6,203,2,87830e43,,,2026-07-15,2026-07-15
7851,7bc8f4ea,60,1,203,3,0fbb521a,,,2026-07-15,2026-07-15
7852,a8c28533,247,7,204,4,2d45f6bd,,,2026-07-15,2026-07-15
7853,470f5df0,313,2,203,5,91c9bcd7,,,2026-07-15,2026-07-15
7854,baf0bb7f,257,6,201,3,9e7dae2e,,,2026-07-15,2026-07-15
7855,5cf16f1a,462,6,205,5,bed1ac6c,,,2026-07-15,2026-07-15
7856,5b2aab02,80,7,202,2,487a1dd7,,,2026-07-15,2026-07-15
7857,d3595b9b,163,2,203,1,434c2454,,,2026-07-15,2026-07-15
7858,253b0b4b,502,6,203,5,ee98f97e,,,2026-07-15,2026-07-15
7859,0d039bbb,152,3,203,2,e03caed0,,,2026-07-15,2026-07-15
7860,b5c37b84,414,2,202,1,43b89e78,,,2026-07-15,2026-07-15
7861,37f8f95b,526,5,202,2,27c530c5,,,2026-07-15,2026-07-15
7862,ab368ddb,631,2,201,3,91c9bcd7,,,2026-07-15,2026-07-15
7863,f587f17d,280,6,201,2,ccde9baa,,,2026-07-15,2026-07-15
7864,4c8ebf9e,336,4,203,2,f6ab1ed5,,,2026-07-15,2026-07-15
7865,a8d0cd60,517,2,201,3,628a4d89,,,2026-07-15,2026-07-15
7866,4436f14c,7,4,203,2,cd901af9,,,2026-07-15,2026-07-15
7867,c8c94cb1,692,5,204,1,bb9d2955,,,2026-07-15,2026-07-15
7868,aa228472,563,2,202,1,7bc42b05,,,2026-07-15,2026-07-15
7869,ce561f89,669,4,201,4,28741ecd,,,2026-07-15,2026-07-15
7870,b84aece5,3,2,203,2,aece207c,,,2026-07-15,2026-07-15
7871,5d1d863e,240,3,205,4,cedf6f69,,,2026-07-15,2026-07-15
7872,6eb4faf7,536,3,203,3,5e3a2195,,,2026-07-15,2026-07-15
7873,d0eef01a,95,2,203,1,5e3a2195,,,2026-07-15,2026-07-15
7874,212c9675,342,6,204,2,6b3185b0,,,2026-07-15,2026-07-15
7875,60debf03,535,2,203,4,66299238,,,2026-07-15,2026-07-15
7876,1396278d,460,2,202,5,487a1dd7,,,2026-07-15,2026-07-15
7877,3ab1d661,54,1,205,1,ae76cc5c,,,2026-07-15,2026-07-15
7878,14b899c2,145,7,202,2,0b454108,,,2026-07-15,2026-07-15
7879,f3ff3d49,267,2,204,2,5e4299db,,,2026-07-15,2026-07-15
7880,34700a8e,213,2,203,4,69956359,,,2026-07-15,2026-07-15
7881,71ac65fc,293,7,201,1,a008a294,,,2026-07-15,2026-07-15
7882,47185710,42,5,204,2,91a6c884,,,2026-07-15,2026-07-15
7883,694aa9e8,311,5,201,4,8b414a94,,,2026-07-15,2026-07-15
7884,30899fe9,10,3,202,4,4db20d32,,,2026-07-15,2026-07-15
7885,69e61548,252,1,201,3,7bc42b05,,,2026-07-15,2026-07-15
7886,99aaf758,43,7,205,5,163d0b32,,,2026-07-15,2026-07-15
7887,8a44df48,59,7,202,5,208d275a,,,2026-07-15,2026-07-15
7888,e94ec802,52,2,204,2,cc9f65a9,,,2026-07-15,2026-07-15
7889,fdde93c5,198,6,204,3,5f2ab070,,,2026-07-15,2026-07-15
7890,bf946766,545,2,204,1,fe86a413,,,2026-07-15,2026-07-15
7891,b54f67b2,673,5,205,4,95f70b4e,,,2026-07-15,2026-07-15
7892,dbfe9454,667,4,203,4,f399f8e1,,,2026-07-15,2026-07-15
7893,a681745a,67,1,204,3,fa853203,,,2026-07-15,2026-07-15
7894,8dda3f51,540,1,205,1,91c9bcd7,,,2026-07-15,2026-07-15
7895,06d2aa2d,254,1,201,1,0b6ae467,,,2026-07-15,2026-07-15
7896,6de269d9,265,7,201,1,dd410d5f,,,2026-07-15,2026-07-15
7897,86864cb5,558,1,201,5,7643c1ee,,,2026-07-15,2026-07-15
7898,c21e28ca,223,4,201,1,ee98f97e,,,2026-07-15,2026-07-15
7899,8d993d54,307,5,201,4,9e7dae2e,,,2026-07-15,2026-07-15
7900,c314bdc4,525,3,201,4,ae18638f,,,2026-07-15,2026-07-15
7901,d2f8b62a,156,7,202,3,96379792,,,2026-07-15,2026-07-15
7902,96b7c04c,586,7,201,3,1242762d,,,2026-07-15,2026-07-15
7903,4110d6a5,194,6,201,3,7f1bca00,,,2026-07-15,2026-07-15
7904,aedf9808,575,5,204,2,42d0014c,,,2026-07-15,2026-07-15
7905,b983c9ca,521,4,201,3,e224a8c6,,,2026-07-15,2026-07-15
7906,9187055f,34,3,203,2,b755ebae,,,2026-07-15,2026-07-15
7907,e70dc66c,572,7,201,2,bed1ac6c,,,2026-07-15,2026-07-15
7908,21fef011,65,6,202,3,3f491b77,,,2026-07-15,2026-07-15
7909,6fa3639c,240,6,202,4,0cfefde4,,,2026-07-15,2026-07-15
7910,76333b33,74,3,204,4,50641c23,,,2026-07-15,2026-07-15
7911,3b1104e6,556,7,201,2,719fa89e,,,2026-07-15,2026-07-15
7912,77ba8438,546,5,204,5,66299238,,,2026-07-15,2026-07-15
7913,3d43a018,230,2,204,1,b4ca029a,,,2026-07-15,2026-07-15
7914,dcc5c73a,179,3,203,3,f0924da4,,,2026-07-15,2026-07-15
7915,533241ef,75,7,205,2,3c63e5d3,,,2026-07-15,2026-07-15
7916,290fb031,221,1,205,1,99fed753,,,2026-07-15,2026-07-15
7917,01959129,204,6,202,3,a1ba575a,,,2026-07-15,2026-07-15
7918,f301d427,140,3,201,1,0fbfd231,,,2026-07-15,2026-07-15
7919,25cd297d,726,1,205,3,15a65ae5,,,2026-07-15,2026-07-15
7920,136c1db0,431,6,201,1,4db20d32,,,2026-07-15,2026-07-15
7921,c59b525f,620,1,201,1,fe86a413,,,2026-07-15,2026-07-15
7922,a605f8a1,723,5,205,1,d2c89978,,,2026-07-15,2026-07-15
7923,fb0b3f59,569,1,203,4,9349d295,,,2026-07-15,2026-07-15
7924,d44b6027,639,1,205,1,425b1d3d,,,2026-07-15,2026-07-15
7925,2e040d27,638,7,204,5,f7817da3,,,2026-07-15,2026-07-15
7926,9402c0c0,504,7,204,5,5a53b8e9,,,2026-07-15,2026-07-15
7927,12835ef2,431,2,202,5,1f937553,,,2026-07-15,2026-07-15
7928,3ba78855,247,6,202,5,37354f22,,,2026-07-15,2026-07-15
7929,1058ae34,201,5,204,3,bed1ac6c,,,2026-07-15,2026-07-15
7930,003b60ad,717,7,202,5,289b72c4,,,2026-07-15,2026-07-15
7931,69f1caff,282,3,203,5,4739f6d9,,,2026-07-15,2026-07-15
7932,89f1d323,169,6,205,1,970e594b,,,2026-07-15,2026-07-15
7933,e1a1287d,169,4,203,4,abeb982e,,,2026-07-15,2026-07-15
7934,51249178,583,7,204,2,f169683e,,,2026-07-15,2026-07-15
7935,502c1fba,672,1,205,1,2c42c662,,,2026-07-15,2026-07-15
7936,20d02225,508,4,204,3,f033669c,,,2026-07-15,2026-07-15
7937,e4a670cd,27,3,204,3,f2fc7978,,,2026-07-15,2026-07-15
7938,192caa6f,493,7,204,1,dd410d5f,,,2026-07-15,2026-07-15
7939,41ae88ea,476,7,202,5,f0924da4,,,2026-07-15,2026-07-15
7940,01899eab,476,2,205,4,b730e9e6,,,2026-07-15,2026-07-15
7941,f63cbadd,274,3,202,1,aefc1727,,,2026-07-15,2026-07-15
7942,e6d78ead,695,6,205,3,ce1b52ae,,,2026-07-15,2026-07-15
7943,b49ebea2,582,1,202,1,fb5ef791,,,2026-07-15,2026-07-15
7944,9a02a1b4,333,1,203,2,95f70b4e,,,2026-07-15,2026-07-15
7945,62cb45a3,83,2,201,4,b5297bc8,,,2026-07-15,2026-07-15
7946,67466fcc,198,4,205,4,87830e43,,,2026-07-15,2026-07-15
7947,04f5c83a,351,2,203,5,b03540b1,,,2026-07-15,2026-07-15
7948,d4939d1a,60,4,202,1,5e4299db,,,2026-07-15,2026-07-15
7949,1fee4a1e,496,2,205,5,b755ebae,,,2026-07-15,2026-07-15
7950,413f9440,617,3,205,5,ede49010,,,2026-07-15,2026-07-15
7951,c3f31016,146,4,202,1,c4993de9,,,2026-07-15,2026-07-15
7952,bc89818f,435,1,202,4,e5d0ffbb,,,2026-07-15,2026-07-15
7953,9b959bb4,536,4,204,1,3184736b,,,2026-07-15,2026-07-15
7954,3e19e0fe,104,3,202,3,56205f69,,,2026-07-15,2026-07-15
7955,f3ee3106,327,7,205,2,b03540b1,,,2026-07-15,2026-07-15
7956,4471c3f2,217,3,201,2,e5d0ffbb,,,2026-07-15,2026-07-15
7957,ec25118b,359,4,203,5,e942aab7,,,2026-07-15,2026-07-15
7958,67aa2d25,379,1,202,4,4943c5d9,,,2026-07-15,2026-07-15
7959,494bcfff,156,7,204,2,41c72cdb,,,2026-07-15,2026-07-15
7960,370d5cdf,93,3,201,2,cbcf13d1,,,2026-07-15,2026-07-15
7961,ca781934,83,7,203,2,3184736b,,,2026-07-15,2026-07-15
7962,6bb53113,414,7,205,5,0b6ae467,,,2026-07-15,2026-07-15
7963,ec5047d5,73,3,204,4,c3a6c571,,,2026-07-15,2026-07-15
7964,f529484b,166,2,202,1,3f09714a,,,2026-07-15,2026-07-15
7965,58f1c6a9,102,5,201,5,7fddfb89,,,2026-07-15,2026-07-15
7966,24649c2a,568,1,204,3,a638b4b0,,,2026-07-15,2026-07-15
7967,ba63c5fa,307,7,205,5,b716556b,,,2026-07-15,2026-07-15
7968,140e7e78,218,5,202,3,3e66160b,,,2026-07-15,2026-07-15
7969,9d22add3,298,7,204,3,2d4fce37,,,2026-07-15,2026-07-15
7970,cd501284,330,4,201,1,bd47b713,,,2026-07-15,2026-07-15
7971,86669231,687,3,201,2,ed4939ed,,,2026-07-15,2026-07-15
7972,53cf71e4,102,1,201,1,d88f6a7f,,,2026-07-15,2026-07-15
7973,d5d96a55,273,6,204,5,442d941c,,,2026-07-15,2026-07-15
7974,3ad3b5a6,378,5,201,3,6f2a321a,,,2026-07-15,2026-07-15
7975,dec6da9c,360,2,202,4,7f1bca00,,,2026-07-15,2026-07-15
7976,ccfb45c1,514,3,204,5,60c38ae4,,,2026-07-15,2026-07-15
7977,f27d1de0,339,7,201,2,c1b30594,,,2026-07-15,2026-07-15
7978,4803cbf4,433,2,204,1,548dc0b3,,,2026-07-15,2026-07-15
7979,fc0bb480,564,4,201,4,cee867e3,,,2026-07-15,2026-07-15
7980,8f67e906,452,4,202,3,7704f92c,,,2026-07-15,2026-07-15
7981,4b76159f,650,4,205,1,2b2175cd,,,2026-07-15,2026-07-15
7982,c5c3e78c,231,5,202,2,205742d2,,,2026-07-15,2026-07-15
7983,8a707c4e,438,1,201,4,d1cd1e4d,,,2026-07-15,2026-07-15
7984,babb6ec0,290,3,203,1,ff079788,,,2026-07-15,2026-07-15
7985,6b7c7934,414,5,201,4,0968f5a7,,,2026-07-15,2026-07-15
7986,71dcbc7d,426,5,203,4,827ac471,,,2026-07-15,2026-07-15
7987,274111b5,267,1,201,4,6a0cd270,,,2026-07-15,2026-07-15
7988,7d8c0e22,140,4,203,4,cee867e3,,,2026-07-15,2026-07-15
7989,f1e4726b,274,7,202,2,62bfa0d9,,,2026-07-15,2026-07-15
7990,aaca5ffb,78,6,203,4,42d0014c,,,2026-07-15,2026-07-15
7991,0985f78c,147,3,201,2,ef5f41ce,,,2026-07-15,2026-07-15
7992,21394fd5,291,6,201,4,5905a3e7,,,2026-07-15,2026-07-15
7993,ac1c9c9e,380,7,201,1,41c72cdb,,,2026-07-15,2026-07-15
7994,7ee1e0cd,403,4,204,1,7bc42b05,,,2026-07-15,2026-07-15
7995,670a7919,374,1,202,1,b244f9d6,,,2026-07-15,2026-07-15
7996,cb53161a,136,5,205,1,4db20d32,,,2026-07-15,2026-07-15
7997,0f7478d5,429,7,201,4,f6ab1ed5,,,2026-07-15,2026-07-15
7998,ec4fc58e,541,7,204,2,e3ec02d4,,,2026-07-15,2026-07-15
7999,fd37f318,290,1,203,2,13a46227,,,2026-07-15,2026-07-15
8000,aded5620,640,1,203,5,9ac47356,,,2026-07-15,2026-07-15
8001,356ef224,145,6,205,4,b5297bc8,,,2026-07-15,2026-07-15
8002,f0564edb,359,5,204,4,ddaa1bf9,,,2026-07-15,2026-07-15
8003,b6d95900,353,7,201,5,7fddfb89,,,2026-07-15,2026-07-15
8004,311f4413,366,6,205,3,b427b66b,,,2026-07-15,2026-07-15
8005,4c46bc86,142,7,205,1,8d3cc46f,,,2026-07-15,2026-07-15
8006,f9f9d0af,713,3,202,5,ede49010,,,2026-07-15,2026-07-15
8007,ce0033d2,96,3,204,2,a1ba575a,,,2026-07-15,2026-07-15
8008,110e1191,259,3,204,1,92f2fd13,,,2026-07-15,2026-07-15
8009,6e396e99,690,1,201,5,1d498af8,,,2026-07-15,2026-07-15
8010,5e46fd38,201,4,202,5,53648c48,,,2026-07-15,2026-07-15
8011,0c938dfa,34,1,201,5,3f26afe9,,,2026-07-15,2026-07-15
8012,bafc5d57,484,7,201,5,2c760828,,,2026-07-15,2026-07-15
8013,538ef004,726,5,202,1,68f3c4e5,,,2026-07-15,2026-07-15
8014,40482dbe,205,2,202,5,c3a6c571,,,2026-07-15,2026-07-15
8015,7d7a4824,434,6,204,4,5905a3e7,,,2026-07-15,2026-07-15
8016,9908bac6,164,4,201,3,9efecf41,,,2026-07-15,2026-07-15
8017,21dcb178,326,2,204,2,7e1de19d,,,2026-07-15,2026-07-15
8018,ee2ca631,649,1,202,3,68f3c4e5,,,2026-07-15,2026-07-15
8019,113161e9,122,5,201,2,6780333b,,,2026-07-15,2026-07-15
8020,992ab84f,103,3,203,3,25b7eced,,,2026-07-15,2026-07-15
8021,4ff26203,414,5,202,3,9349d295,,,2026-07-15,2026-07-15
8022,c515f29b,83,4,201,4,bd47b713,,,2026-07-15,2026-07-15
8023,535bbafd,638,7,201,3,f27a730c,,,2026-07-15,2026-07-15
8024,175c9c40,62,3,205,2,3d6a9dc8,,,2026-07-15,2026-07-15
8025,e7099bf9,85,7,204,1,719fa89e,,,2026-07-15,2026-07-15
8026,eb1c8bb0,627,4,205,5,45c95088,,,2026-07-15,2026-07-15
8027,8fd9d8a5,49,3,203,2,f169683e,,,2026-07-15,2026-07-15
8028,3caeab53,608,4,203,4,dfe6e1ff,,,2026-07-15,2026-07-15
8029,8c6efd71,603,4,205,2,e224a8c6,,,2026-07-15,2026-07-15
8030,4a256bf7,413,3,202,3,6ef9ace3,,,2026-07-15,2026-07-15
8031,68630668,269,7,204,5,3a1756fa,,,2026-07-15,2026-07-15
8032,4bbe06a8,70,4,203,4,e224a8c6,,,2026-07-15,2026-07-15
8033,59295dfe,294,6,204,1,ca496ce9,,,2026-07-15,2026-07-15
8034,c42ef080,389,6,205,2,ee98f97e,,,2026-07-15,2026-07-15
8035,4ee42037,141,1,203,2,5482a297,,,2026-07-15,2026-07-15
8036,d1e8ab05,720,5,203,2,f2fc7978,,,2026-07-15,2026-07-15
8037,925aaf0d,309,3,203,3,b4065ef4,,,2026-07-15,2026-07-15
8038,0787f903,251,6,202,2,5e4299db,,,2026-07-15,2026-07-15
8039,713bd045,287,7,204,2,91c9bcd7,,,2026-07-15,2026-07-15
8040,0a698a64,589,4,203,5,641c61ac,,,2026-07-15,2026-07-15
8041,11575b6e,270,6,201,1,6e76c557,,,2026-07-15,2026-07-15
8042,f11769a3,544,4,203,2,8d3cc46f,,,2026-07-15,2026-07-15
8043,c6577f8b,661,5,205,4,c49ff99c,,,2026-07-15,2026-07-15
8044,ac02d385,689,2,204,1,37354f22,,,2026-07-15,2026-07-15
8045,eab5b42b,262,4,204,3,95ec6e5b,,,2026-07-15,2026-07-15
8046,8e92b53e,571,1,202,5,ca496ce9,,,2026-07-15,2026-07-15
8047,3c204a5c,251,2,205,4,3d657bb9,,,2026-07-15,2026-07-15
8048,58b2ed7c,670,3,204,5,3a0f258a,,,2026-07-15,2026-07-15
8049,a319f2a3,72,4,201,1,74258308,,,2026-07-15,2026-07-15
8050,8510c7bd,364,7,202,3,f169683e,,,2026-07-15,2026-07-15
8051,6a5bd3d6,237,6,203,5,550393a0,,,2026-07-15,2026-07-15
8052,c828ff89,670,2,205,4,c7ead2cc,,,2026-07-15,2026-07-15
8053,4b832400,476,6,203,4,84b47f93,,,2026-07-15,2026-07-15
8054,f0239016,516,4,202,3,c4cdb41c,,,2026-07-15,2026-07-15
8055,a9ef0908,708,3,202,5,4392286c,,,2026-07-15,2026-07-15
8056,44f5045b,249,3,204,1,8a51bc70,,,2026-07-15,2026-07-15
8057,f77f1a86,531,2,203,3,9dd48364,,,2026-07-15,2026-07-15
8058,e94f0c97,261,6,204,4,6b71e7b7,,,2026-07-15,2026-07-15
8059,c45d0ac4,263,7,205,1,8ad52b25,,,2026-07-15,2026-07-15
8060,6f195223,722,4,201,3,52368d16,,,2026-07-15,2026-07-15
8061,b167edbd,118,4,205,4,19a61dd4,,,2026-07-15,2026-07-15
8062,24792a9e,673,7,203,5,27c530c5,,,2026-07-15,2026-07-15
8063,bffc7a17,725,1,203,4,87830e43,,,2026-07-15,2026-07-15
8064,22af5157,327,1,204,3,3110a49a,,,2026-07-15,2026-07-15
8065,25a8aac6,233,7,201,1,5905a3e7,,,2026-07-15,2026-07-15
8066,736a5b32,627,2,204,5,8111bc07,,,2026-07-15,2026-07-15
8067,ed4aedf2,644,5,202,1,ec486749,,,2026-07-15,2026-07-15
8068,ba255efe,237,7,202,3,6a0cd270,,,2026-07-15,2026-07-15
8069,5c6aecff,474,4,202,5,3832abbc,,,2026-07-15,2026-07-15
8070,614dd363,361,2,201,1,35f98e98,,,2026-07-15,2026-07-15
8071,978885b8,560,3,203,3,d9c08140,,,2026-07-15,2026-07-15
8072,f5eaeb2b,629,5,202,5,1e59121b,,,2026-07-15,2026-07-15
8073,f1d5d779,190,6,204,1,3d6a9dc8,,,2026-07-15,2026-07-15
8074,2afe794f,654,5,204,1,fc9cf0b8,,,2026-07-15,2026-07-15
8075,8833640d,331,7,203,3,8d3cc46f,,,2026-07-15,2026-07-15
8076,3cf9f373,91,7,201,4,e75bb09b,,,2026-07-15,2026-07-15
8077,79ab5edc,152,4,201,3,036ada7f,,,2026-07-15,2026-07-15
8078,eb152989,557,5,202,4,ef5f41ce,,,2026-07-15,2026-07-15
8079,4ac304ee,364,4,203,3,5e3a2195,,,2026-07-15,2026-07-15
8080,9fa7aeda,331,7,204,5,1242762d,,,2026-07-15,2026-07-15
8081,6a802e6e,617,4,201,1,e6d45de3,,,2026-07-15,2026-07-15
8082,44b2bf96,172,5,201,2,35f98e98,,,2026-07-15,2026-07-15
8083,d1322a74,602,1,204,1,ae0deda5,,,2026-07-15,2026-07-15
8084,951a7bc0,123,7,201,5,5424e422,,,2026-07-15,2026-07-15
8085,d7ba5435,190,7,204,3,3110a49a,,,2026-07-15,2026-07-15
8086,310fafe7,674,4,202,5,f6ab1ed5,,,2026-07-15,2026-07-15
8087,76c3f179,477,7,205,2,367ca016,,,2026-07-15,2026-07-15
8088,59c1434f,722,5,202,3,97682d83,,,2026-07-15,2026-07-15
8089,0ca16050,356,7,204,2,fe86a413,,,2026-07-15,2026-07-15
8090,34641e96,346,5,204,1,60c38ae4,,,2026-07-15,2026-07-15
8091,dc2f86b2,633,7,201,4,dfe6e1ff,,,2026-07-15,2026-07-15
8092,fd8b032f,263,2,205,2,550393a0,,,2026-07-15,2026-07-15
8093,70bef8a2,90,5,202,5,827ac471,,,2026-07-15,2026-07-15
8094,69b69bbd,402,3,201,4,247dccf1,,,2026-07-15,2026-07-15
8095,18c16e5e,73,1,204,2,a30580a1,,,2026-07-15,2026-07-15
8096,6f144840,252,3,202,4,50987e86,,,2026-07-15,2026-07-15
8097,b41ea27a,545,2,201,3,c6934f84,,,2026-07-15,2026-07-15
8098,ef2feb66,177,6,203,2,8125c6f0,,,2026-07-15,2026-07-15
8099,25fcc26f,501,7,201,1,3832abbc,,,2026-07-15,2026-07-15
8100,4d3db68d,605,1,204,3,3929633d,,,2026-07-15,2026-07-15
8101,bc41d496,637,6,203,5,03f0acfa,,,2026-07-15,2026-07-15
8102,4e11d361,571,4,204,1,8993064a,,,2026-07-15,2026-07-15
8103,62067a7c,30,6,205,4,45592551,,,2026-07-15,2026-07-15
8104,c6683625,660,7,205,3,1df1fe50,,,2026-07-15,2026-07-15
8105,d298b7d0,173,6,203,2,ba285e29,,,2026-07-15,2026-07-15
8106,00345d2c,178,4,204,2,84b47f93,,,2026-07-15,2026-07-15
8107,0d50e956,611,6,201,5,10f10b2b,,,2026-07-15,2026-07-15
8108,98ea1f31,215,6,204,4,112f9cab,,,2026-07-15,2026-07-15
8109,10ee0d0a,534,3,205,5,3fc80484,,,2026-07-15,2026-07-15
8110,41ae00e8,8,1,202,3,60c38ae4,,,2026-07-15,2026-07-15
8111,f0a8b7ee,672,4,203,5,4e431688,,,2026-07-15,2026-07-15
8112,a3eacfe0,342,1,205,4,bde42cc1,,,2026-07-15,2026-07-15
8113,fea9605f,238,2,205,2,827ac471,,,2026-07-15,2026-07-15
8114,5d7752d3,662,3,204,1,a1ba575a,,,2026-07-15,2026-07-15
8115,649f6be4,603,6,203,5,b716556b,,,2026-07-15,2026-07-15
8116,47a7428d,210,4,201,3,f033669c,,,2026-07-15,2026-07-15
8117,dcb5e72a,466,6,203,1,2c42c662,,,2026-07-15,2026-07-15
8118,4935a9c9,365,5,204,1,9e7dae2e,,,2026-07-15,2026-07-15
8119,b8bf4a51,407,4,205,5,0b454108,,,2026-07-15,2026-07-15
8120,b36973ee,542,4,205,1,442d941c,,,2026-07-15,2026-07-15
8121,d5089248,458,6,204,3,50987e86,,,2026-07-15,2026-07-15
8122,9af1322e,399,5,205,2,1d498af8,,,2026-07-15,2026-07-15
8123,e87e0673,448,7,203,5,41087c74,,,2026-07-15,2026-07-15
8124,b1827631,194,2,203,4,ddaa1bf9,,,2026-07-15,2026-07-15
8125,84dc30b3,727,4,201,4,1dc2bf91,,,2026-07-15,2026-07-15
8126,c6945871,612,5,203,1,cee867e3,,,2026-07-15,2026-07-15
8127,e59576a1,684,6,204,5,8a51bc70,,,2026-07-15,2026-07-15
8128,4516bdc5,133,4,205,2,d9c08140,,,2026-07-15,2026-07-15
8129,068725d1,119,4,204,5,1dc2bf91,,,2026-07-15,2026-07-15
8130,4b85130a,704,1,201,2,77c6d634,,,2026-07-15,2026-07-15
8131,9b7c6721,695,1,202,5,434c2454,,,2026-07-15,2026-07-15
8132,444da47c,721,7,205,2,195b4c1c,,,2026-07-15,2026-07-15
8133,54687078,547,1,205,4,ce1b52ae,,,2026-07-15,2026-07-15
8134,4793b8a3,684,5,204,3,52368d16,,,2026-07-15,2026-07-15
8135,f9e4944c,324,3,201,5,3a1756fa,,,2026-07-15,2026-07-15
8136,0d72ec1f,449,6,202,2,4db20d32,,,2026-07-15,2026-07-15
8137,e9c652e8,344,3,202,4,1e59121b,,,2026-07-15,2026-07-15
8138,e2dd8b47,357,7,205,1,c49ff99c,,,2026-07-15,2026-07-15
8139,b737e599,659,2,205,4,52368d16,,,2026-07-15,2026-07-15
8140,b26790e0,435,6,204,5,28741ecd,,,2026-07-15,2026-07-15
8141,70da4737,425,5,202,2,50641c23,,,2026-07-15,2026-07-15
8142,d3972f65,108,7,205,5,69b06aa6,,,2026-07-15,2026-07-15
8143,d60a5c6d,111,3,202,5,434c2454,,,2026-07-15,2026-07-15
8144,d120ab92,653,3,201,3,bde42cc1,,,2026-07-15,2026-07-15
8145,953b1471,340,4,204,5,e75bb09b,,,2026-07-15,2026-07-15
8146,e3fdbbce,427,5,202,5,548dc0b3,,,2026-07-15,2026-07-15
8147,54b61be9,83,7,202,2,8d3cc46f,,,2026-07-15,2026-07-15
8148,c4897a53,86,1,202,2,e89b35ce,,,2026-07-15,2026-07-15
8149,c318734d,290,3,205,2,50641c23,,,2026-07-15,2026-07-15
8150,cbcd7ef6,88,6,201,3,970e594b,,,2026-07-15,2026-07-15
8151,5b598247,355,4,203,2,f0924da4,,,2026-07-15,2026-07-15
8152,9ed58bfd,338,6,201,1,c4993de9,,,2026-07-15,2026-07-15
8153,78e73e24,477,4,205,1,a638b4b0,,,2026-07-15,2026-07-15
8154,5389116c,698,5,203,3,1e6e7fcd,,,2026-07-15,2026-07-15
8155,cd9f525c,580,4,205,1,66299238,,,2026-07-15,2026-07-15
8156,3d6df816,655,4,201,3,37354f22,,,2026-07-15,2026-07-15
8157,65949f3a,515,5,203,3,bed1ac6c,,,2026-07-15,2026-07-15
8158,f7373ae7,520,7,204,3,f27bb490,,,2026-07-15,2026-07-15
8159,411a3b1a,643,3,201,5,c578c38f,,,2026-07-15,2026-07-15
8160,26b7c6a5,503,5,203,5,487a1dd7,,,2026-07-15,2026-07-15
8161,2b5e4282,660,6,204,4,45592551,,,2026-07-15,2026-07-15
8162,4c40ecf9,623,6,201,5,28741ecd,,,2026-07-15,2026-07-15
8163,14bb138f,494,6,205,5,3d6a9dc8,,,2026-07-15,2026-07-15
8164,a9c8a4e6,341,2,201,4,b03540b1,,,2026-07-15,2026-07-15
8165,8477cd0b,391,5,204,3,3832abbc,,,2026-07-15,2026-07-15
8166,93872e5e,719,2,201,1,fa578b09,,,2026-07-15,2026-07-15
8167,7c2cb1b7,685,6,202,4,0d484e5f,,,2026-07-15,2026-07-15
8168,d64ed207,125,4,202,1,d92199d8,,,2026-07-15,2026-07-15
8169,32e1565c,89,6,203,4,0fbb521a,,,2026-07-15,2026-07-15
8170,07302724,372,7,202,2,ada44e5b,,,2026-07-15,2026-07-15
8171,6e552f20,504,6,201,5,ac2c30bf,,,2026-07-15,2026-07-15
8172,85785c89,265,5,205,2,8d3cc46f,,,2026-07-15,2026-07-15
8173,44df25a3,475,3,203,4,df92d410,,,2026-07-15,2026-07-15
8174,386c193f,625,2,205,3,e03caed0,,,2026-07-15,2026-07-15
8175,2d3c4fe1,339,1,201,3,970e594b,,,2026-07-15,2026-07-15
8176,43db14a8,221,6,202,5,0fcaa55a,,,2026-07-15,2026-07-15
8177,f17aa99c,190,3,202,4,de084e17,,,2026-07-15,2026-07-15
8178,58c6376b,498,1,202,3,e03caed0,,,2026-07-15,2026-07-15
8179,3df7b8c1,131,2,205,2,45c95088,,,2026-07-15,2026-07-15
8180,3337683f,18,1,201,2,d8edbef1,,,2026-07-15,2026-07-15
8181,997ff805,434,4,201,1,2a9b3aaa,,,2026-07-15,2026-07-15
8182,d3f7aa3d,179,7,205,3,6b71e7b7,,,2026-07-15,2026-07-15
8183,cfb24a89,263,6,205,2,61fab6f7,,,2026-07-15,2026-07-15
8184,8fb0594d,194,6,202,2,63369e6c,,,2026-07-15,2026-07-15
8185,0d24d837,153,4,203,2,4d5e252e,,,2026-07-15,2026-07-15
8186,b8f25783,706,2,202,4,b03540b1,,,2026-07-15,2026-07-15
8187,ce9b5f41,436,5,204,3,4ce20b01,,,2026-07-15,2026-07-15
8188,4fcab14c,5,3,204,3,f0758699,,,2026-07-15,2026-07-15
8189,f28c3345,65,5,205,5,f18b66c1,,,2026-07-15,2026-07-15
8190,cd03578f,650,3,202,4,fa578b09,,,2026-07-15,2026-07-15
8191,c12dd039,49,2,204,5,84b47f93,,,2026-07-15,2026-07-15
8192,4ba7c47c,218,5,201,2,8993064a,,,2026-07-15,2026-07-15
8193,8a055452,229,6,203,5,f12d0983,,,2026-07-15,2026-07-15
8194,9de03cff,523,2,201,3,c3a6c571,,,2026-07-15,2026-07-15
8195,bc68607e,461,6,201,3,247dccf1,,,2026-07-15,2026-07-15
8196,23c4d19a,368,1,202,3,4d5e252e,,,2026-07-15,2026-07-15
8197,a5e2630f,89,7,201,4,c578c38f,,,2026-07-15,2026-07-15
8198,5b0864ed,221,2,201,3,750687ab,,,2026-07-15,2026-07-15
8199,aa10595f,540,6,204,3,f12d0983,,,2026-07-15,2026-07-15
8200,d7df8b55,99,6,205,1,dd88df46,,,2026-07-15,2026-07-15
8201,06b19bff,28,4,203,4,9dd48364,,,2026-07-15,2026-07-15
8202,5fa03322,44,3,205,2,6f28469e,,,2026-07-15,2026-07-15
8203,e94c1fa0,671,7,203,5,719fa89e,,,2026-07-15,2026-07-15
8204,bf4cf1fa,204,7,201,1,d2c89978,,,2026-07-15,2026-07-15
8205,0ab442fd,302,5,205,5,465c1c13,,,2026-07-15,2026-07-15
8206,14d0f8d8,645,1,204,2,487a1dd7,,,2026-07-15,2026-07-15
8207,2314b331,691,7,204,5,d92199d8,,,2026-07-15,2026-07-15
8208,a0d5d681,186,6,202,2,a5d658b7,,,2026-07-15,2026-07-15
8209,6a077260,430,1,203,5,4392286c,,,2026-07-15,2026-07-15
8210,a4a4a666,314,7,202,1,84b47f93,,,2026-07-15,2026-07-15
8211,f748057d,110,7,203,3,1139e59a,,,2026-07-15,2026-07-15
8212,b7c164aa,297,2,204,3,63369e6c,,,2026-07-15,2026-07-15
8213,a4eaa1ae,497,2,202,2,86613e2d,,,2026-07-15,2026-07-15
8214,e658f52c,503,6,202,1,8111bc07,,,2026-07-15,2026-07-15
8215,5978fa07,496,1,204,3,43b89e78,,,2026-07-15,2026-07-15
8216,ff1c94d8,360,5,205,3,ce1b52ae,,,2026-07-15,2026-07-15
8217,e4c0ff84,181,4,204,2,3973c30a,,,2026-07-15,2026-07-15
8218,987994d6,465,4,203,5,5dff7cb7,,,2026-07-15,2026-07-15
8219,641a5c7d,471,7,203,2,6ef9ace3,,,2026-07-15,2026-07-15
8220,c3b3bd74,473,6,205,4,3929633d,,,2026-07-15,2026-07-15
8221,35585c06,406,2,205,5,43b89e78,,,2026-07-15,2026-07-15
8222,7490579a,627,4,205,2,8d3cc46f,,,2026-07-15,2026-07-15
8223,b34ea939,328,1,204,5,d2599bb6,,,2026-07-15,2026-07-15
8224,dd775a1a,449,7,204,2,13a46227,,,2026-07-15,2026-07-15
8225,e318a4c9,232,2,201,2,9349d295,,,2026-07-15,2026-07-15
8226,256151be,414,1,201,3,ede49010,,,2026-07-15,2026-07-15
8227,5a646400,177,1,202,1,32029984,,,2026-07-15,2026-07-15
8228,6bbe7442,502,7,202,5,63369e6c,,,2026-07-15,2026-07-15
8229,ffb9b315,389,1,204,1,3f491b77,,,2026-07-15,2026-07-15
8230,d9cf6556,573,1,201,1,fa853203,,,2026-07-15,2026-07-15
8231,54f72da3,41,1,204,1,50987e86,,,2026-07-15,2026-07-15
8232,c20099d7,600,5,203,4,e942aab7,,,2026-07-15,2026-07-15
8233,ed38ef10,309,1,205,4,ef75b4bf,,,2026-07-15,2026-07-15
8234,8d9a05b2,74,2,202,1,f22bf066,,,2026-07-15,2026-07-15
8235,3ac2ccbc,1,6,201,1,cd901af9,,,2026-07-15,2026-07-15
8236,5073ac55,540,5,204,1,7b868e56,,,2026-07-15,2026-07-15
8237,202796ba,708,4,205,5,11f3df17,,,2026-07-15,2026-07-15
8238,8785949d,280,2,202,1,e89b35ce,,,2026-07-15,2026-07-15
8239,68d27874,129,2,204,2,6601ea7f,,,2026-07-15,2026-07-15
8240,586fddc9,290,6,204,5,19a61dd4,,,2026-07-15,2026-07-15
8241,8e2703cb,4,4,205,3,3929633d,,,2026-07-15,2026-07-15
8242,80490e39,252,2,204,5,b03540b1,,,2026-07-15,2026-07-15
8243,778e1a50,126,7,205,1,c4e558ad,,,2026-07-15,2026-07-15
8244,8ac8ebaf,227,5,205,3,3a0f258a,,,2026-07-15,2026-07-15
8245,fb66dca9,534,2,202,3,487a1dd7,,,2026-07-15,2026-07-15
8246,19c609f2,239,6,203,2,43b89e78,,,2026-07-15,2026-07-15
8247,500671d8,308,3,205,5,ae76cc5c,,,2026-07-15,2026-07-15
8248,e33aec86,695,3,204,5,cedf6f69,,,2026-07-15,2026-07-15
8249,445fa85a,353,4,202,2,ede49010,,,2026-07-15,2026-07-15
8250,9d0f5eb6,358,7,202,5,96379792,,,2026-07-15,2026-07-15
8251,9a050dd4,345,4,202,3,2df8b6f4,,,2026-07-15,2026-07-15
8252,2092bb1d,305,1,204,3,b03540b1,,,2026-07-15,2026-07-15
8253,55e25e80,521,7,204,2,4739f6d9,,,2026-07-15,2026-07-15
8254,3670f415,31,4,205,4,315f550b,,,2026-07-15,2026-07-15
8255,05b4e47b,506,2,201,2,1f937553,,,2026-07-15,2026-07-15
8256,4606e6bd,478,1,203,3,a638b4b0,,,2026-07-15,2026-07-15
8257,eb2850b2,439,7,203,2,e6d45de3,,,2026-07-15,2026-07-15
8258,7193f809,632,6,205,3,6958bb49,,,2026-07-15,2026-07-15
8259,89e45615,108,1,202,5,62bfa0d9,,,2026-07-15,2026-07-15
8260,c2dd2785,216,2,204,4,2d4fce37,,,2026-07-15,2026-07-15
8261,688dd343,505,5,205,3,6568690c,,,2026-07-15,2026-07-15
8262,37089100,628,4,204,2,9349d295,,,2026-07-15,2026-07-15
8263,f877af82,672,5,205,2,01974f0f,,,2026-07-15,2026-07-15
8264,8dae33fa,12,5,205,4,43cbe6fa,,,2026-07-15,2026-07-15
8265,e17e4459,721,6,204,1,fb5ef791,,,2026-07-15,2026-07-15
8266,bb1b229c,690,2,201,1,6a0cd270,,,2026-07-15,2026-07-15
8267,b60e872c,253,2,202,3,4ba49536,,,2026-07-15,2026-07-15
8268,086f8150,387,3,205,1,0cfefde4,,,2026-07-15,2026-07-15
8269,1a79c3fe,239,6,201,1,43cbe6fa,,,2026-07-15,2026-07-15
8270,c96d286d,88,3,202,4,6780333b,,,2026-07-15,2026-07-15
8271,84e718fd,433,4,203,1,b755ebae,,,2026-07-15,2026-07-15
8272,0c8e2c73,175,5,203,2,a30580a1,,,2026-07-15,2026-07-15
8273,55025969,693,3,205,4,822c1444,,,2026-07-15,2026-07-15
8274,ba262d07,282,2,203,3,ccde9baa,,,2026-07-15,2026-07-15
8275,c95e4bee,401,2,205,3,89c3a817,,,2026-07-15,2026-07-15
8276,962b8be6,38,1,203,2,b7effad0,,,2026-07-15,2026-07-15
8277,5736191d,308,7,203,2,3184736b,,,2026-07-15,2026-07-15
8278,5f1c2149,188,4,202,2,69b06aa6,,,2026-07-15,2026-07-15
8279,b5695f1d,40,2,204,4,96379792,,,2026-07-15,2026-07-15
8280,abc2f1c9,460,3,204,3,3973c30a,,,2026-07-15,2026-07-15
8281,1d18ecdf,628,7,204,3,28741ecd,,,2026-07-15,2026-07-15
8282,1aa416b0,232,6,201,1,dd88df46,,,2026-07-15,2026-07-15
8283,3ab09f28,148,6,205,4,53648c48,,,2026-07-15,2026-07-15
8284,055d08aa,223,4,204,1,b5297bc8,,,2026-07-15,2026-07-15
8285,7607c4e6,402,4,203,5,49fdea5f,,,2026-07-15,2026-07-15
8286,5771f76c,525,2,204,4,ee98f97e,,,2026-07-15,2026-07-15
8287,79ee6f57,333,4,202,3,62bfa0d9,,,2026-07-15,2026-07-15
8288,777430ba,722,7,202,5,de084e17,,,2026-07-15,2026-07-15
8289,7edbb2a7,385,1,201,1,fb87e33d,,,2026-07-15,2026-07-15
8290,7b79d8e5,317,4,202,1,89eec31c,,,2026-07-15,2026-07-15
8291,2064d326,175,5,203,2,bb9d2955,,,2026-07-15,2026-07-15
8292,0d5d3242,104,4,202,2,5ae61d1c,,,2026-07-15,2026-07-15
8293,b82bd0fd,513,7,201,4,b244f9d6,,,2026-07-15,2026-07-15
8294,9c787783,644,2,202,1,482ffe65,,,2026-07-15,2026-07-15
8295,156f34b1,124,4,202,3,dd410d5f,,,2026-07-15,2026-07-15
8296,8c505d04,667,5,201,4,febfde98,,,2026-07-15,2026-07-15
8297,97a90d98,210,5,204,5,0d484e5f,,,2026-07-15,2026-07-15
8298,0d137aac,367,6,203,4,852032b7,,,2026-07-15,2026-07-15
8299,b53d90be,448,4,205,2,37354f22,,,2026-07-15,2026-07-15
8300,3b5014c3,342,4,205,4,c4993de9,,,2026-07-15,2026-07-15
8301,5e82c616,47,3,205,3,7643c1ee,,,2026-07-15,2026-07-15
8302,70e58665,499,2,204,1,6568690c,,,2026-07-15,2026-07-15
8303,b7d9db40,445,3,203,3,df28e3f0,,,2026-07-15,2026-07-15
8304,ce7baac5,656,3,201,4,c05e9193,,,2026-07-15,2026-07-15
8305,f533aed0,689,2,205,5,ae76cc5c,,,2026-07-15,2026-07-15
8306,ac583dfc,500,7,203,1,036ada7f,,,2026-07-15,2026-07-15
8307,1bc24fbf,567,7,202,4,ec486749,,,2026-07-15,2026-07-15
8308,8359e47e,10,2,205,2,6b71e7b7,,,2026-07-15,2026-07-15
8309,f2e4f1c7,103,4,203,4,3a1756fa,,,2026-07-15,2026-07-15
8310,84c50f47,616,4,201,5,61fab6f7,,,2026-07-15,2026-07-15
8311,15584f1a,25,2,205,5,750687ab,,,2026-07-15,2026-07-15
8312,cefa53df,463,4,201,2,6ee48559,,,2026-07-15,2026-07-15
8313,3d37588c,590,7,201,1,57221ec9,,,2026-07-15,2026-07-15
8314,2428b93d,60,5,201,1,df28e3f0,,,2026-07-15,2026-07-15
8315,b7419ab9,290,7,204,5,bb9d2955,,,2026-07-15,2026-07-15
8316,45d9cd00,511,6,205,4,1dc2bf91,,,2026-07-15,2026-07-15
8317,fb53e045,138,4,205,1,4ba49536,,,2026-07-15,2026-07-15
8318,5fc9c731,420,4,202,1,97682d83,,,2026-07-15,2026-07-15
8319,c088c6cf,289,1,202,3,2e179883,,,2026-07-15,2026-07-15
8320,fd09589e,399,3,204,1,b5297bc8,,,2026-07-15,2026-07-15
8321,40800837,196,6,202,2,2e179883,,,2026-07-15,2026-07-15
8322,a71fd8d4,311,3,201,4,6c4f0c4c,,,2026-07-15,2026-07-15
8323,065bf10c,155,5,202,5,1d498af8,,,2026-07-15,2026-07-15
8324,79c49985,459,3,203,3,5ae61d1c,,,2026-07-15,2026-07-15
8325,19554672,662,7,203,2,fa853203,,,2026-07-15,2026-07-15
8326,3f297ab7,614,2,201,4,4aeffd09,,,2026-07-15,2026-07-15
8327,6e52338b,667,7,204,2,4363b8d6,,,2026-07-15,2026-07-15
8328,d98a386e,644,3,201,5,5a53b8e9,,,2026-07-15,2026-07-15
8329,2f725793,186,4,201,3,41c72cdb,,,2026-07-15,2026-07-15
8330,edd21c25,501,3,205,2,f27bb490,,,2026-07-15,2026-07-15
8331,35343958,40,6,204,1,a79b76cb,,,2026-07-15,2026-07-15
8332,a2212e0e,8,5,204,3,4d5e252e,,,2026-07-15,2026-07-15
8333,4dc38678,103,4,203,5,ac2c30bf,,,2026-07-15,2026-07-15
8334,dcadf060,181,4,203,5,0cfefde4,,,2026-07-15,2026-07-15
8335,3aee1f41,214,6,202,4,ff079788,,,2026-07-15,2026-07-15
8336,eeef3de2,70,7,205,5,dd3198d1,,,2026-07-15,2026-07-15
8337,fdf2b35a,596,6,205,4,0cfefde4,,,2026-07-15,2026-07-15
8338,d6425dc5,375,3,203,5,7b748fb3,,,2026-07-15,2026-07-15
8339,b3e0451c,488,7,203,5,247dccf1,,,2026-07-15,2026-07-15
8340,a777dc85,580,2,201,5,18d773af,,,2026-07-15,2026-07-15
8341,c279dea2,125,6,205,1,37166503,,,2026-07-15,2026-07-15
8342,9f2d4525,443,4,204,1,c4cdb41c,,,2026-07-15,2026-07-15
8343,c504d7de,103,4,202,3,5424e422,,,2026-07-15,2026-07-15
8344,037c70b0,279,5,203,5,14a4c03c,,,2026-07-15,2026-07-15
8345,c07b11de,630,6,201,2,3f09714a,,,2026-07-15,2026-07-15
8346,b98cd423,571,1,204,5,f033669c,,,2026-07-15,2026-07-15
8347,70dfa0ff,703,4,203,4,cbcf13d1,,,2026-07-15,2026-07-15
8348,a85f4497,256,7,203,2,315f550b,,,2026-07-15,2026-07-15
8349,b532bfe2,192,7,202,3,f6ab1ed5,,,2026-07-15,2026-07-15
8350,4a478e57,415,3,202,2,3832abbc,,,2026-07-15,2026-07-15
8351,5d95be28,721,6,203,4,49fdea5f,,,2026-07-15,2026-07-15
8352,87d70122,565,3,203,2,e5d0ffbb,,,2026-07-15,2026-07-15
8353,c658cdf1,534,6,204,3,efc887b8,,,2026-07-15,2026-07-15
8354,cb5d545a,414,6,203,2,2f730975,,,2026-07-15,2026-07-15
8355,05624db1,283,2,204,5,0cfefde4,,,2026-07-15,2026-07-15
8356,bd8fa89a,287,1,202,3,bd5892a8,,,2026-07-15,2026-07-15
8357,3f0327c3,104,4,205,1,aaa7dca8,,,2026-07-15,2026-07-15
8358,951dce7e,686,2,203,5,f6ab1ed5,,,2026-07-15,2026-07-15
8359,5cf7af46,487,4,201,3,f18b66c1,,,2026-07-15,2026-07-15
8360,fe2562af,443,1,204,3,b51ae2f1,,,2026-07-15,2026-07-15
8361,3a74280a,631,2,203,4,ff079788,,,2026-07-15,2026-07-15
8362,f1328adf,599,2,203,4,e1e17a72,,,2026-07-15,2026-07-15
8363,c87f0409,579,5,205,5,482ffe65,,,2026-07-15,2026-07-15
8364,cfbb3736,617,7,204,3,e75bb09b,,,2026-07-15,2026-07-15
8365,3706b7f8,667,4,203,2,60ce4ade,,,2026-07-15,2026-07-15
8366,2018376e,3,7,203,4,1b14dcc9,,,2026-07-15,2026-07-15
8367,17b646d9,56,6,203,4,0fcaa55a,,,2026-07-15,2026-07-15
8368,09987d99,480,2,202,2,c4e558ad,,,2026-07-15,2026-07-15
8369,e802025c,163,2,203,1,4d5e252e,,,2026-07-15,2026-07-15
8370,3cfd560e,435,5,202,3,ae0deda5,,,2026-07-15,2026-07-15
8371,02cbad92,688,3,201,2,4943c5d9,,,2026-07-15,2026-07-15
8372,b27e457c,535,3,202,2,69b06aa6,,,2026-07-15,2026-07-15
8373,755a50e7,87,2,204,2,860df6aa,,,2026-07-15,2026-07-15
8374,9063840a,597,4,204,3,b716556b,,,2026-07-15,2026-07-15
8375,c2970736,705,1,204,5,0cfefde4,,,2026-07-15,2026-07-15
8376,f6e46db8,581,5,203,2,e75bb09b,,,2026-07-15,2026-07-15
8377,269df806,322,4,202,4,99fed753,,,2026-07-15,2026-07-15
8378,1459eb17,293,7,205,4,a93aa731,,,2026-07-15,2026-07-15
8379,cf6134b0,729,6,202,5,2dcdeda3,,,2026-07-15,2026-07-15
8380,b6e58c97,263,3,201,4,f2fc7978,,,2026-07-15,2026-07-15
8381,3221c3bb,186,1,205,1,1df1fe50,,,2026-07-15,2026-07-15
8382,806ca64c,230,6,201,3,d8b06558,,,2026-07-15,2026-07-15
8383,b907df09,256,7,203,1,a0d8ebba,,,2026-07-15,2026-07-15
8384,c067e684,467,3,204,1,7bc42b05,,,2026-07-15,2026-07-15
8385,c72feb86,243,5,201,2,49fdea5f,,,2026-07-15,2026-07-15
8386,44a3744d,211,6,203,2,5482a297,,,2026-07-15,2026-07-15
8387,6d74952f,101,3,201,4,3a1756fa,,,2026-07-15,2026-07-15
8388,abc55c1e,421,3,205,3,c88f1b8d,,,2026-07-15,2026-07-15
8389,6443462d,659,5,205,4,ac535caa,,,2026-07-15,2026-07-15
8390,d8d76b5e,189,4,201,3,2d4fce37,,,2026-07-15,2026-07-15
8391,b3f69e23,373,3,203,5,01974f0f,,,2026-07-15,2026-07-15
8392,b2cf9784,554,3,204,1,57221ec9,,,2026-07-15,2026-07-15
8393,5b0d9793,577,2,202,5,2c760828,,,2026-07-15,2026-07-15
8394,d11090ba,369,7,202,1,18d773af,,,2026-07-15,2026-07-15
8395,ae33bd8f,200,6,203,5,b730e9e6,,,2026-07-15,2026-07-15
8396,08f534c2,484,2,202,5,11f3df17,,,2026-07-15,2026-07-15
8397,3f48798a,302,5,201,5,72b21457,,,2026-07-15,2026-07-15
8398,1eb3682e,12,7,202,1,0fbb521a,,,2026-07-15,2026-07-15
8399,253d001f,449,1,204,3,3110a49a,,,2026-07-15,2026-07-15
8400,346bf701,552,6,203,4,b7effad0,,,2026-07-15,2026-07-15
8401,108fae2e,671,5,202,2,49fdea5f,,,2026-07-15,2026-07-15
8402,f414b5f6,694,3,205,2,1242762d,,,2026-07-15,2026-07-15
8403,3f27e6c8,81,1,201,1,dfe6e1ff,,,2026-07-15,2026-07-15
8404,0c93f978,77,6,205,4,6a0cd270,,,2026-07-15,2026-07-15
8405,acdb757a,90,1,203,2,d8b06558,,,2026-07-15,2026-07-15
8406,80274706,50,6,204,4,25faaa82,,,2026-07-15,2026-07-15
8407,01930a51,363,3,205,3,0cfefde4,,,2026-07-15,2026-07-15
8408,ffc994fe,33,2,201,5,1df1fe50,,,2026-07-15,2026-07-15
8409,13f74225,33,3,201,2,ede49010,,,2026-07-15,2026-07-15
8410,1287d3b0,403,6,204,5,9ac47356,,,2026-07-15,2026-07-15
8411,65673151,314,2,201,1,efc887b8,,,2026-07-15,2026-07-15
8412,210f5172,76,3,202,2,b755ebae,,,2026-07-15,2026-07-15
8413,d6de75ff,165,3,203,2,43b89e78,,,2026-07-15,2026-07-15
8414,8716a63b,454,4,205,1,3184736b,,,2026-07-15,2026-07-15
8415,23598cdb,423,5,205,5,9349d295,,,2026-07-15,2026-07-15
8416,97bd7dbe,652,7,202,2,ec486749,,,2026-07-15,2026-07-15
8417,d34b46f5,224,7,202,3,8993064a,,,2026-07-15,2026-07-15
8418,34f28f49,335,7,202,2,6c4f0c4c,,,2026-07-15,2026-07-15
8419,aed21534,184,7,203,3,e5d0ffbb,,,2026-07-15,2026-07-15
8420,7260fced,306,4,201,4,2c42c662,,,2026-07-15,2026-07-15
8421,41e7ae58,648,2,202,3,7643c1ee,,,2026-07-15,2026-07-15
8422,9c80948c,387,6,202,5,de084e17,,,2026-07-15,2026-07-15
8423,65d99e54,272,6,202,2,e6d45de3,,,2026-07-15,2026-07-15
8424,a7d6d44a,14,6,201,3,442d941c,,,2026-07-15,2026-07-15
8425,abcf8e93,450,5,203,1,b4065ef4,,,2026-07-15,2026-07-15
8426,e9f09c8a,379,2,203,1,4d5e252e,,,2026-07-15,2026-07-15
8427,e2199d00,702,6,204,2,7b748fb3,,,2026-07-15,2026-07-15
8428,721755e7,199,2,203,1,2d45f6bd,,,2026-07-15,2026-07-15
8429,01d3d20f,565,7,203,2,ac535caa,,,2026-07-15,2026-07-15
8430,e8ca2688,556,5,204,1,89c3a817,,,2026-07-15,2026-07-15
8431,68712ba2,726,4,204,1,5905a3e7,,,2026-07-15,2026-07-15
8432,af6fb1d7,553,6,204,3,1139e59a,,,2026-07-15,2026-07-15
8433,d0757093,122,5,205,5,cb8ec133,,,2026-07-15,2026-07-15
8434,7bbe4a1f,256,2,203,5,19a61dd4,,,2026-07-15,2026-07-15
8435,8262c5b9,693,1,201,5,4db20d32,,,2026-07-15,2026-07-15
8436,21719613,384,4,204,4,49fdea5f,,,2026-07-15,2026-07-15
8437,396af0e8,407,4,204,3,37166503,,,2026-07-15,2026-07-15
8438,b14a4fa3,544,5,205,1,ccde9baa,,,2026-07-15,2026-07-15
8439,86fdbd20,172,5,205,2,2d45f6bd,,,2026-07-15,2026-07-15
8440,ed6a6b31,440,4,204,2,18d773af,,,2026-07-15,2026-07-15
8441,581fe943,13,7,204,1,d2599bb6,,,2026-07-15,2026-07-15
8442,d1935046,294,1,203,1,4aeffd09,,,2026-07-15,2026-07-15
8443,fc5326aa,657,2,201,2,719fa89e,,,2026-07-15,2026-07-15
8444,389dba3e,77,6,202,2,20f9eb9c,,,2026-07-15,2026-07-15
8445,bf6e7e85,274,1,204,2,e3ec02d4,,,2026-07-15,2026-07-15
8446,85c6f5a6,467,4,201,3,4db20d32,,,2026-07-15,2026-07-15
8447,833bfdce,71,4,202,4,3929633d,,,2026-07-15,2026-07-15
8448,e5f048a8,452,1,201,1,ca496ce9,,,2026-07-15,2026-07-15
8449,4be32928,703,7,203,4,dd88df46,,,2026-07-15,2026-07-15
8450,4d2d56a0,485,5,201,4,2df8b6f4,,,2026-07-15,2026-07-15
8451,4eb7109c,584,6,205,1,c7ead2cc,,,2026-07-15,2026-07-15
8452,94cbfcef,604,5,201,4,63369e6c,,,2026-07-15,2026-07-15
8453,f679d808,646,1,202,4,1e4cea7e,,,2026-07-15,2026-07-15
8454,c9f92f51,713,1,203,2,8ad52b25,,,2026-07-15,2026-07-15
8455,79020a43,240,6,204,5,ae18638f,,,2026-07-15,2026-07-15
8456,c42cc6a0,139,3,205,2,fa578b09,,,2026-07-15,2026-07-15
8457,0c861344,717,1,205,3,3d657bb9,,,2026-07-15,2026-07-15
8458,baa22f35,121,7,204,4,3e66160b,,,2026-07-15,2026-07-15
8459,82f881e1,286,4,201,5,8125c6f0,,,2026-07-15,2026-07-15
8460,e7fbdb11,128,3,202,5,dd88df46,,,2026-07-15,2026-07-15
8461,d79f8608,652,3,202,4,bd5892a8,,,2026-07-15,2026-07-15
8462,400c37cf,174,1,203,1,c05e9193,,,2026-07-15,2026-07-15
8463,23f76a71,83,3,201,2,f0924da4,,,2026-07-15,2026-07-15
8464,7e3160de,367,1,204,4,1b14dcc9,,,2026-07-15,2026-07-15
8465,93039373,136,3,204,3,d8edbef1,,,2026-07-15,2026-07-15
8466,0997674a,271,5,202,3,13a46227,,,2026-07-15,2026-07-15
8467,f8ae9449,496,7,202,4,eb3c1fb7,,,2026-07-15,2026-07-15
8468,2802963e,583,4,205,2,4363b8d6,,,2026-07-15,2026-07-15
8469,ef3801f7,656,4,205,5,13a46227,,,2026-07-15,2026-07-15
8470,c49b32ec,537,5,205,3,3a0f258a,,,2026-07-15,2026-07-15
8471,4b69219a,470,1,204,3,4049e911,,,2026-07-15,2026-07-15
8472,ffdaac99,706,4,203,4,ce1b52ae,,,2026-07-15,2026-07-15
8473,bf81586e,305,6,202,3,25b7eced,,,2026-07-15,2026-07-15
8474,ea43ff65,632,3,202,2,38daf3c5,,,2026-07-15,2026-07-15
8475,be8c3557,594,2,204,5,62bfa0d9,,,2026-07-15,2026-07-15
8476,8a8d7ac9,170,7,204,1,6e76c557,,,2026-07-15,2026-07-15
8477,14f17b31,2,3,201,4,f27bb490,,,2026-07-15,2026-07-15
8478,3c77b2ff,553,3,204,1,6f2a321a,,,2026-07-15,2026-07-15
8479,4c679b21,28,5,201,4,bde42cc1,,,2026-07-15,2026-07-15
8480,d0ff80b9,447,1,205,5,e03caed0,,,2026-07-15,2026-07-15
8481,c664de06,690,2,205,4,f0758699,,,2026-07-15,2026-07-15
8482,9539d3a6,680,4,204,3,3110a49a,,,2026-07-15,2026-07-15
8483,f73df92d,452,7,205,2,a30580a1,,,2026-07-15,2026-07-15
8484,01a50b0d,433,7,205,4,247dccf1,,,2026-07-15,2026-07-15
8485,7d2ec5db,43,2,202,2,ddaa1bf9,,,2026-07-15,2026-07-15
8486,bbe633da,17,4,203,2,37354f22,,,2026-07-15,2026-07-15
8487,f04d6cd0,70,7,202,5,827ac471,,,2026-07-15,2026-07-15
8488,f9d67ebb,145,3,204,4,0a18e760,,,2026-07-15,2026-07-15
8489,c41e82ab,643,1,204,3,f6ab1ed5,,,2026-07-15,2026-07-15
8490,56ea86fa,531,5,203,4,f0758699,,,2026-07-15,2026-07-15
8491,08c54099,122,5,202,1,ec486749,,,2026-07-15,2026-07-15
8492,1e212879,616,3,202,1,df28e3f0,,,2026-07-15,2026-07-15
8493,c04cd280,382,4,202,1,dd3198d1,,,2026-07-15,2026-07-15
8494,bbab7350,464,2,203,1,4ba49536,,,2026-07-15,2026-07-15
8495,d6a3214a,503,6,202,4,7e1de19d,,,2026-07-15,2026-07-15
8496,fd3cff13,37,2,205,1,ccde9baa,,,2026-07-15,2026-07-15
8497,28ed4700,183,5,202,1,d8a2bbd7,,,2026-07-15,2026-07-15
8498,10146649,421,5,203,5,f2fc7978,,,2026-07-15,2026-07-15
8499,c206f050,11,7,205,2,7b868e56,,,2026-07-15,2026-07-15
8500,45a04f57,623,7,203,3,6a0cd270,,,2026-07-15,2026-07-15
8501,af875d5c,370,1,202,4,2e179883,,,2026-07-15,2026-07-15
8502,55d75a9b,469,1,202,4,f27a730c,,,2026-07-15,2026-07-15
8503,faab3282,98,2,204,2,3184736b,,,2026-07-15,2026-07-15
8504,8842c3ec,400,1,201,5,61fab6f7,,,2026-07-15,2026-07-15
8505,f41b92a3,507,6,201,2,d8a2bbd7,,,2026-07-15,2026-07-15
8506,fcc7eed0,419,2,202,2,58954ba4,,,2026-07-15,2026-07-15
8507,9a9368f4,478,6,201,5,3e66160b,,,2026-07-15,2026-07-15
8508,4fe14fcf,29,4,205,3,434c2454,,,2026-07-15,2026-07-15
8509,82aa94f3,366,6,203,2,4960cc67,,,2026-07-15,2026-07-15
8510,6462e96e,53,6,205,2,77449c06,,,2026-07-15,2026-07-15
8511,2b5540ba,12,6,204,1,a0d8ebba,,,2026-07-15,2026-07-15
8512,74b1f117,366,6,204,1,fe86a413,,,2026-07-15,2026-07-15
8513,60946529,727,4,202,4,b244f9d6,,,2026-07-15,2026-07-15
8514,5b64155a,299,3,201,1,b730e9e6,,,2026-07-15,2026-07-15
8515,0a39357f,499,6,203,2,9e7dae2e,,,2026-07-15,2026-07-15
8516,be588eec,649,3,204,1,fc9cf0b8,,,2026-07-15,2026-07-15
8517,87a70492,81,2,204,1,a79b76cb,,,2026-07-15,2026-07-15
8518,a4f58959,377,2,202,2,0d484e5f,,,2026-07-15,2026-07-15
8519,6ef8d5a0,566,3,205,1,208d275a,,,2026-07-15,2026-07-15
8520,fc7e2a9e,14,7,203,5,2d4fce37,,,2026-07-15,2026-07-15
8521,408d1168,568,5,201,4,943eab83,,,2026-07-15,2026-07-15
8522,aa7cf727,530,1,203,1,df28e3f0,,,2026-07-15,2026-07-15
8523,65f90d22,504,2,204,5,1f937553,,,2026-07-15,2026-07-15
8524,cdc11f94,497,5,203,1,cc9f65a9,,,2026-07-15,2026-07-15
8525,96e15f26,310,5,204,3,e6d45de3,,,2026-07-15,2026-07-15
8526,d5445999,575,6,204,3,aece207c,,,2026-07-15,2026-07-15
8527,52d33720,687,4,205,2,f399f8e1,,,2026-07-15,2026-07-15
8528,2b43d09f,398,3,205,5,41c72cdb,,,2026-07-15,2026-07-15
8529,5f8a9a2c,538,4,205,1,61fab6f7,,,2026-07-15,2026-07-15
8530,2c1c7277,536,4,203,2,9349d295,,,2026-07-15,2026-07-15
8531,e7b85bd1,477,1,203,4,ec5b641f,,,2026-07-15,2026-07-15
8532,e7500510,507,2,205,2,f033669c,,,2026-07-15,2026-07-15
8533,a97592ea,635,7,205,4,d2599bb6,,,2026-07-15,2026-07-15
8534,cfc4ced2,104,5,205,2,e5d0ffbb,,,2026-07-15,2026-07-15
8535,5f271154,214,6,203,2,6c4f0c4c,,,2026-07-15,2026-07-15
8536,93cbd41a,496,3,204,2,6f2a321a,,,2026-07-15,2026-07-15
8537,b6133dbd,722,7,204,3,c4993de9,,,2026-07-15,2026-07-15
8538,adca0b74,16,6,204,5,bb9d2955,,,2026-07-15,2026-07-15
8539,ddb5ec12,323,2,201,4,fdb588e8,,,2026-07-15,2026-07-15
8540,dadd0e91,596,4,201,3,fdb588e8,,,2026-07-15,2026-07-15
8541,13a62c8a,103,3,205,1,0fcaa55a,,,2026-07-15,2026-07-15
8542,3f1baafe,487,6,202,5,369a8438,,,2026-07-15,2026-07-15
8543,53fcff49,550,1,202,1,550393a0,,,2026-07-15,2026-07-15
8544,d0fde969,534,3,201,1,1dc2bf91,,,2026-07-15,2026-07-15
8545,a6c790fd,247,4,202,2,3e66160b,,,2026-07-15,2026-07-15
8546,f6084d2b,359,4,204,3,ae0deda5,,,2026-07-15,2026-07-15
8547,eba560ee,474,3,204,1,91c9bcd7,,,2026-07-15,2026-07-15
8548,e9dda094,132,1,201,4,369a8438,,,2026-07-15,2026-07-15
8549,fa97fd16,191,7,203,4,641c61ac,,,2026-07-15,2026-07-15
8550,cc6b9d3d,544,1,203,2,a93aa731,,,2026-07-15,2026-07-15
8551,c00c9aa6,623,4,201,4,72b21457,,,2026-07-15,2026-07-15
8552,5169f6d5,130,7,202,4,7a5bc5c2,,,2026-07-15,2026-07-15
8553,1d6cfb24,150,1,203,3,b730e9e6,,,2026-07-15,2026-07-15
8554,9ae88321,607,6,202,1,943eab83,,,2026-07-15,2026-07-15
8555,c123da4b,705,2,201,1,dfe6e1ff,,,2026-07-15,2026-07-15
8556,f7bcfd16,42,2,202,2,8125c6f0,,,2026-07-15,2026-07-15
8557,9ce74297,674,7,201,2,4049e911,,,2026-07-15,2026-07-15
8558,ecb46a70,294,7,203,1,6e76c557,,,2026-07-15,2026-07-15
8559,a62c23f4,60,7,202,4,bb9d2955,,,2026-07-15,2026-07-15
8560,c41bb91d,450,6,205,2,95f70b4e,,,2026-07-15,2026-07-15
8561,a8beb4d8,402,7,204,1,d88f6a7f,,,2026-07-15,2026-07-15
8562,d4536546,251,7,202,4,bc297930,,,2026-07-15,2026-07-15
8563,5a47124c,566,4,201,2,4739f6d9,,,2026-07-15,2026-07-15
8564,6e019b1c,512,7,205,3,2e179883,,,2026-07-15,2026-07-15
8565,a8c7d08a,241,3,204,4,69b06aa6,,,2026-07-15,2026-07-15
8566,441e8182,564,2,204,4,fe86a413,,,2026-07-15,2026-07-15
8567,aa34570d,221,7,205,2,4907af8c,,,2026-07-15,2026-07-15
8568,daec5935,494,2,204,1,c05e9193,,,2026-07-15,2026-07-15
8569,93dde80c,83,4,204,3,719fa89e,,,2026-07-15,2026-07-15
8570,800b45b9,192,1,201,5,f169683e,,,2026-07-15,2026-07-15
8571,5a889e49,460,3,205,2,52b3375c,,,2026-07-15,2026-07-15
8572,674fba23,420,4,202,2,01974f0f,,,2026-07-15,2026-07-15
8573,5678738f,437,2,203,2,cbcf13d1,,,2026-07-15,2026-07-15
8574,f61d621f,620,7,203,4,a426a28e,,,2026-07-15,2026-07-15
8575,73d9846b,527,4,203,5,4ce20b01,,,2026-07-15,2026-07-15
8576,cc94ac01,475,6,204,4,cb8ec133,,,2026-07-15,2026-07-15
8577,15de9b9b,78,7,202,4,cbcf13d1,,,2026-07-15,2026-07-15
8578,d5304c2f,427,3,203,4,a040e169,,,2026-07-15,2026-07-15
8579,09b888ba,26,6,201,3,c84a0390,,,2026-07-15,2026-07-15
8580,b1c97aec,312,5,205,3,52368d16,,,2026-07-15,2026-07-15
8581,f99a6864,73,3,204,5,2dcdeda3,,,2026-07-15,2026-07-15
8582,ccee0498,460,4,204,1,4392286c,,,2026-07-15,2026-07-15
8583,4150eeee,115,7,201,5,dfcfee6c,,,2026-07-15,2026-07-15
8584,a798c46b,104,6,205,5,f169683e,,,2026-07-15,2026-07-15
8585,44118ff7,239,1,203,3,0b6ae467,,,2026-07-15,2026-07-15
8586,bb24bf18,204,3,205,1,bc297930,,,2026-07-15,2026-07-15
8587,45b037a6,144,3,201,5,1d498af8,,,2026-07-15,2026-07-15
8588,05d5a828,706,5,204,2,aece207c,,,2026-07-15,2026-07-15
8589,7b38fe5b,502,5,204,4,95ec6e5b,,,2026-07-15,2026-07-15
8590,7516ac5d,396,7,201,2,8ad52b25,,,2026-07-15,2026-07-15
8591,f7dc3e28,256,4,205,5,465c1c13,,,2026-07-15,2026-07-15
8592,1e89d51b,527,1,205,2,3929633d,,,2026-07-15,2026-07-15
8593,4813f7a4,249,3,205,1,2a9b3aaa,,,2026-07-15,2026-07-15
8594,5ceba9f4,724,1,205,5,13a46227,,,2026-07-15,2026-07-15
8595,3f4f25b1,179,7,202,5,082d21de,,,2026-07-15,2026-07-15
8596,085d4575,588,6,203,3,0b454108,,,2026-07-15,2026-07-15
8597,9039020c,189,2,202,4,77c6d634,,,2026-07-15,2026-07-15
8598,cbf98d20,26,2,201,3,01974f0f,,,2026-07-15,2026-07-15
8599,726bec9a,314,7,205,3,944084a9,,,2026-07-15,2026-07-15
8600,3f5d51ad,453,7,203,1,b51ae2f1,,,2026-07-15,2026-07-15
8601,efb58082,227,6,204,3,7ad06864,,,2026-07-15,2026-07-15
8602,1d646186,52,6,202,1,a79b76cb,,,2026-07-15,2026-07-15
8603,cb90e933,629,4,205,4,1e6e7fcd,,,2026-07-15,2026-07-15
8604,17dc63d1,730,1,202,2,a30580a1,,,2026-07-15,2026-07-15
8605,1c17444f,427,2,204,2,61fab6f7,,,2026-07-15,2026-07-15
8606,fa30a7cf,671,2,203,4,32029984,,,2026-07-15,2026-07-15
8607,0884d67d,35,1,203,5,3e66160b,,,2026-07-15,2026-07-15
8608,85103aaa,562,2,204,2,99fed753,,,2026-07-15,2026-07-15
8609,4b7c9bf9,114,7,203,1,d8edbef1,,,2026-07-15,2026-07-15
8610,678628a6,182,7,204,4,52368d16,,,2026-07-15,2026-07-15
8611,c7213f63,676,1,202,2,7b748fb3,,,2026-07-15,2026-07-15
8612,ac6ab9c6,227,7,204,4,cedf6f69,,,2026-07-15,2026-07-15
8613,3f091ebb,148,4,205,5,4907af8c,,,2026-07-15,2026-07-15
8614,fb505322,240,3,205,1,a638b4b0,,,2026-07-15,2026-07-15
8615,ebc2de20,185,3,205,4,7e1de19d,,,2026-07-15,2026-07-15
8616,1a020102,204,4,203,3,c4e558ad,,,2026-07-15,2026-07-15
8617,7cfc962e,563,6,205,3,57221ec9,,,2026-07-15,2026-07-15
8618,f582a513,89,1,202,1,ec5b641f,,,2026-07-15,2026-07-15
8619,4e2bbf02,721,3,203,2,fb5ef791,,,2026-07-15,2026-07-15
8620,b9f58a09,138,1,204,3,3e66160b,,,2026-07-15,2026-07-15
8621,37a0f75c,684,3,201,4,1b14dcc9,,,2026-07-15,2026-07-15
8622,889ce3d6,173,5,201,2,7bc42b05,,,2026-07-15,2026-07-15
8623,608671a7,344,7,205,4,7b748fb3,,,2026-07-15,2026-07-15
8624,5ed5043f,665,6,202,1,df92d410,,,2026-07-15,2026-07-15
8625,123288e1,115,6,202,3,fdb588e8,,,2026-07-15,2026-07-15
8626,4916906d,521,2,203,2,3d6a9dc8,,,2026-07-15,2026-07-15
8627,e2e4cdda,538,5,205,5,b115a948,,,2026-07-15,2026-07-15
8628,0e3033c1,422,5,204,1,aece207c,,,2026-07-15,2026-07-15
8629,8253d324,455,1,201,1,1e6e7fcd,,,2026-07-15,2026-07-15
8630,719d8b6a,694,1,203,3,4392286c,,,2026-07-15,2026-07-15
8631,0897c66d,70,6,204,3,628a4d89,,,2026-07-15,2026-07-15
8632,d81f2de2,129,5,203,5,6568690c,,,2026-07-15,2026-07-15
8633,5ce4e3ca,434,1,205,2,2f730975,,,2026-07-15,2026-07-15
8634,ef2b2708,350,1,201,2,2e179883,,,2026-07-15,2026-07-15
8635,d967ea73,42,4,201,2,cc9f65a9,,,2026-07-15,2026-07-15
8636,109904cf,447,6,203,2,45592551,,,2026-07-15,2026-07-15
8637,31150fcd,453,1,203,5,72b21457,,,2026-07-15,2026-07-15
8638,8e8db014,109,3,202,3,082d21de,,,2026-07-15,2026-07-15
8639,1d449638,240,1,202,1,434c2454,,,2026-07-15,2026-07-15
8640,1ba0a72c,41,5,201,3,5e91ed7b,,,2026-07-15,2026-07-15
8641,32c0e479,556,4,203,1,8b414a94,,,2026-07-15,2026-07-15
8642,8c969752,703,5,203,1,d8edbef1,,,2026-07-15,2026-07-15
8643,2272d308,565,5,201,2,a4e3426c,,,2026-07-15,2026-07-15
8644,ad50d025,494,2,202,5,346c1416,,,2026-07-15,2026-07-15
8645,46d0fcd8,244,6,203,2,ae0deda5,,,2026-07-15,2026-07-15
8646,f9be9f16,173,5,201,5,4e431688,,,2026-07-15,2026-07-15
8647,d48b7834,700,7,203,4,1e4cea7e,,,2026-07-15,2026-07-15
8648,f0560e9b,2,4,204,2,641c61ac,,,2026-07-15,2026-07-15
8649,690ac700,384,5,202,1,7b868e56,,,2026-07-15,2026-07-15
8650,749cb61a,593,4,204,5,aefc1727,,,2026-07-15,2026-07-15
8651,68882f23,83,6,204,5,32029984,,,2026-07-15,2026-07-15
8652,d749248d,500,3,202,4,434c2454,,,2026-07-15,2026-07-15
8653,e653d4e1,244,3,202,4,96379792,,,2026-07-15,2026-07-15
8654,5552bbf1,583,4,204,3,f0924da4,,,2026-07-15,2026-07-15
8655,51150b73,534,6,203,3,6ef9ace3,,,2026-07-15,2026-07-15
8656,f0a6f322,109,5,204,2,68f3c4e5,,,2026-07-15,2026-07-15
8657,fc06e0f8,426,1,204,5,0d4d4804,,,2026-07-15,2026-07-15
8658,fd843ac4,172,6,203,5,69b06aa6,,,2026-07-15,2026-07-15
8659,ead52bc2,520,4,202,3,3f26afe9,,,2026-07-15,2026-07-15
8660,9bb91931,206,7,204,5,49fdea5f,,,2026-07-15,2026-07-15
8661,e8bf89d6,283,2,204,5,e3ec02d4,,,2026-07-15,2026-07-15
8662,5d8ec8db,176,7,201,5,082d21de,,,2026-07-15,2026-07-15
8663,4e4cc074,703,5,202,1,3832abbc,,,2026-07-15,2026-07-15
8664,68f9563f,675,6,203,1,53648c48,,,2026-07-15,2026-07-15
8665,fc29cded,154,1,203,1,eb3c1fb7,,,2026-07-15,2026-07-15
8666,6c5a60ed,302,2,203,5,7f1bca00,,,2026-07-15,2026-07-15
8667,b61dda3c,522,4,203,4,9e7dae2e,,,2026-07-15,2026-07-15
8668,d2967808,645,1,201,1,bd5892a8,,,2026-07-15,2026-07-15
8669,d5c75e9b,19,5,202,1,ba285e29,,,2026-07-15,2026-07-15
8670,484a8efe,35,7,205,2,7704f92c,,,2026-07-15,2026-07-15
8671,5018d95a,207,5,201,3,827ac471,,,2026-07-15,2026-07-15
8672,2808fc80,724,6,203,2,d88f6a7f,,,2026-07-15,2026-07-15
8673,8e43a044,158,1,202,3,ec5b641f,,,2026-07-15,2026-07-15
8674,3f338b63,162,4,201,5,718406a2,,,2026-07-15,2026-07-15
8675,e474eeee,143,5,201,5,e0d2a5f3,,,2026-07-15,2026-07-15
8676,bf10b2b4,75,3,201,4,c7ead2cc,,,2026-07-15,2026-07-15
8677,6173fa98,506,2,205,3,bd47b713,,,2026-07-15,2026-07-15
8678,04df8425,667,2,202,5,25b7eced,,,2026-07-15,2026-07-15
8679,f66a89c2,401,4,201,1,f18b66c1,,,2026-07-15,2026-07-15
8680,9a5d0d38,388,3,202,1,aece207c,,,2026-07-15,2026-07-15
8681,e305c89a,42,7,205,1,822c1444,,,2026-07-15,2026-07-15
8682,0f9a3bec,227,7,204,1,efc887b8,,,2026-07-15,2026-07-15
8683,4d436e93,726,4,204,5,ff079788,,,2026-07-15,2026-07-15
8684,9480a127,507,5,202,3,f27bb490,,,2026-07-15,2026-07-15
8685,5b50cb7c,466,2,205,5,45c95088,,,2026-07-15,2026-07-15
8686,86dea577,571,2,204,2,c578c38f,,,2026-07-15,2026-07-15
8687,96755720,522,3,203,1,bed1ac6c,,,2026-07-15,2026-07-15
8688,87a47c01,459,2,202,4,c4993de9,,,2026-07-15,2026-07-15
8689,f4f9a4b2,283,2,202,3,f248f0c6,,,2026-07-15,2026-07-15
8690,e772b8d8,602,2,204,2,9efecf41,,,2026-07-15,2026-07-15
8691,7422c70a,729,2,203,1,57be6156,,,2026-07-15,2026-07-15
8692,dbfdda0b,690,2,204,1,3d657bb9,,,2026-07-15,2026-07-15
8693,048d6873,636,7,203,2,3fc80484,,,2026-07-15,2026-07-15
8694,e406b999,555,6,205,2,3f491b77,,,2026-07-15,2026-07-15
8695,d7cd8311,236,1,202,4,5e4299db,,,2026-07-15,2026-07-15
8696,db0ce7cf,164,7,205,1,cc9f65a9,,,2026-07-15,2026-07-15
8697,69895506,548,1,202,1,15a65ae5,,,2026-07-15,2026-07-15
8698,ae739f17,166,5,201,5,9349d295,,,2026-07-15,2026-07-15
8699,f447d1f7,645,2,204,4,1d9305e2,,,2026-07-15,2026-07-15
8700,e83b6f7d,347,6,204,2,434c2454,,,2026-07-15,2026-07-15
8701,dc861cf4,60,1,203,1,548dc0b3,,,2026-07-15,2026-07-15
8702,a8031096,412,7,201,3,0b454108,,,2026-07-15,2026-07-15
8703,02070aa0,174,1,201,1,8d3cc46f,,,2026-07-15,2026-07-15
8704,2b27da5e,64,2,201,2,dd3198d1,,,2026-07-15,2026-07-15
8705,16f5ab5e,261,1,205,2,32029984,,,2026-07-15,2026-07-15
8706,60e752c0,142,7,202,2,d2599bb6,,,2026-07-15,2026-07-15
8707,a803dddd,255,7,203,2,1dc2bf91,,,2026-07-15,2026-07-15
8708,484fb9cb,534,1,204,1,852032b7,,,2026-07-15,2026-07-15
8709,395e0eeb,637,1,202,1,d9c08140,,,2026-07-15,2026-07-15
8710,9548f6f8,489,6,204,4,1e4cea7e,,,2026-07-15,2026-07-15
8711,7e78fd2e,141,7,202,2,3c63e5d3,,,2026-07-15,2026-07-15
8712,b7843991,2,4,203,4,0fcaa55a,,,2026-07-15,2026-07-15
8713,a17bfa0a,314,2,202,5,efc887b8,,,2026-07-15,2026-07-15
8714,6e25f73e,450,6,203,4,082d21de,,,2026-07-15,2026-07-15
8715,4d4d697a,345,4,202,5,5e91ed7b,,,2026-07-15,2026-07-15
8716,e47ec581,511,6,205,5,c475f6fc,,,2026-07-15,2026-07-15
8717,d6ee0bcc,240,3,203,4,3c63e5d3,,,2026-07-15,2026-07-15
8718,1f9e9868,72,2,203,3,ee98f97e,,,2026-07-15,2026-07-15
8719,faad3016,612,1,203,3,163d0b32,,,2026-07-15,2026-07-15
8720,5ce44fac,357,5,204,1,ede49010,,,2026-07-15,2026-07-15
8721,b85e9a40,280,6,203,4,247dccf1,,,2026-07-15,2026-07-15
8722,6ba530d9,20,7,201,2,42d0014c,,,2026-07-15,2026-07-15
8723,5ea94419,647,5,204,1,c7ead2cc,,,2026-07-15,2026-07-15
8724,8e1d8d94,725,4,204,1,7f1bca00,,,2026-07-15,2026-07-15
8725,ad9744e1,366,5,204,3,b03540b1,,,2026-07-15,2026-07-15
8726,9b7d9009,473,6,205,3,b03540b1,,,2026-07-15,2026-07-15
8727,9db181b9,458,7,202,2,c84a0390,,,2026-07-15,2026-07-15
8728,4665109a,723,5,202,4,6f28469e,,,2026-07-15,2026-07-15
8729,93662c4f,87,7,205,5,f27a730c,,,2026-07-15,2026-07-15
8730,c5a1047c,451,5,204,4,a0d8ebba,,,2026-07-15,2026-07-15
8731,f18ee50e,630,1,204,4,718406a2,,,2026-07-15,2026-07-15
8732,9b334bea,379,7,201,5,1a601f48,,,2026-07-15,2026-07-15
8733,45b68fe7,393,6,205,2,6f2a321a,,,2026-07-15,2026-07-15
8734,7460b0e3,571,7,205,1,cc9f65a9,,,2026-07-15,2026-07-15
8735,cec27d4a,28,1,204,3,b4065ef4,,,2026-07-15,2026-07-15
8736,0fc46825,470,3,205,1,62bfa0d9,,,2026-07-15,2026-07-15
8737,0acb932e,319,7,205,1,1e6e7fcd,,,2026-07-15,2026-07-15
8738,8d2cff3f,114,7,201,5,6b6d0941,,,2026-07-15,2026-07-15
8739,7b662b23,187,5,205,5,fdb588e8,,,2026-07-15,2026-07-15
8740,a1a833fd,81,2,204,1,8b414a94,,,2026-07-15,2026-07-15
8741,c26cb286,180,4,205,4,7e22a2b5,,,2026-07-15,2026-07-15
8742,323dd406,575,4,202,5,efc887b8,,,2026-07-15,2026-07-15
8743,a384d18e,269,1,203,4,5a5bf759,,,2026-07-15,2026-07-15
8744,0279e480,565,6,202,3,d9c08140,,,2026-07-15,2026-07-15
8745,74cc6c52,378,7,204,3,ca496ce9,,,2026-07-15,2026-07-15
8746,1e2b23f6,562,2,203,2,52b3375c,,,2026-07-15,2026-07-15
8747,88f12cff,629,2,205,4,021c675d,,,2026-07-15,2026-07-15
8748,55732023,538,1,203,4,944084a9,,,2026-07-15,2026-07-15
8749,374a71a8,672,5,204,1,0b6ae467,,,2026-07-15,2026-07-15
8750,bc8a86dd,707,7,202,3,6a0cd270,,,2026-07-15,2026-07-15
8751,2a1d9207,658,1,205,1,c4cdb41c,,,2026-07-15,2026-07-15
8752,9ee2bdfd,85,2,205,1,8125c6f0,,,2026-07-15,2026-07-15
8753,ec479273,643,5,203,3,9dd48364,,,2026-07-15,2026-07-15
8754,2330740c,93,7,203,3,550393a0,,,2026-07-15,2026-07-15
8755,ace1a454,169,7,202,5,4799194e,,,2026-07-15,2026-07-15
8756,f38d8777,620,1,201,2,b3125078,,,2026-07-15,2026-07-15
8757,9fb46803,17,5,204,4,56205f69,,,2026-07-15,2026-07-15
8758,cf5c288a,698,7,204,1,5dff7cb7,,,2026-07-15,2026-07-15
8759,a06cfeb1,408,7,205,2,0fbb521a,,,2026-07-15,2026-07-15
8760,8449de57,445,4,201,2,c50cc14e,,,2026-07-15,2026-07-15
8761,0d81f026,231,7,201,2,89c3a817,,,2026-07-15,2026-07-15
8762,e153bb16,203,7,204,3,c50cc14e,,,2026-07-15,2026-07-15
8763,c4271372,510,3,202,4,dfe6e1ff,,,2026-07-15,2026-07-15
8764,a4c4c143,695,1,205,4,5ae61d1c,,,2026-07-15,2026-07-15
8765,b0657933,700,5,201,2,dd3198d1,,,2026-07-15,2026-07-15
8766,162d03c9,199,2,201,5,5dff7cb7,,,2026-07-15,2026-07-15
8767,b4bae90c,391,7,201,4,641c61ac,,,2026-07-15,2026-07-15
8768,7dc5c5dd,429,6,202,1,9ac47356,,,2026-07-15,2026-07-15
8769,213a2cb9,575,7,203,3,9dd48364,,,2026-07-15,2026-07-15
8770,138cb46d,182,1,202,2,60ce4ade,,,2026-07-15,2026-07-15
8771,935c8518,304,5,203,5,7a5bc5c2,,,2026-07-15,2026-07-15
8772,cb5be570,401,3,201,3,c7ead2cc,,,2026-07-15,2026-07-15
8773,2b4183b4,410,5,205,3,52368d16,,,2026-07-15,2026-07-15
8774,30c306b3,427,4,203,1,3f26afe9,,,2026-07-15,2026-07-15
8775,d7604df7,701,4,202,5,dfcfee6c,,,2026-07-15,2026-07-15
8776,a274256d,610,3,203,1,7b868e56,,,2026-07-15,2026-07-15
8777,77a2b549,358,2,201,4,6a0cd270,,,2026-07-15,2026-07-15
8778,4e09f1f3,610,2,205,2,d9c08140,,,2026-07-15,2026-07-15
8779,38ea9f47,543,2,205,4,ec5b641f,,,2026-07-15,2026-07-15
8780,666665b2,37,3,203,1,dd410d5f,,,2026-07-15,2026-07-15
8781,cef81840,33,4,204,3,425b1d3d,,,2026-07-15,2026-07-15
8782,f33fb648,272,7,205,1,4bc76ae2,,,2026-07-15,2026-07-15
8783,4a1441ff,624,3,204,3,4db20d32,,,2026-07-15,2026-07-15
8784,20d9c710,31,1,202,4,719fa89e,,,2026-07-15,2026-07-15
8785,09985681,608,2,201,2,27c530c5,,,2026-07-15,2026-07-15
8786,414f9a58,623,3,204,4,ae18638f,,,2026-07-15,2026-07-15
8787,8076521c,621,3,204,4,f6e5fc4d,,,2026-07-15,2026-07-15
8788,dddacb57,49,2,203,3,c578c38f,,,2026-07-15,2026-07-15
8789,b7eaede0,486,4,205,5,6568690c,,,2026-07-15,2026-07-15
8790,1341411f,717,2,205,2,ef75b4bf,,,2026-07-15,2026-07-15
8791,3eac3236,292,7,202,3,2d4fce37,,,2026-07-15,2026-07-15
8792,e581538e,630,4,201,2,c6934f84,,,2026-07-15,2026-07-15
8793,92606fb6,378,3,202,2,43cbe6fa,,,2026-07-15,2026-07-15
8794,3f4019e3,551,4,204,2,ca496ce9,,,2026-07-15,2026-07-15
8795,c7b620a4,398,2,204,3,37166503,,,2026-07-15,2026-07-15
8796,c36cb8a2,382,5,204,1,6b6d0941,,,2026-07-15,2026-07-15
8797,8266cac2,3,1,204,4,ba285e29,,,2026-07-15,2026-07-15
8798,1ff7256e,208,3,205,4,60ce4ade,,,2026-07-15,2026-07-15
8799,ea2dd168,704,1,203,2,bb9d2955,,,2026-07-15,2026-07-15
8800,17cbf3c0,368,4,205,5,37354f22,,,2026-07-15,2026-07-15
8801,9291c95b,41,4,203,1,3c63e5d3,,,2026-07-15,2026-07-15
8802,2733bc05,519,6,204,1,0d484e5f,,,2026-07-15,2026-07-15
8803,095e8aaf,139,2,202,3,970e594b,,,2026-07-15,2026-07-15
8804,deb55fb5,246,7,202,1,15a65ae5,,,2026-07-15,2026-07-15
8805,5a81d0d0,301,2,201,1,11f3df17,,,2026-07-15,2026-07-15
8806,93b50a4a,482,6,201,2,f0924da4,,,2026-07-15,2026-07-15
8807,a576dd69,319,2,203,2,52368d16,,,2026-07-15,2026-07-15
8808,35b54508,533,2,201,4,fa578b09,,,2026-07-15,2026-07-15
8809,59f601af,154,7,201,2,d9c08140,,,2026-07-15,2026-07-15
8810,137bc5e8,81,6,205,4,4ce20b01,,,2026-07-15,2026-07-15
8811,e3923cf2,259,3,204,2,20f9eb9c,,,2026-07-15,2026-07-15
8812,2de72a34,75,3,201,2,ede49010,,,2026-07-15,2026-07-15
8813,42b05c78,357,5,204,3,036ada7f,,,2026-07-15,2026-07-15
8814,761f2ad2,145,3,203,5,a8a7db6d,,,2026-07-15,2026-07-15
8815,571d2ec1,376,4,203,1,2d4fce37,,,2026-07-15,2026-07-15
8816,14c94f75,90,3,202,3,4ce20b01,,,2026-07-15,2026-07-15
8817,c2b9f296,602,3,202,3,9efecf41,,,2026-07-15,2026-07-15
8818,72fb5715,534,5,201,2,367ca016,,,2026-07-15,2026-07-15
8819,7bfde254,205,5,205,5,9e7dae2e,,,2026-07-15,2026-07-15
8820,ee8008e1,360,7,201,3,a84540d1,,,2026-07-15,2026-07-15
8821,7be3ed0f,493,5,204,3,ec486749,,,2026-07-15,2026-07-15
8822,ae1e0512,334,5,203,3,7704f92c,,,2026-07-15,2026-07-15
8823,e8f4bb3a,649,1,203,3,5ae61d1c,,,2026-07-15,2026-07-15
8824,7f0ff741,520,7,201,2,487a1dd7,,,2026-07-15,2026-07-15
8825,e27ebe8a,177,3,202,5,74258308,,,2026-07-15,2026-07-15
8826,3f7773d8,154,4,205,3,62bfa0d9,,,2026-07-15,2026-07-15
8827,6d99eb8e,206,1,201,3,aece207c,,,2026-07-15,2026-07-15
8828,ee870238,185,6,205,5,0fbfd231,,,2026-07-15,2026-07-15
8829,bab74bd3,638,6,202,4,5f2ab070,,,2026-07-15,2026-07-15
8830,440e468e,259,3,203,1,f971e386,,,2026-07-15,2026-07-15
8831,f44b2d85,727,7,205,3,eb3c1fb7,,,2026-07-15,2026-07-15
8832,d13195bf,427,7,204,1,c475f6fc,,,2026-07-15,2026-07-15
8833,e0c69ecd,295,2,201,2,77c6d634,,,2026-07-15,2026-07-15
8834,a1e33405,113,3,203,1,a040e169,,,2026-07-15,2026-07-15
8835,5d6f42d4,348,5,202,2,3e66160b,,,2026-07-15,2026-07-15
8836,cb85b517,102,4,201,4,1f937553,,,2026-07-15,2026-07-15
8837,fd42914c,579,1,203,1,aece207c,,,2026-07-15,2026-07-15
8838,bd510b60,195,4,202,4,32029984,,,2026-07-15,2026-07-15
8839,848ad05b,223,4,205,2,15a65ae5,,,2026-07-15,2026-07-15
8840,ace285c1,622,5,202,2,3e66160b,,,2026-07-15,2026-07-15
8841,41cd8072,665,2,201,3,4bc76ae2,,,2026-07-15,2026-07-15
8842,aed48572,622,7,203,1,b68bef7e,,,2026-07-15,2026-07-15
8843,d3375def,708,2,202,3,42d0014c,,,2026-07-15,2026-07-15
8844,9dcfea69,431,6,204,1,465c1c13,,,2026-07-15,2026-07-15
8845,ceb4a9f5,182,5,203,2,7704f92c,,,2026-07-15,2026-07-15
8846,b606f3f0,327,6,205,5,2f730975,,,2026-07-15,2026-07-15
8847,ffcf6300,110,6,202,4,77449c06,,,2026-07-15,2026-07-15
8848,b61da5b2,393,2,202,4,fa578b09,,,2026-07-15,2026-07-15
8849,f608aa43,706,1,204,2,f22bf066,,,2026-07-15,2026-07-15
8850,971e489f,334,5,202,2,fb87e33d,,,2026-07-15,2026-07-15
8851,11a79201,340,3,202,3,e52f5ed8,,,2026-07-15,2026-07-15
8852,4256bc25,392,4,205,5,8b414a94,,,2026-07-15,2026-07-15
8853,4ae1e931,321,3,201,4,895b017c,,,2026-07-15,2026-07-15
8854,bdcfba2e,387,6,204,4,45c95088,,,2026-07-15,2026-07-15
8855,e498c52c,324,6,202,2,7fddfb89,,,2026-07-15,2026-07-15
8856,c52e9dab,222,1,202,5,9ac47356,,,2026-07-15,2026-07-15
8857,95b34018,628,7,202,1,d8b06558,,,2026-07-15,2026-07-15
8858,9eada1e5,277,4,205,3,a5d658b7,,,2026-07-15,2026-07-15
8859,3b940b53,621,3,203,1,ede49010,,,2026-07-15,2026-07-15
8860,5aeb7cf9,525,7,205,3,7bc42b05,,,2026-07-15,2026-07-15
8861,3afb35ad,53,4,201,1,77449c06,,,2026-07-15,2026-07-15
8862,13f46b9f,431,6,204,4,d9c08140,,,2026-07-15,2026-07-15
8863,43fe2233,20,1,202,1,99fed753,,,2026-07-15,2026-07-15
8864,dff511a6,152,2,203,1,5424e422,,,2026-07-15,2026-07-15
8865,ad048260,457,5,202,5,0fbfd231,,,2026-07-15,2026-07-15
8866,440af3e6,422,4,202,4,9e7dae2e,,,2026-07-15,2026-07-15
8867,2e927939,308,3,205,3,2b2175cd,,,2026-07-15,2026-07-15
8868,e91edf7b,106,7,202,5,c475f6fc,,,2026-07-15,2026-07-15
8869,7f7b24d9,716,3,205,1,b4ca029a,,,2026-07-15,2026-07-15
8870,bbb443de,104,7,201,4,5482a297,,,2026-07-15,2026-07-15
8871,60df5052,493,2,203,5,2b2175cd,,,2026-07-15,2026-07-15
8872,a318685c,444,6,203,3,8d3cc46f,,,2026-07-15,2026-07-15
8873,7edd28a4,332,5,204,4,e03caed0,,,2026-07-15,2026-07-15
8874,db667801,240,5,205,4,b3125078,,,2026-07-15,2026-07-15
8875,ea952d90,331,7,203,1,4363b8d6,,,2026-07-15,2026-07-15
8876,09a42211,591,2,204,1,ada44e5b,,,2026-07-15,2026-07-15
8877,56b49142,153,7,203,1,8b414a94,,,2026-07-15,2026-07-15
8878,455838ca,449,2,203,4,43cbe6fa,,,2026-07-15,2026-07-15
8879,126263b7,41,2,204,4,9dd48364,,,2026-07-15,2026-07-15
8880,58c449f4,94,2,205,3,27c530c5,,,2026-07-15,2026-07-15
8881,cb12902f,330,5,204,2,cb8ec133,,,2026-07-15,2026-07-15
8882,bedec474,90,7,203,3,f18b66c1,,,2026-07-15,2026-07-15
8883,998899d1,255,6,203,2,5ae61d1c,,,2026-07-15,2026-07-15
8884,ee9033cf,729,7,201,3,8125c6f0,,,2026-07-15,2026-07-15
8885,0bdd17a3,196,4,203,1,5e3a2195,,,2026-07-15,2026-07-15
8886,0f839d52,718,1,205,4,96379792,,,2026-07-15,2026-07-15
8887,8a1d51f2,411,4,202,2,5e4299db,,,2026-07-15,2026-07-15
8888,a9cda920,2,3,204,5,25b7eced,,,2026-07-15,2026-07-15
8889,56eded84,271,2,202,4,41c72cdb,,,2026-07-15,2026-07-15
8890,d3a7c2c6,547,7,203,1,425b1d3d,,,2026-07-15,2026-07-15
8891,9ad902f5,710,1,202,3,d2c89978,,,2026-07-15,2026-07-15
8892,13f64edc,552,3,201,5,a5d658b7,,,2026-07-15,2026-07-15
8893,317d8684,64,2,203,5,7b868e56,,,2026-07-15,2026-07-15
8894,b1ae5392,433,3,203,3,96379792,,,2026-07-15,2026-07-15
8895,15046f66,17,7,202,5,c578c38f,,,2026-07-15,2026-07-15
8896,f26f5d4b,477,1,201,1,dd3198d1,,,2026-07-15,2026-07-15
8897,0e410ce3,428,4,203,3,9ac47356,,,2026-07-15,2026-07-15
8898,b8602ab7,517,4,205,4,fa578b09,,,2026-07-15,2026-07-15
8899,b5e49387,483,3,205,1,4bc76ae2,,,2026-07-15,2026-07-15
8900,97ecf2ad,593,2,204,1,0a18e760,,,2026-07-15,2026-07-15
8901,f08fdbb8,223,4,205,2,e89b35ce,,,2026-07-15,2026-07-15
8902,02cc739c,242,3,202,2,4bc76ae2,,,2026-07-15,2026-07-15
8903,0acd17ca,218,3,205,1,1dc2bf91,,,2026-07-15,2026-07-15
8904,64a5139e,225,4,205,1,9dd48364,,,2026-07-15,2026-07-15
8905,ed002c6d,423,5,203,5,3a1756fa,,,2026-07-15,2026-07-15
8906,d7b5e087,542,6,201,2,25b7eced,,,2026-07-15,2026-07-15
8907,03c15c79,75,7,202,1,205742d2,,,2026-07-15,2026-07-15
8908,edab9e81,495,5,204,5,63baf574,,,2026-07-15,2026-07-15
8909,86fd5305,286,5,204,2,2df31d11,,,2026-07-15,2026-07-15
8910,616f29d1,466,3,203,4,b7effad0,,,2026-07-15,2026-07-15
8911,38e979bc,600,4,201,1,d8b06558,,,2026-07-15,2026-07-15
8912,8ebbdf22,661,6,204,4,e6d45de3,,,2026-07-15,2026-07-15
8913,30f5a925,633,6,204,4,8ad52b25,,,2026-07-15,2026-07-15
8914,e6b9135f,460,7,204,4,b4065ef4,,,2026-07-15,2026-07-15
8915,51f80d04,656,4,204,3,aefc1727,,,2026-07-15,2026-07-15
8916,3d12614b,638,3,205,1,7e22a2b5,,,2026-07-15,2026-07-15
8917,18d580d2,40,4,205,2,ec486749,,,2026-07-15,2026-07-15
8918,cc649f14,544,7,204,3,ff142568,,,2026-07-15,2026-07-15
8919,d1edcb8b,621,4,204,1,d2c89978,,,2026-07-15,2026-07-15
8920,59aa53a4,625,5,201,5,b3125078,,,2026-07-15,2026-07-15
8921,4f418ae1,335,3,201,2,0d484e5f,,,2026-07-15,2026-07-15
8922,9b2b0e77,345,6,202,3,9349d295,,,2026-07-15,2026-07-15
8923,ff38ae5c,356,1,204,5,7f1bca00,,,2026-07-15,2026-07-15
8924,768e869d,443,7,201,1,3d6a9dc8,,,2026-07-15,2026-07-15
8925,8c87bc3c,42,7,202,5,0968f5a7,,,2026-07-15,2026-07-15
8926,b6dcfe46,337,2,202,5,8ad52b25,,,2026-07-15,2026-07-15
8927,409f650c,387,6,203,2,febfde98,,,2026-07-15,2026-07-15
8928,648facb7,393,5,205,5,3832abbc,,,2026-07-15,2026-07-15
8929,2d44cf03,523,1,201,4,f2fc7978,,,2026-07-15,2026-07-15
8930,e2cfa815,443,5,205,3,febfde98,,,2026-07-15,2026-07-15
8931,96c93935,93,6,202,1,fb87e33d,,,2026-07-15,2026-07-15
8932,cc9f5e60,586,2,201,2,ae0deda5,,,2026-07-15,2026-07-15
8933,2748588a,407,3,201,1,b716556b,,,2026-07-15,2026-07-15
8934,0b88f418,672,6,202,2,4d5e252e,,,2026-07-15,2026-07-15
8935,203a5c9c,322,6,203,3,5f2ab070,,,2026-07-15,2026-07-15
8936,a4586d51,260,5,204,2,718406a2,,,2026-07-15,2026-07-15
8937,ae01f9a7,153,5,204,5,5e3a2195,,,2026-07-15,2026-07-15
8938,297ba9f7,96,3,202,5,943eab83,,,2026-07-15,2026-07-15
8939,aa440558,355,2,202,1,41c72cdb,,,2026-07-15,2026-07-15
8940,b7a8c38a,668,5,203,4,84b47f93,,,2026-07-15,2026-07-15
8941,4d92883e,350,4,204,2,4943c5d9,,,2026-07-15,2026-07-15
8942,f59471ce,330,6,201,4,e6d45de3,,,2026-07-15,2026-07-15
8943,c9bb8b61,595,6,203,2,c4993de9,,,2026-07-15,2026-07-15
8944,2e3028dc,303,1,203,2,57221ec9,,,2026-07-15,2026-07-15
8945,bac3a567,86,7,205,3,5905a3e7,,,2026-07-15,2026-07-15
8946,a3e1c89f,729,3,204,1,4db20d32,,,2026-07-15,2026-07-15
8947,6e3754e0,521,6,202,5,c50cc14e,,,2026-07-15,2026-07-15
8948,b31a7a8d,1,6,204,5,cedf6f69,,,2026-07-15,2026-07-15
8949,f800a21f,558,2,204,1,860df6aa,,,2026-07-15,2026-07-15
8950,b56b250f,649,3,205,2,f248f0c6,,,2026-07-15,2026-07-15
8951,43b47ab1,222,2,205,4,bc297930,,,2026-07-15,2026-07-15
8952,81334ee2,183,7,201,3,0d4d4804,,,2026-07-15,2026-07-15
8953,5dc7a620,487,3,204,2,6b3185b0,,,2026-07-15,2026-07-15
8954,0beaad9e,221,2,204,4,3d657bb9,,,2026-07-15,2026-07-15
8955,6b67dfb8,721,1,204,3,1df1fe50,,,2026-07-15,2026-07-15
8956,e1f0c1ef,391,4,205,4,970e594b,,,2026-07-15,2026-07-15
8957,76449942,232,1,204,1,c578c38f,,,2026-07-15,2026-07-15
8958,515dce3b,594,3,205,2,ff142568,,,2026-07-15,2026-07-15
8959,291dad0f,643,1,201,3,6ee48559,,,2026-07-15,2026-07-15
8960,c3d762ad,49,2,205,3,750687ab,,,2026-07-15,2026-07-15
8961,85c4a471,286,2,203,3,531113e4,,,2026-07-15,2026-07-15
8962,de11fabb,601,5,205,2,0cfefde4,,,2026-07-15,2026-07-15
8963,c2618799,153,3,204,1,aece207c,,,2026-07-15,2026-07-15
8964,69d391aa,416,6,203,2,e1e17a72,,,2026-07-15,2026-07-15
8965,dc327a89,130,7,201,3,d2c89978,,,2026-07-15,2026-07-15
8966,dbcc683b,672,1,201,5,719fa89e,,,2026-07-15,2026-07-15
8967,f48ca69a,231,4,205,4,b427b66b,,,2026-07-15,2026-07-15
8968,e48593ff,186,5,205,2,61fab6f7,,,2026-07-15,2026-07-15
8969,2c1a4e48,134,7,201,5,8b414a94,,,2026-07-15,2026-07-15
8970,a8506ecb,349,6,205,5,369a8438,,,2026-07-15,2026-07-15
8971,54278b40,220,5,203,3,482ffe65,,,2026-07-15,2026-07-15
8972,7aa179c0,438,7,204,4,5a53b8e9,,,2026-07-15,2026-07-15
8973,aa8c48ca,55,3,201,4,bc297930,,,2026-07-15,2026-07-15
8974,b0783dc2,688,5,201,3,60c38ae4,,,2026-07-15,2026-07-15
8975,cb0a0b17,581,7,201,5,e3ec02d4,,,2026-07-15,2026-07-15
8976,90091199,460,7,203,3,641c61ac,,,2026-07-15,2026-07-15
8977,47576502,129,3,204,1,4907af8c,,,2026-07-15,2026-07-15
8978,a4912290,273,4,205,5,487a1dd7,,,2026-07-15,2026-07-15
8979,a68af6ec,483,7,204,1,a638b4b0,,,2026-07-15,2026-07-15
8980,e0bbe053,676,5,202,2,5482a297,,,2026-07-15,2026-07-15
8981,74e6fe09,26,6,205,2,3d657bb9,,,2026-07-15,2026-07-15
8982,80243c97,287,1,201,4,37166503,,,2026-07-15,2026-07-15
8983,315f7115,696,2,205,5,ee98f97e,,,2026-07-15,2026-07-15
8984,49e90840,93,2,204,3,9efecf41,,,2026-07-15,2026-07-15
8985,66bc31bf,543,3,203,2,52368d16,,,2026-07-15,2026-07-15
8986,0daf7c0c,375,3,202,2,2a9b3aaa,,,2026-07-15,2026-07-15
8987,62f537a3,644,6,202,5,50987e86,,,2026-07-15,2026-07-15
8988,3269d51b,472,6,203,3,bde42cc1,,,2026-07-15,2026-07-15
8989,49b80d6f,223,6,201,4,4960cc67,,,2026-07-15,2026-07-15
8990,742f0a06,697,7,204,3,d88f6a7f,,,2026-07-15,2026-07-15
8991,0904515c,9,3,205,5,fb87e33d,,,2026-07-15,2026-07-15
8992,8e9575be,386,2,204,4,6b71e7b7,,,2026-07-15,2026-07-15
8993,8b4297cb,102,6,201,5,641c61ac,,,2026-07-15,2026-07-15
8994,fdb172cc,143,5,204,3,2f730975,,,2026-07-15,2026-07-15
8995,7cb48963,600,7,205,5,d2c89978,,,2026-07-15,2026-07-15
8996,515a11df,600,3,203,1,63baf574,,,2026-07-15,2026-07-15
8997,9d067502,635,3,204,4,de084e17,,,2026-07-15,2026-07-15
8998,7333ac91,478,4,201,4,3c63e5d3,,,2026-07-15,2026-07-15
8999,6c74ecc7,256,2,201,5,72b21457,,,2026-07-15,2026-07-15
9000,74f60851,30,2,202,2,41087c74,,,2026-07-15,2026-07-15
9001,c1188207,541,2,204,3,7704f92c,,,2026-07-15,2026-07-15
9002,2d21406b,55,1,205,1,d2599bb6,,,2026-07-15,2026-07-15
9003,cdecd7f8,186,6,202,5,0a18e760,,,2026-07-15,2026-07-15
9004,1f115cad,1,2,203,1,f6ab1ed5,,,2026-07-15,2026-07-15
9005,804dc29d,567,7,201,4,8125c6f0,,,2026-07-15,2026-07-15
9006,de04fd8d,500,2,201,1,cd901af9,,,2026-07-15,2026-07-15
9007,733e552a,210,5,203,2,41087c74,,,2026-07-15,2026-07-15
9008,f2c8aa77,419,1,205,2,57be6156,,,2026-07-15,2026-07-15
9009,278b8e44,646,3,201,2,febfde98,,,2026-07-15,2026-07-15
9010,5717a57f,450,1,203,3,a5d658b7,,,2026-07-15,2026-07-15
9011,e1e17bfa,554,7,202,5,7643c1ee,,,2026-07-15,2026-07-15
9012,3b59b643,349,2,203,5,19a61dd4,,,2026-07-15,2026-07-15
9013,51c66ff6,158,2,204,3,d2599bb6,,,2026-07-15,2026-07-15
9014,a31f0da4,536,7,202,5,bed1ac6c,,,2026-07-15,2026-07-15
9015,bd44e443,83,1,204,4,3a1756fa,,,2026-07-15,2026-07-15
9016,e81ebc7f,133,3,204,1,a79b76cb,,,2026-07-15,2026-07-15
9017,87bcb8cb,95,5,205,3,3f09714a,,,2026-07-15,2026-07-15
9018,c458c862,508,7,204,5,3973c30a,,,2026-07-15,2026-07-15
9019,e8a13a00,1,6,202,4,c4e558ad,,,2026-07-15,2026-07-15
9020,98dbe67b,703,6,202,1,a4e3426c,,,2026-07-15,2026-07-15
9021,c069b762,436,4,202,4,7643c1ee,,,2026-07-15,2026-07-15
9022,8964c70c,240,6,201,1,38daf3c5,,,2026-07-15,2026-07-15
9023,129ac117,370,2,204,3,d2599bb6,,,2026-07-15,2026-07-15
9024,674c28db,531,1,203,2,efc887b8,,,2026-07-15,2026-07-15
9025,83338713,438,6,202,5,c4e558ad,,,2026-07-15,2026-07-15
9026,a637d802,127,3,205,3,e75bb09b,,,2026-07-15,2026-07-15
9027,83aacf1c,148,6,205,1,96379792,,,2026-07-15,2026-07-15
9028,fc731cdb,313,5,205,3,1d9305e2,,,2026-07-15,2026-07-15
9029,2e2b547a,311,6,202,1,37166503,,,2026-07-15,2026-07-15
9030,ee28dbd3,439,6,203,1,1aaa9d3a,,,2026-07-15,2026-07-15
9031,3bb0eb4e,490,7,204,3,58954ba4,,,2026-07-15,2026-07-15
9032,f5e07b1b,45,2,205,1,bc297930,,,2026-07-15,2026-07-15
9033,e88d8a10,35,4,201,5,205742d2,,,2026-07-15,2026-07-15
9034,52140f0d,4,1,202,1,9dd48364,,,2026-07-15,2026-07-15
9035,71d8b072,290,1,201,4,1aaa9d3a,,,2026-07-15,2026-07-15
9036,38e0ffda,270,2,204,4,163d0b32,,,2026-07-15,2026-07-15
9037,ac3d84af,509,5,201,5,4363b8d6,,,2026-07-15,2026-07-15
9038,15c3bd2b,436,3,202,5,860df6aa,,,2026-07-15,2026-07-15
9039,2aa376de,440,4,204,3,944084a9,,,2026-07-15,2026-07-15
9040,3f28d5ff,647,4,202,1,69956359,,,2026-07-15,2026-07-15
9041,e3d2a392,669,4,202,1,5a53b8e9,,,2026-07-15,2026-07-15
9042,57b0aafd,481,7,201,2,62bfa0d9,,,2026-07-15,2026-07-15
9043,b4ef2c3e,447,2,201,5,7704f92c,,,2026-07-15,2026-07-15
9044,a0a55149,122,5,204,5,41087c74,,,2026-07-15,2026-07-15
9045,432bd9c7,1,6,203,2,10f10b2b,,,2026-07-15,2026-07-15
9046,74b77be0,554,5,202,2,641c61ac,,,2026-07-15,2026-07-15
9047,0e3727d6,316,6,205,2,ddaa1bf9,,,2026-07-15,2026-07-15
9048,c401f973,518,2,201,4,3f491b77,,,2026-07-15,2026-07-15
9049,1bee70ff,577,7,201,1,6f2a321a,,,2026-07-15,2026-07-15
9050,c05d5c98,621,3,205,1,a84540d1,,,2026-07-15,2026-07-15
9051,cbd2129a,231,3,202,2,2b2175cd,,,2026-07-15,2026-07-15
9052,60ce0c1a,687,5,201,2,943eab83,,,2026-07-15,2026-07-15
9053,4ede56af,181,4,201,2,346c1416,,,2026-07-15,2026-07-15
9054,b6f04f42,90,5,202,4,10f10b2b,,,2026-07-15,2026-07-15
9055,982d8294,297,7,205,1,8ad52b25,,,2026-07-15,2026-07-15
9056,ca052f9f,215,5,201,4,6b6d0941,,,2026-07-15,2026-07-15
9057,9f721fa2,402,5,201,5,4db20d32,,,2026-07-15,2026-07-15
9058,45b4abac,559,2,201,1,eb3c1fb7,,,2026-07-15,2026-07-15
9059,f57b2f81,521,4,203,4,482ffe65,,,2026-07-15,2026-07-15
9060,caaff862,637,6,203,3,4e431688,,,2026-07-15,2026-07-15
9061,64eb762e,525,7,202,3,4739f6d9,,,2026-07-15,2026-07-15
9062,bbaf38c7,262,5,204,3,52368d16,,,2026-07-15,2026-07-15
9063,32e978bb,380,7,201,2,a040e169,,,2026-07-15,2026-07-15
9064,edb4623b,554,3,202,5,ede49010,,,2026-07-15,2026-07-15
9065,96c79046,426,7,201,1,95ec6e5b,,,2026-07-15,2026-07-15
9066,640d2b99,66,2,204,2,ef75b4bf,,,2026-07-15,2026-07-15
9067,b405cb90,447,2,201,2,ff142568,,,2026-07-15,2026-07-15
9068,87a0a67c,486,6,203,3,367ca016,,,2026-07-15,2026-07-15
9069,7e47fbbd,304,4,201,5,ede49010,,,2026-07-15,2026-07-15
9070,71278c33,551,2,204,5,8111bc07,,,2026-07-15,2026-07-15
9071,7f0093a0,318,3,205,4,c49ff99c,,,2026-07-15,2026-07-15
9072,80aa3c0c,556,7,204,1,77449c06,,,2026-07-15,2026-07-15
9073,cc355c66,250,2,204,1,3110a49a,,,2026-07-15,2026-07-15
9074,bf636e94,429,1,202,3,c475f6fc,,,2026-07-15,2026-07-15
9075,1ae90b1a,108,6,202,3,52368d16,,,2026-07-15,2026-07-15
9076,9573400b,350,5,205,3,b03540b1,,,2026-07-15,2026-07-15
9077,bfd09f1d,637,3,202,3,0b6ae467,,,2026-07-15,2026-07-15
9078,541cfe6d,244,2,205,1,fc9cf0b8,,,2026-07-15,2026-07-15
9079,5e97039f,654,3,201,1,fdb588e8,,,2026-07-15,2026-07-15
9080,ee289cbb,59,6,205,5,4392286c,,,2026-07-15,2026-07-15
9081,a9c179b2,607,7,201,2,e6d45de3,,,2026-07-15,2026-07-15
9082,5fd1a624,449,7,204,5,dd3198d1,,,2026-07-15,2026-07-15
9083,3fd411bd,353,3,205,3,b730e9e6,,,2026-07-15,2026-07-15
9084,134803aa,153,3,203,5,8b414a94,,,2026-07-15,2026-07-15
9085,13cd3ccd,609,6,202,5,1e59121b,,,2026-07-15,2026-07-15
9086,307693a7,551,3,203,3,3d657bb9,,,2026-07-15,2026-07-15
9087,f202e6a1,177,3,205,2,ba285e29,,,2026-07-15,2026-07-15
9088,9e4b3474,456,4,205,4,9ac47356,,,2026-07-15,2026-07-15
9089,d09c51ae,301,3,202,3,b3125078,,,2026-07-15,2026-07-15
9090,3bf0f787,154,2,204,2,c4993de9,,,2026-07-15,2026-07-15
9091,b880cf63,506,3,202,4,4aeffd09,,,2026-07-15,2026-07-15
9092,3fc00630,638,2,205,4,ce1b52ae,,,2026-07-15,2026-07-15
9093,c6c51bde,205,1,202,2,52b3375c,,,2026-07-15,2026-07-15
9094,c3b46a4d,601,6,202,2,9dd48364,,,2026-07-15,2026-07-15
9095,82905d44,317,6,204,2,77449c06,,,2026-07-15,2026-07-15
9096,c4b8044b,64,3,205,2,c1b30594,,,2026-07-15,2026-07-15
9097,33dd33cd,588,1,205,1,0a18e760,,,2026-07-15,2026-07-15
9098,8bb52d04,483,6,201,5,b427b66b,,,2026-07-15,2026-07-15
9099,f4aabb93,561,1,204,5,550393a0,,,2026-07-15,2026-07-15
9100,5ad1009b,598,3,202,2,60ce4ade,,,2026-07-15,2026-07-15
9101,6694659c,459,5,203,2,9efecf41,,,2026-07-15,2026-07-15
9102,86635ca5,515,6,204,4,b7effad0,,,2026-07-15,2026-07-15
9103,0b9be135,256,5,201,3,0cfefde4,,,2026-07-15,2026-07-15
9104,60d3dd31,109,3,204,2,11f3df17,,,2026-07-15,2026-07-15
9105,e6b605a8,453,5,204,4,548dc0b3,,,2026-07-15,2026-07-15
9106,551f79b1,61,2,203,4,860df6aa,,,2026-07-15,2026-07-15
9107,9853d45c,197,5,203,5,69b06aa6,,,2026-07-15,2026-07-15
9108,e69c096c,383,1,202,4,b3125078,,,2026-07-15,2026-07-15
9109,c8aeb323,405,4,204,4,9e7dae2e,,,2026-07-15,2026-07-15
9110,38e0b8e0,213,5,204,2,18d773af,,,2026-07-15,2026-07-15
9111,ccfeb2b9,605,1,204,5,8d3cc46f,,,2026-07-15,2026-07-15
9112,48b62055,305,3,205,4,0fbfd231,,,2026-07-15,2026-07-15
9113,607931bd,520,1,204,1,b755ebae,,,2026-07-15,2026-07-15
9114,dab7d4b6,627,5,202,5,e52f5ed8,,,2026-07-15,2026-07-15
9115,bbc42e6f,460,3,204,4,50641c23,,,2026-07-15,2026-07-15
9116,d93d86df,151,2,203,3,fa853203,,,2026-07-15,2026-07-15
9117,ed956892,323,2,205,2,63369e6c,,,2026-07-15,2026-07-15
9118,bce3bb50,420,2,205,4,6568690c,,,2026-07-15,2026-07-15
9119,ba35aa5c,526,2,205,4,e1e17a72,,,2026-07-15,2026-07-15
9120,e55ac587,173,7,201,5,77c6d634,,,2026-07-15,2026-07-15
9121,f40ea18d,195,6,205,3,a30580a1,,,2026-07-15,2026-07-15
9122,82e8741b,503,2,204,2,cedf6f69,,,2026-07-15,2026-07-15
9123,9b9a5199,250,4,202,1,4ce20b01,,,2026-07-15,2026-07-15
9124,f33a6ec9,372,6,205,1,1e6e7fcd,,,2026-07-15,2026-07-15
9125,58e13d2f,9,4,201,1,c6934f84,,,2026-07-15,2026-07-15
9126,f6a76c13,166,5,201,4,7e22a2b5,,,2026-07-15,2026-07-15
9127,1de0fe75,288,5,205,2,f18b66c1,,,2026-07-15,2026-07-15
9128,17587ca9,291,1,204,1,e0d2a5f3,,,2026-07-15,2026-07-15
9129,cf690bdf,204,7,204,4,eb3c1fb7,,,2026-07-15,2026-07-15
9130,6668cbb9,101,5,205,4,531113e4,,,2026-07-15,2026-07-15
9131,9efeb505,406,4,205,1,b68bef7e,,,2026-07-15,2026-07-15
9132,b08911c2,629,3,203,5,66299238,,,2026-07-15,2026-07-15
9133,43fc0bd6,694,5,203,4,c50cc14e,,,2026-07-15,2026-07-15
9134,201b12d6,266,4,205,2,f6e5fc4d,,,2026-07-15,2026-07-15
9135,102d29b5,238,4,202,3,a8a7db6d,,,2026-07-15,2026-07-15
9136,b64b6311,516,7,205,2,082d21de,,,2026-07-15,2026-07-15
9137,652fb5e0,389,6,203,3,1139e59a,,,2026-07-15,2026-07-15
9138,704351b7,41,4,204,2,5f2ab070,,,2026-07-15,2026-07-15
9139,043df670,441,4,201,1,1e59121b,,,2026-07-15,2026-07-15
9140,434b3a7f,20,5,203,5,3f26afe9,,,2026-07-15,2026-07-15
9141,aa6aa45b,669,3,204,1,c578c38f,,,2026-07-15,2026-07-15
9142,031bc6bc,203,6,202,2,641c61ac,,,2026-07-15,2026-07-15
9143,72b901e7,186,2,201,2,4e431688,,,2026-07-15,2026-07-15
9144,72def9f0,169,5,201,3,cd901af9,,,2026-07-15,2026-07-15
9145,0946fa8a,542,2,202,1,b716556b,,,2026-07-15,2026-07-15
9146,a7bba158,518,7,205,2,de084e17,,,2026-07-15,2026-07-15
9147,e0bb1e99,118,5,202,1,b730e9e6,,,2026-07-15,2026-07-15
9148,1ab6c2fc,503,4,203,1,43cbe6fa,,,2026-07-15,2026-07-15
9149,002cbd42,10,4,203,1,eb3c1fb7,,,2026-07-15,2026-07-15
9150,975c593b,690,1,203,2,f2fc7978,,,2026-07-15,2026-07-15
9151,ed674ae0,179,3,204,4,163d0b32,,,2026-07-15,2026-07-15
9152,5e089596,143,6,202,5,3c63e5d3,,,2026-07-15,2026-07-15
9153,d946bcc9,62,1,203,3,719fa89e,,,2026-07-15,2026-07-15
9154,abdc31a1,663,6,202,1,dfe6e1ff,,,2026-07-15,2026-07-15
9155,08861618,569,1,203,1,d8a2bbd7,,,2026-07-15,2026-07-15
9156,0940c188,155,3,202,5,dd88df46,,,2026-07-15,2026-07-15
9157,8be76843,493,3,201,5,4bc76ae2,,,2026-07-15,2026-07-15
9158,e2245217,481,2,205,5,56205f69,,,2026-07-15,2026-07-15
9159,b6083e44,165,5,203,2,2df31d11,,,2026-07-15,2026-07-15
9160,8c1016c2,502,5,205,2,c1b30594,,,2026-07-15,2026-07-15
9161,d41615e6,152,7,201,1,ed4939ed,,,2026-07-15,2026-07-15
9162,b677bc25,107,3,201,2,a040e169,,,2026-07-15,2026-07-15
9163,5c612b62,242,1,202,3,6780333b,,,2026-07-15,2026-07-15
9164,d158cb83,406,3,205,2,a30580a1,,,2026-07-15,2026-07-15
9165,248fe91a,606,7,202,2,10f10b2b,,,2026-07-15,2026-07-15
9166,a0b00cb7,211,4,203,1,750687ab,,,2026-07-15,2026-07-15
9167,3ce945b7,107,5,205,4,77c6d634,,,2026-07-15,2026-07-15
9168,a16f770c,309,5,204,4,895b017c,,,2026-07-15,2026-07-15
9169,6acf1959,263,4,201,5,943eab83,,,2026-07-15,2026-07-15
9170,a8f6c300,636,2,203,5,d1cd1e4d,,,2026-07-15,2026-07-15
9171,0d394c90,318,3,202,5,e942aab7,,,2026-07-15,2026-07-15
9172,65597c87,441,1,203,3,fb5ef791,,,2026-07-15,2026-07-15
9173,dda50bd8,176,7,202,2,f7817da3,,,2026-07-15,2026-07-15
9174,5e2f67b0,420,4,204,2,465c1c13,,,2026-07-15,2026-07-15
9175,7208d528,415,4,204,2,5ae61d1c,,,2026-07-15,2026-07-15
9176,75b58f87,655,3,205,1,a84540d1,,,2026-07-15,2026-07-15
9177,6505e744,269,1,201,4,bd5892a8,,,2026-07-15,2026-07-15
9178,d9d31ad1,360,2,202,4,e52f5ed8,,,2026-07-15,2026-07-15
9179,eea9bd7f,134,4,204,4,25b7eced,,,2026-07-15,2026-07-15
9180,b658f47d,129,1,201,4,247dccf1,,,2026-07-15,2026-07-15
9181,9037b4bc,160,7,201,4,95ec6e5b,,,2026-07-15,2026-07-15
9182,6ce90572,469,6,203,5,3e66160b,,,2026-07-15,2026-07-15
9183,9097cbf2,440,1,202,5,d8b06558,,,2026-07-15,2026-07-15
9184,0c997642,192,5,203,4,fa578b09,,,2026-07-15,2026-07-15
9185,93812da9,350,3,204,5,74258308,,,2026-07-15,2026-07-15
9186,253efe27,537,7,204,4,860df6aa,,,2026-07-15,2026-07-15
9187,9da835da,1,1,204,2,84b47f93,,,2026-07-15,2026-07-15
9188,dba3c01d,548,5,205,2,d1cd1e4d,,,2026-07-15,2026-07-15
9189,ff00a0d7,625,3,204,3,6c4f0c4c,,,2026-07-15,2026-07-15
9190,0f663d2a,302,7,201,5,5e91ed7b,,,2026-07-15,2026-07-15
9191,5e20e2d6,163,5,201,1,6ee48559,,,2026-07-15,2026-07-15
9192,4d49e10f,281,6,201,1,750687ab,,,2026-07-15,2026-07-15
9193,2db68fa6,161,3,202,2,2a9b3aaa,,,2026-07-15,2026-07-15
9194,789e3c2b,18,3,201,2,92f2fd13,,,2026-07-15,2026-07-15
9195,99bcd045,156,6,203,4,9dd48364,,,2026-07-15,2026-07-15
9196,c45752ef,311,2,202,1,ede49010,,,2026-07-15,2026-07-15
9197,bf6a79a0,351,1,201,2,4392286c,,,2026-07-15,2026-07-15
9198,6ac62e2f,572,1,204,1,87830e43,,,2026-07-15,2026-07-15
9199,d8916e61,616,1,202,3,3cc541a7,,,2026-07-15,2026-07-15
9200,d0055396,611,7,203,2,208d275a,,,2026-07-15,2026-07-15
9201,babbfada,71,6,201,5,dd88df46,,,2026-07-15,2026-07-15
9202,42844208,297,1,201,4,5f2ab070,,,2026-07-15,2026-07-15
9203,37d730f4,649,1,202,1,6568690c,,,2026-07-15,2026-07-15
9204,4802389e,258,2,201,5,dfcfee6c,,,2026-07-15,2026-07-15
9205,c0d7f6aa,428,7,204,4,718406a2,,,2026-07-15,2026-07-15
9206,a95241f0,48,7,201,4,66299238,,,2026-07-15,2026-07-15
9207,10cf42c1,372,5,204,1,0fcaa55a,,,2026-07-15,2026-07-15
9208,3ac32c83,441,1,205,4,860df6aa,,,2026-07-15,2026-07-15
9209,48bb6a48,557,2,203,5,465c1c13,,,2026-07-15,2026-07-15
9210,ce95912a,168,7,203,3,0d484e5f,,,2026-07-15,2026-07-15
9211,2bb4521c,195,7,201,1,38daf3c5,,,2026-07-15,2026-07-15
9212,e6eb23da,624,4,204,5,91a6c884,,,2026-07-15,2026-07-15
9213,ca803e1f,357,7,205,2,03f0acfa,,,2026-07-15,2026-07-15
9214,ff1fb3f2,394,2,205,5,e224a8c6,,,2026-07-15,2026-07-15
9215,1831f8fa,693,6,201,1,ef75b4bf,,,2026-07-15,2026-07-15
9216,260db38f,623,2,205,4,195b4c1c,,,2026-07-15,2026-07-15
9217,1622d863,87,1,201,2,3cc541a7,,,2026-07-15,2026-07-15
9218,7564b296,630,7,205,1,ce1b52ae,,,2026-07-15,2026-07-15
9219,58235a88,705,1,202,1,487a1dd7,,,2026-07-15,2026-07-15
9220,a4dc4f06,174,1,205,3,38daf3c5,,,2026-07-15,2026-07-15
9221,dfc2b68b,295,5,202,4,df92d410,,,2026-07-15,2026-07-15
9222,35af53e3,26,6,205,2,7a5bc5c2,,,2026-07-15,2026-07-15
9223,72533840,610,3,204,4,f6ab1ed5,,,2026-07-15,2026-07-15
9224,bf84ff17,575,3,201,2,28741ecd,,,2026-07-15,2026-07-15
9225,624c18be,424,2,205,3,c4e558ad,,,2026-07-15,2026-07-15
9226,920a1beb,198,3,202,3,69b06aa6,,,2026-07-15,2026-07-15
9227,185f5c51,706,2,201,4,f22bf066,,,2026-07-15,2026-07-15
9228,3fecc9e9,437,3,202,2,fa578b09,,,2026-07-15,2026-07-15
9229,ee80b9d5,546,1,204,5,bd5892a8,,,2026-07-15,2026-07-15
9230,3917a75c,414,3,205,3,49fdea5f,,,2026-07-15,2026-07-15
9231,973eda6c,684,6,205,3,4ba49536,,,2026-07-15,2026-07-15
9232,458ef551,651,7,202,2,f7817da3,,,2026-07-15,2026-07-15
9233,191c9f69,463,2,201,3,20f9eb9c,,,2026-07-15,2026-07-15
9234,5783c58f,476,5,201,3,c7ead2cc,,,2026-07-15,2026-07-15
9235,8ca658dc,656,4,201,1,195b4c1c,,,2026-07-15,2026-07-15
9236,ce3124bb,388,4,203,2,1d9305e2,,,2026-07-15,2026-07-15
9237,e419619f,590,2,204,3,b730e9e6,,,2026-07-15,2026-07-15
9238,dee5eded,698,4,203,4,8ad52b25,,,2026-07-15,2026-07-15
9239,768c41a7,332,1,203,5,a040e169,,,2026-07-15,2026-07-15
9240,b0e6e72a,56,2,201,1,aaa7dca8,,,2026-07-15,2026-07-15
9241,4042fd2a,183,2,205,1,1df1fe50,,,2026-07-15,2026-07-15
9242,67244483,534,4,204,5,e0d2a5f3,,,2026-07-15,2026-07-15
9243,0f004887,41,1,204,2,ef5f41ce,,,2026-07-15,2026-07-15
9244,40f06da5,670,7,205,5,3d6a9dc8,,,2026-07-15,2026-07-15
9245,fd4f26d7,723,5,203,1,fa578b09,,,2026-07-15,2026-07-15
9246,71ab51c4,143,1,202,1,970e594b,,,2026-07-15,2026-07-15
9247,5afa538c,367,3,202,5,aaa7dca8,,,2026-07-15,2026-07-15
9248,e167644f,181,1,205,3,84b47f93,,,2026-07-15,2026-07-15
9249,4f2b4fd1,260,4,203,4,bc297930,,,2026-07-15,2026-07-15
9250,8d536423,155,3,204,1,021c675d,,,2026-07-15,2026-07-15
9251,21e190e3,544,4,205,2,fb5ef791,,,2026-07-15,2026-07-15
9252,15d3ff0c,591,6,204,3,dd88df46,,,2026-07-15,2026-07-15
9253,55a6f9dd,24,1,203,5,69956359,,,2026-07-15,2026-07-15
9254,744672fc,726,4,204,2,1e59121b,,,2026-07-15,2026-07-15
9255,119d3766,408,5,201,4,f18b66c1,,,2026-07-15,2026-07-15
9256,e7998fda,393,4,204,1,dfcfee6c,,,2026-07-15,2026-07-15
9257,b6a84616,710,4,205,3,b244f9d6,,,2026-07-15,2026-07-15
9258,04a736db,535,3,203,5,fa853203,,,2026-07-15,2026-07-15
9259,6950f9d4,662,2,204,2,2d45f6bd,,,2026-07-15,2026-07-15
9260,ab559830,352,1,204,3,d2c89978,,,2026-07-15,2026-07-15
9261,6e315c78,39,6,204,3,2c42c662,,,2026-07-15,2026-07-15
9262,50eec9ab,163,6,205,3,b7effad0,,,2026-07-15,2026-07-15
9263,3064b037,467,5,202,1,6f2a321a,,,2026-07-15,2026-07-15
9264,0a24feab,500,7,202,4,7b868e56,,,2026-07-15,2026-07-15
9265,d7165919,566,2,205,3,6b6d0941,,,2026-07-15,2026-07-15
9266,96974bc8,500,6,202,1,6b71e7b7,,,2026-07-15,2026-07-15
9267,779597b4,544,1,202,3,0d484e5f,,,2026-07-15,2026-07-15
9268,8e7d9137,153,2,204,4,f27bb490,,,2026-07-15,2026-07-15
9269,9e7c1108,540,2,202,1,e0d2a5f3,,,2026-07-15,2026-07-15
9270,706b6a3f,606,5,202,5,72bc630e,,,2026-07-15,2026-07-15
9271,5d8c90bd,643,1,201,2,fc9cf0b8,,,2026-07-15,2026-07-15
9272,41730e13,721,3,203,2,49fdea5f,,,2026-07-15,2026-07-15
9273,7c80675a,411,5,203,1,6a0cd270,,,2026-07-15,2026-07-15
9274,4daabf02,336,5,203,4,37166503,,,2026-07-15,2026-07-15
9275,2055a05b,234,5,202,4,4c309170,,,2026-07-15,2026-07-15
9276,1105cc2a,701,5,205,1,dd3198d1,,,2026-07-15,2026-07-15
9277,7c175a7a,61,4,201,3,9dd48364,,,2026-07-15,2026-07-15
9278,ce05f096,578,5,201,3,3f26afe9,,,2026-07-15,2026-07-15
9279,c5d213b4,288,5,201,1,628a4d89,,,2026-07-15,2026-07-15
9280,51a6ecbc,398,2,201,3,42d0014c,,,2026-07-15,2026-07-15
9281,3062b4ca,521,6,201,5,c49ff99c,,,2026-07-15,2026-07-15
9282,e8ee998f,205,1,203,3,434c2454,,,2026-07-15,2026-07-15
9283,5e9dc4db,676,3,205,5,35f98e98,,,2026-07-15,2026-07-15
9284,b3692c0e,175,4,205,5,d8a2bbd7,,,2026-07-15,2026-07-15
9285,db3a7546,577,4,201,2,9dd48364,,,2026-07-15,2026-07-15
9286,41ab3b94,550,6,202,1,e9238f3f,,,2026-07-15,2026-07-15
9287,b277d3b2,719,2,203,3,4907af8c,,,2026-07-15,2026-07-15
9288,48272127,682,4,203,2,35f98e98,,,2026-07-15,2026-07-15
9289,5f4e74e6,15,5,203,2,92f2fd13,,,2026-07-15,2026-07-15
9290,d7b188ac,585,1,201,1,03f0acfa,,,2026-07-15,2026-07-15
9291,b3c259e7,536,1,204,5,e89b35ce,,,2026-07-15,2026-07-15
9292,ac2b3ad4,673,1,202,1,2d4fce37,,,2026-07-15,2026-07-15
9293,b30ea565,199,1,205,5,6ee48559,,,2026-07-15,2026-07-15
9294,cbacfdb6,73,2,201,2,5a5bf759,,,2026-07-15,2026-07-15
9295,4d930d7e,647,6,204,4,ec5b641f,,,2026-07-15,2026-07-15
9296,b3d07171,216,5,202,1,df92d410,,,2026-07-15,2026-07-15
9297,89c32925,410,6,204,1,3a0f258a,,,2026-07-15,2026-07-15
9298,9d159981,536,3,203,2,c84a0390,,,2026-07-15,2026-07-15
9299,7288b595,378,7,203,2,ed90a296,,,2026-07-15,2026-07-15
9300,efe3ad20,207,4,205,3,a79b76cb,,,2026-07-15,2026-07-15
9301,aadb9432,563,1,203,4,3110a49a,,,2026-07-15,2026-07-15
9302,db61a9a2,34,7,203,3,a93aa731,,,2026-07-15,2026-07-15
9303,429f3e6a,422,4,205,4,66299238,,,2026-07-15,2026-07-15
9304,4ae8dd8c,303,3,202,2,4aeffd09,,,2026-07-15,2026-07-15
9305,20c5c7fa,527,1,202,1,531113e4,,,2026-07-15,2026-07-15
9306,739a0deb,695,6,203,5,b4065ef4,,,2026-07-15,2026-07-15
9307,fe7d5e46,327,3,201,2,86613e2d,,,2026-07-15,2026-07-15
9308,6c3af702,118,1,204,4,6601ea7f,,,2026-07-15,2026-07-15
9309,1b9ca2f9,277,6,205,1,3d6a9dc8,,,2026-07-15,2026-07-15
9310,a24e32e3,368,2,204,4,e89b35ce,,,2026-07-15,2026-07-15
9311,91d38b1b,343,5,201,2,50641c23,,,2026-07-15,2026-07-15
9312,2a1f1f94,715,5,203,5,c88f1b8d,,,2026-07-15,2026-07-15
9313,519d7e85,517,6,205,2,e0e8c2a1,,,2026-07-15,2026-07-15
9314,d15df56b,321,7,201,4,6601ea7f,,,2026-07-15,2026-07-15
9315,11076ded,596,7,202,3,89eec31c,,,2026-07-15,2026-07-15
9316,3ad6912f,296,6,203,1,95f70b4e,,,2026-07-15,2026-07-15
9317,9d76c4fd,533,5,203,2,f399f8e1,,,2026-07-15,2026-07-15
9318,ae3492e6,283,7,204,3,b755ebae,,,2026-07-15,2026-07-15
9319,b85e6d6d,316,3,203,4,ddaa1bf9,,,2026-07-15,2026-07-15
9320,51d69d1e,322,5,204,1,5a53b8e9,,,2026-07-15,2026-07-15
9321,08163d5f,314,1,204,2,a1ba575a,,,2026-07-15,2026-07-15
9322,26b94c01,107,1,204,1,b755ebae,,,2026-07-15,2026-07-15
9323,c83d5025,576,1,202,1,60ce4ade,,,2026-07-15,2026-07-15
9324,dc030991,47,5,205,5,2b2175cd,,,2026-07-15,2026-07-15
9325,ae29d07c,494,5,204,4,a93aa731,,,2026-07-15,2026-07-15
9326,fea2d28b,80,5,203,5,7704f92c,,,2026-07-15,2026-07-15
9327,0402d808,294,2,201,2,56205f69,,,2026-07-15,2026-07-15
9328,5e3c1910,199,1,201,4,b51ae2f1,,,2026-07-15,2026-07-15
9329,e7034af8,387,5,201,5,c50cc14e,,,2026-07-15,2026-07-15
9330,af11770f,694,7,205,2,b4ca029a,,,2026-07-15,2026-07-15
9331,af49e119,103,6,203,5,41087c74,,,2026-07-15,2026-07-15
9332,71c2ca24,589,2,204,1,3110a49a,,,2026-07-15,2026-07-15
9333,5a8d8613,511,6,203,4,37354f22,,,2026-07-15,2026-07-15
9334,c4df2447,359,5,205,5,0fbb521a,,,2026-07-15,2026-07-15
9335,a8762ad0,298,1,204,1,3d657bb9,,,2026-07-15,2026-07-15
9336,689dcd49,508,4,203,5,3f26afe9,,,2026-07-15,2026-07-15
9337,8832d485,85,5,205,1,13a46227,,,2026-07-15,2026-07-15
9338,dc3dc9c0,580,2,204,1,315f550b,,,2026-07-15,2026-07-15
9339,d490eca6,21,4,202,3,1d498af8,,,2026-07-15,2026-07-15
9340,665a6028,62,2,201,1,9e7dae2e,,,2026-07-15,2026-07-15
9341,72f07f1f,435,6,202,4,b716556b,,,2026-07-15,2026-07-15
9342,958adc49,679,4,201,1,50641c23,,,2026-07-15,2026-07-15
9343,ec91d8e0,507,1,202,1,205742d2,,,2026-07-15,2026-07-15
9344,c03f00a8,407,3,205,4,3e66160b,,,2026-07-15,2026-07-15
9345,02aa6762,222,7,204,3,6568690c,,,2026-07-15,2026-07-15
9346,991ac7ad,347,1,202,2,b4065ef4,,,2026-07-15,2026-07-15
9347,065a4438,448,5,201,2,cb8ec133,,,2026-07-15,2026-07-15
9348,11e4108b,302,5,202,2,8b414a94,,,2026-07-15,2026-07-15
9349,4cfa0ca2,93,2,201,1,c7ead2cc,,,2026-07-15,2026-07-15
9350,a8b761f3,541,3,201,2,a5d658b7,,,2026-07-15,2026-07-15
9351,bd515704,102,6,204,2,b244f9d6,,,2026-07-15,2026-07-15
9352,7576b36e,472,2,201,2,3f09714a,,,2026-07-15,2026-07-15
9353,def9d016,536,2,204,5,ac2c30bf,,,2026-07-15,2026-07-15
9354,1551ebee,562,4,205,3,57be6156,,,2026-07-15,2026-07-15
9355,46d4c200,31,5,202,4,ef5f41ce,,,2026-07-15,2026-07-15
9356,9294c1df,222,6,203,3,a79b76cb,,,2026-07-15,2026-07-15
9357,148b5982,370,6,202,2,970e594b,,,2026-07-15,2026-07-15
9358,837e7915,409,2,205,1,96379792,,,2026-07-15,2026-07-15
9359,bf81df2e,233,7,202,4,ac535caa,,,2026-07-15,2026-07-15
9360,3f97125b,238,5,205,1,036ada7f,,,2026-07-15,2026-07-15
9361,c9bd7dbb,415,2,204,3,91c9bcd7,,,2026-07-15,2026-07-15
9362,a2cf3c86,343,3,205,5,ede49010,,,2026-07-15,2026-07-15
9363,b5e77585,233,3,204,3,dd410d5f,,,2026-07-15,2026-07-15
9364,a814e3cb,17,5,204,5,943eab83,,,2026-07-15,2026-07-15
9365,3724cab3,188,3,205,4,e6d45de3,,,2026-07-15,2026-07-15
9366,4e786efc,557,3,203,1,74258308,,,2026-07-15,2026-07-15
9367,049dc4f8,430,1,203,2,bde42cc1,,,2026-07-15,2026-07-15
9368,3d8fd1b2,47,3,202,1,f0924da4,,,2026-07-15,2026-07-15
9369,5791572a,270,1,202,4,a0d8ebba,,,2026-07-15,2026-07-15
9370,6b4a122a,32,6,202,2,4363b8d6,,,2026-07-15,2026-07-15
9371,eddbdf42,162,4,202,5,b3125078,,,2026-07-15,2026-07-15
9372,74e69aac,171,5,202,2,3a1756fa,,,2026-07-15,2026-07-15
9373,b38b219d,700,4,203,2,531113e4,,,2026-07-15,2026-07-15
9374,0da428e0,671,4,203,5,7b868e56,,,2026-07-15,2026-07-15
9375,009048b8,22,4,204,3,60ce4ade,,,2026-07-15,2026-07-15
9376,d396a339,674,6,203,4,3929633d,,,2026-07-15,2026-07-15
9377,f2d3929b,302,1,201,4,482ffe65,,,2026-07-15,2026-07-15
9378,9721c434,487,2,205,5,35f98e98,,,2026-07-15,2026-07-15
9379,5c4a8aeb,224,5,202,5,2c760828,,,2026-07-15,2026-07-15
9380,2db3c43a,350,4,203,3,c578c38f,,,2026-07-15,2026-07-15
9381,97a4088e,326,6,203,2,5a5bf759,,,2026-07-15,2026-07-15
9382,fb9e6287,129,7,204,5,a040e169,,,2026-07-15,2026-07-15
9383,67380705,616,4,204,3,de084e17,,,2026-07-15,2026-07-15
9384,c6dbbebc,144,4,203,4,37354f22,,,2026-07-15,2026-07-15
9385,2d60f05e,219,7,202,5,3832abbc,,,2026-07-15,2026-07-15
9386,559f1842,314,2,205,5,465c1c13,,,2026-07-15,2026-07-15
9387,e72f6ad9,560,5,202,5,036ada7f,,,2026-07-15,2026-07-15
9388,78c8c165,457,3,202,4,c84a0390,,,2026-07-15,2026-07-15
9389,499beece,626,5,205,5,b115a948,,,2026-07-15,2026-07-15
9390,c1e4958e,44,1,203,1,e6d45de3,,,2026-07-15,2026-07-15
9391,7d851c90,131,6,203,2,eb3c1fb7,,,2026-07-15,2026-07-15
9392,99117516,347,2,204,2,fc9cf0b8,,,2026-07-15,2026-07-15
9393,7452f106,46,5,202,1,6f2a321a,,,2026-07-15,2026-07-15
9394,32757406,108,6,205,5,febfde98,,,2026-07-15,2026-07-15
9395,83994ec8,314,7,202,2,01974f0f,,,2026-07-15,2026-07-15
9396,995b4327,271,6,204,5,cb8ec133,,,2026-07-15,2026-07-15
9397,4d749dd9,669,1,201,1,827ac471,,,2026-07-15,2026-07-15
9398,98e03f08,92,6,201,1,6f28469e,,,2026-07-15,2026-07-15
9399,6bc0b007,291,7,205,5,68f3c4e5,,,2026-07-15,2026-07-15
9400,db030c60,92,6,204,1,62bfa0d9,,,2026-07-15,2026-07-15
9401,82425ba7,328,3,202,3,7e1de19d,,,2026-07-15,2026-07-15
9402,b88c8154,154,1,202,5,315f550b,,,2026-07-15,2026-07-15
9403,6baf241f,536,7,204,3,f248f0c6,,,2026-07-15,2026-07-15
9404,7835cedc,664,7,204,5,c475f6fc,,,2026-07-15,2026-07-15
9405,37c0e327,122,4,204,5,63369e6c,,,2026-07-15,2026-07-15
9406,850bc501,616,6,205,2,c578c38f,,,2026-07-15,2026-07-15
9407,da9fcf6e,257,3,204,3,7a5bc5c2,,,2026-07-15,2026-07-15
9408,e3407ca8,681,5,203,3,84b47f93,,,2026-07-15,2026-07-15
9409,5559a6fd,280,4,201,4,fc9cf0b8,,,2026-07-15,2026-07-15
9410,52d5ad88,52,1,202,2,1e59121b,,,2026-07-15,2026-07-15
9411,b409efb9,473,2,205,4,bb9d2955,,,2026-07-15,2026-07-15
9412,ded27554,286,2,201,5,dd3198d1,,,2026-07-15,2026-07-15
9413,2a1ca414,212,2,201,5,8a51bc70,,,2026-07-15,2026-07-15
9414,e20b1b42,572,5,202,1,d2599bb6,,,2026-07-15,2026-07-15
9415,bc566a94,425,4,204,3,465c1c13,,,2026-07-15,2026-07-15
9416,eb970e73,57,5,202,3,5e3a2195,,,2026-07-15,2026-07-15
9417,de8b48c0,564,5,204,5,6958bb49,,,2026-07-15,2026-07-15
9418,f594aa9c,573,7,201,1,3d6a9dc8,,,2026-07-15,2026-07-15
9419,519cea4f,141,7,202,3,a30580a1,,,2026-07-15,2026-07-15
9420,7f17c288,625,3,203,4,7b748fb3,,,2026-07-15,2026-07-15
9421,526aed4d,448,7,202,5,df92d410,,,2026-07-15,2026-07-15
9422,b5fc2af5,478,3,201,4,1e59121b,,,2026-07-15,2026-07-15
9423,867e9ddd,103,1,202,1,dd410d5f,,,2026-07-15,2026-07-15
9424,1d0f18c5,577,5,204,5,f27a730c,,,2026-07-15,2026-07-15
9425,84e9e53a,683,3,204,4,dd410d5f,,,2026-07-15,2026-07-15
9426,ee545909,673,5,201,4,91a6c884,,,2026-07-15,2026-07-15
9427,751c52ab,186,3,205,2,c84a0390,,,2026-07-15,2026-07-15
9428,6ef0d40b,399,7,203,5,ca496ce9,,,2026-07-15,2026-07-15
9429,f1d9ef84,405,7,202,1,6b71e7b7,,,2026-07-15,2026-07-15
9430,3bb5b158,618,6,205,3,77c6d634,,,2026-07-15,2026-07-15
9431,989b60a1,557,4,201,5,0968f5a7,,,2026-07-15,2026-07-15
9432,d9d48958,66,7,203,2,f18b66c1,,,2026-07-15,2026-07-15
9433,c1ce66d6,462,6,201,3,dfe6e1ff,,,2026-07-15,2026-07-15
9434,30fd6a9b,94,3,203,4,43cbe6fa,,,2026-07-15,2026-07-15
9435,e04af2aa,467,4,202,4,2f730975,,,2026-07-15,2026-07-15
9436,2bb706dd,15,4,203,4,5482a297,,,2026-07-15,2026-07-15
9437,02d78b40,27,6,203,4,4960cc67,,,2026-07-15,2026-07-15
9438,5b10f67d,65,2,205,4,fe86a413,,,2026-07-15,2026-07-15
9439,d9152e31,51,7,204,3,6f28469e,,,2026-07-15,2026-07-15
9440,fce7283c,111,1,201,5,60c38ae4,,,2026-07-15,2026-07-15
9441,5e0e3264,382,5,203,3,ce1b52ae,,,2026-07-15,2026-07-15
9442,a4307ba3,251,3,202,2,3a1756fa,,,2026-07-15,2026-07-15
9443,df17b81b,624,6,201,4,e89b35ce,,,2026-07-15,2026-07-15
9444,c5c19b34,634,4,205,5,4960cc67,,,2026-07-15,2026-07-15
9445,cdb5944a,363,4,202,5,89c3a817,,,2026-07-15,2026-07-15
9446,1bef2140,705,6,204,4,e5d0ffbb,,,2026-07-15,2026-07-15
9447,a10e413a,330,4,205,1,8b414a94,,,2026-07-15,2026-07-15
9448,f7cced72,396,3,202,5,e75bb09b,,,2026-07-15,2026-07-15
9449,96943d51,26,1,205,5,f248f0c6,,,2026-07-15,2026-07-15
9450,3bdf4930,414,2,202,5,346c1416,,,2026-07-15,2026-07-15
9451,19eb47f0,626,4,204,1,aaa7dca8,,,2026-07-15,2026-07-15
9452,b2f303f8,260,3,205,4,03f0acfa,,,2026-07-15,2026-07-15
9453,c4464f87,59,6,204,4,cb8ec133,,,2026-07-15,2026-07-15
9454,c51f8ddc,44,6,202,1,38daf3c5,,,2026-07-15,2026-07-15
9455,08406646,96,1,203,1,03f0acfa,,,2026-07-15,2026-07-15
9456,9d48a51d,370,4,203,4,e224a8c6,,,2026-07-15,2026-07-15
9457,3d32f2ad,670,5,205,2,b730e9e6,,,2026-07-15,2026-07-15
9458,28282d9a,111,7,203,5,425b1d3d,,,2026-07-15,2026-07-15
9459,217a2666,522,5,205,2,6568690c,,,2026-07-15,2026-07-15
9460,ccc4e527,714,3,205,3,e1e17a72,,,2026-07-15,2026-07-15
9461,d45e00fe,412,7,203,3,8b414a94,,,2026-07-15,2026-07-15
9462,07d1f5a5,124,2,204,4,367ca016,,,2026-07-15,2026-07-15
9463,b4adf1ea,159,5,201,1,1b14dcc9,,,2026-07-15,2026-07-15
9464,05a755f2,50,6,202,1,7bc42b05,,,2026-07-15,2026-07-15
9465,2d022253,456,7,203,3,8b319808,,,2026-07-15,2026-07-15
9466,fb0d7c16,226,3,202,1,a30580a1,,,2026-07-15,2026-07-15
9467,e2a1c343,425,7,204,1,cb8ec133,,,2026-07-15,2026-07-15
9468,332bf957,230,6,201,1,d8b06558,,,2026-07-15,2026-07-15
9469,6edc5773,436,6,204,2,1d498af8,,,2026-07-15,2026-07-15
9470,da4c5e67,162,1,204,1,92f2fd13,,,2026-07-15,2026-07-15
9471,c1d89091,173,3,204,2,91a6c884,,,2026-07-15,2026-07-15
9472,a74a9ad4,524,5,204,4,b03540b1,,,2026-07-15,2026-07-15
9473,9350e21d,707,2,203,5,61fab6f7,,,2026-07-15,2026-07-15
9474,0793bb59,692,3,203,3,df28e3f0,,,2026-07-15,2026-07-15
9475,a64b64d2,79,5,202,4,4049e911,,,2026-07-15,2026-07-15
9476,345e4cdd,628,4,204,1,63baf574,,,2026-07-15,2026-07-15
9477,b56b16c2,392,5,201,2,61fab6f7,,,2026-07-15,2026-07-15
9478,16ffb0bc,259,1,202,2,208d275a,,,2026-07-15,2026-07-15
9479,7eba709a,532,5,204,2,719fa89e,,,2026-07-15,2026-07-15
9480,75141c43,714,1,205,1,89c3a817,,,2026-07-15,2026-07-15
9481,a50afca0,570,5,204,4,3a0f258a,,,2026-07-15,2026-07-15
9482,73bb46e3,441,4,201,4,f18b66c1,,,2026-07-15,2026-07-15
9483,a36ed7f7,128,2,205,1,9dd48364,,,2026-07-15,2026-07-15
9484,1ed1f494,565,1,203,3,2d45f6bd,,,2026-07-15,2026-07-15
9485,8b204147,344,4,202,5,d8edbef1,,,2026-07-15,2026-07-15
9486,19c0abf1,519,5,205,5,8125c6f0,,,2026-07-15,2026-07-15
9487,90dc7292,586,5,204,1,827ac471,,,2026-07-15,2026-07-15
9488,70ba5331,287,6,205,4,43b89e78,,,2026-07-15,2026-07-15
9489,87085c72,39,6,201,4,efc887b8,,,2026-07-15,2026-07-15
9490,6d18cffe,6,2,203,3,66299238,,,2026-07-15,2026-07-15
9491,43b1cb35,631,5,204,1,ae0deda5,,,2026-07-15,2026-07-15
9492,3fcf8c2f,368,1,202,1,9ac47356,,,2026-07-15,2026-07-15
9493,b77ce691,609,1,202,3,a0d8ebba,,,2026-07-15,2026-07-15
9494,1eb7dedd,552,4,204,2,4799194e,,,2026-07-15,2026-07-15
9495,6efa9487,106,6,201,3,3184736b,,,2026-07-15,2026-07-15
9496,1b2a60ca,304,3,203,1,d1cd1e4d,,,2026-07-15,2026-07-15
9497,0a514e80,642,2,205,5,315f550b,,,2026-07-15,2026-07-15
9498,79d50532,286,4,203,1,bde42cc1,,,2026-07-15,2026-07-15
9499,56df1661,376,7,202,4,0d4d4804,,,2026-07-15,2026-07-15
9500,adbfd700,365,2,202,2,97682d83,,,2026-07-15,2026-07-15
9501,718692f8,687,7,205,1,8111bc07,,,2026-07-15,2026-07-15
9502,6c84a606,15,1,204,2,2d45f6bd,,,2026-07-15,2026-07-15
9503,cfe60f14,246,7,204,4,442d941c,,,2026-07-15,2026-07-15
9504,b5ed5101,505,6,202,5,a426a28e,,,2026-07-15,2026-07-15
9505,fbedd5d0,421,6,202,4,d1cd1e4d,,,2026-07-15,2026-07-15
9506,9338bbdc,367,1,203,3,e1e17a72,,,2026-07-15,2026-07-15
9507,1bd1f952,11,6,202,5,84b47f93,,,2026-07-15,2026-07-15
9508,f9300386,289,2,202,1,346c1416,,,2026-07-15,2026-07-15
9509,b44f8853,29,1,201,5,f0758699,,,2026-07-15,2026-07-15
9510,0c923661,502,3,203,3,0968f5a7,,,2026-07-15,2026-07-15
9511,792a67f6,302,4,205,5,42d0014c,,,2026-07-15,2026-07-15
9512,38447331,623,1,201,1,487a1dd7,,,2026-07-15,2026-07-15
9513,aec99146,466,1,204,5,6c4f0c4c,,,2026-07-15,2026-07-15
9514,6ccadbed,134,3,204,2,a008a294,,,2026-07-15,2026-07-15
9515,a1747b39,592,3,203,5,bde42cc1,,,2026-07-15,2026-07-15
9516,8f51aa3f,431,2,201,5,c7ead2cc,,,2026-07-15,2026-07-15
9517,9046e82f,162,7,203,4,1dc2bf91,,,2026-07-15,2026-07-15
9518,b0e9d77e,478,4,201,5,1d498af8,,,2026-07-15,2026-07-15
9519,ff258e68,233,5,201,3,f18b66c1,,,2026-07-15,2026-07-15
9520,81b71a26,315,4,205,2,ca496ce9,,,2026-07-15,2026-07-15
9521,a68f8298,434,6,203,4,77449c06,,,2026-07-15,2026-07-15
9522,25a4bfbf,259,7,201,5,3a0f258a,,,2026-07-15,2026-07-15
9523,f8212637,535,2,203,4,e3ec02d4,,,2026-07-15,2026-07-15
9524,2576724f,56,5,202,2,f971e386,,,2026-07-15,2026-07-15
9525,132b6bce,104,5,204,2,7e1de19d,,,2026-07-15,2026-07-15
9526,1c10e2f9,209,5,202,3,63baf574,,,2026-07-15,2026-07-15
9527,c34618d9,440,2,205,4,4943c5d9,,,2026-07-15,2026-07-15
9528,7e4623d0,567,6,203,1,0fcaa55a,,,2026-07-15,2026-07-15
9529,8b48c235,703,3,205,4,c88f1b8d,,,2026-07-15,2026-07-15
9530,8626b903,196,6,203,1,e942aab7,,,2026-07-15,2026-07-15
9531,44f19f73,598,2,204,1,fc9cf0b8,,,2026-07-15,2026-07-15
9532,f0cce951,517,6,205,4,a638b4b0,,,2026-07-15,2026-07-15
9533,40f28b41,400,5,201,2,6780333b,,,2026-07-15,2026-07-15
9534,109e9ca6,393,3,201,2,72bc630e,,,2026-07-15,2026-07-15
9535,a3ae6c94,158,7,203,3,19a61dd4,,,2026-07-15,2026-07-15
9536,b0e5b91d,429,7,204,3,b4ca029a,,,2026-07-15,2026-07-15
9537,d3014332,474,7,202,3,99fed753,,,2026-07-15,2026-07-15
9538,40cb58c1,367,5,201,2,8111bc07,,,2026-07-15,2026-07-15
9539,7215d909,214,7,203,3,25faaa82,,,2026-07-15,2026-07-15
9540,66176a3c,23,6,202,4,2d4fce37,,,2026-07-15,2026-07-15
9541,c67afd99,25,5,205,3,dd3198d1,,,2026-07-15,2026-07-15
9542,1b333286,342,7,203,2,cedf6f69,,,2026-07-15,2026-07-15
9543,d141353a,260,2,201,1,0fbfd231,,,2026-07-15,2026-07-15
9544,4190b25e,602,6,203,4,aece207c,,,2026-07-15,2026-07-15
9545,84addf2b,120,7,202,2,112f9cab,,,2026-07-15,2026-07-15
9546,bed48685,276,2,202,5,8a51bc70,,,2026-07-15,2026-07-15
9547,64b3ca69,114,7,201,1,d9c08140,,,2026-07-15,2026-07-15
9548,bf5601fc,402,6,203,1,2c760828,,,2026-07-15,2026-07-15
9549,926dc0ab,549,6,203,2,63369e6c,,,2026-07-15,2026-07-15
9550,f5b5c029,80,1,202,4,369a8438,,,2026-07-15,2026-07-15
9551,86d9f8ed,122,1,204,4,3f491b77,,,2026-07-15,2026-07-15
9552,414e1747,606,2,204,4,8125c6f0,,,2026-07-15,2026-07-15
9553,80290d08,475,4,202,3,57be6156,,,2026-07-15,2026-07-15
9554,0b940986,671,2,203,2,89c3a817,,,2026-07-15,2026-07-15
9555,685d44cf,668,1,203,2,2df8b6f4,,,2026-07-15,2026-07-15
9556,93efc066,617,3,204,4,f971e386,,,2026-07-15,2026-07-15
9557,4222bed2,635,2,203,4,dfcfee6c,,,2026-07-15,2026-07-15
9558,e6d0edae,469,5,205,3,e03caed0,,,2026-07-15,2026-07-15
9559,bd041415,580,3,205,5,369a8438,,,2026-07-15,2026-07-15
9560,becc7092,234,7,202,2,92f2fd13,,,2026-07-15,2026-07-15
9561,1900cfa3,71,7,204,4,4907af8c,,,2026-07-15,2026-07-15
9562,485bd93d,85,1,203,4,3c63e5d3,,,2026-07-15,2026-07-15
9563,04f2469a,650,6,205,2,bed1ac6c,,,2026-07-15,2026-07-15
9564,959664a2,244,1,202,4,84b47f93,,,2026-07-15,2026-07-15
9565,be771e2c,572,6,201,5,bde42cc1,,,2026-07-15,2026-07-15
9566,ea4bf9fe,86,6,205,2,15a65ae5,,,2026-07-15,2026-07-15
9567,ab3472eb,440,5,205,2,e0e8c2a1,,,2026-07-15,2026-07-15
9568,a68d6e8b,10,6,202,2,5dff7cb7,,,2026-07-15,2026-07-15
9569,a6fd8502,596,2,202,4,10f10b2b,,,2026-07-15,2026-07-15
9570,f9f981e3,357,2,202,2,20f9eb9c,,,2026-07-15,2026-07-15
9571,1acfc040,413,2,203,3,b4065ef4,,,2026-07-15,2026-07-15
9572,eba42e96,271,2,202,2,3f491b77,,,2026-07-15,2026-07-15
9573,114eb8db,207,5,204,2,3d657bb9,,,2026-07-15,2026-07-15
9574,d82c9d30,37,7,201,4,66299238,,,2026-07-15,2026-07-15
9575,b9a05f08,320,6,205,5,38daf3c5,,,2026-07-15,2026-07-15
9576,3be11d1f,449,3,205,5,c05e9193,,,2026-07-15,2026-07-15
9577,3b515ec8,337,2,204,4,4943c5d9,,,2026-07-15,2026-07-15
9578,5b4fe4e5,610,6,203,2,14a4c03c,,,2026-07-15,2026-07-15
9579,1bf9d804,672,6,201,5,b427b66b,,,2026-07-15,2026-07-15
9580,f8f9591c,149,1,203,2,cc9f65a9,,,2026-07-15,2026-07-15
9581,d7ce9866,211,4,202,3,27c530c5,,,2026-07-15,2026-07-15
9582,d43616f0,650,4,205,4,5dff7cb7,,,2026-07-15,2026-07-15
9583,e81310ee,283,5,201,4,42d0014c,,,2026-07-15,2026-07-15
9584,5676ef41,225,3,204,2,c3a6c571,,,2026-07-15,2026-07-15
9585,3d9b66e7,276,2,201,4,bc297930,,,2026-07-15,2026-07-15
9586,18e9c135,104,2,202,5,5a5bf759,,,2026-07-15,2026-07-15
9587,3ef8008d,79,1,203,3,482ffe65,,,2026-07-15,2026-07-15
9588,0666e24a,1,2,204,2,69b06aa6,,,2026-07-15,2026-07-15
9589,a30ee24e,514,2,205,1,ec5b641f,,,2026-07-15,2026-07-15
9590,27978ab4,512,7,204,3,91a6c884,,,2026-07-15,2026-07-15
9591,d042e7f8,180,1,203,1,3d657bb9,,,2026-07-15,2026-07-15
9592,d33a1f18,2,6,205,4,6568690c,,,2026-07-15,2026-07-15
9593,1b25ba1e,490,2,202,4,9ac47356,,,2026-07-15,2026-07-15
9594,d1e65357,359,5,201,3,cd901af9,,,2026-07-15,2026-07-15
9595,248b0efd,570,6,205,4,5ae61d1c,,,2026-07-15,2026-07-15
9596,8172fe71,136,6,202,1,a426a28e,,,2026-07-15,2026-07-15
9597,204cd53b,369,3,203,3,2c760828,,,2026-07-15,2026-07-15
9598,e08f9843,35,2,203,3,50987e86,,,2026-07-15,2026-07-15
9599,44e6903b,353,1,205,1,f27bb490,,,2026-07-15,2026-07-15
9600,6eb8a04c,660,5,202,2,99fed753,,,2026-07-15,2026-07-15
9601,90159d89,228,7,201,3,970e594b,,,2026-07-15,2026-07-15
9602,ba86ac78,264,7,201,4,41087c74,,,2026-07-15,2026-07-15
9603,6bd7730c,361,1,204,3,df92d410,,,2026-07-15,2026-07-15
9604,f5cf3be6,31,2,203,2,aefc1727,,,2026-07-15,2026-07-15
9605,00d4a734,119,5,205,2,df92d410,,,2026-07-15,2026-07-15
9606,712cee94,182,5,201,2,719fa89e,,,2026-07-15,2026-07-15
9607,c0248799,571,3,205,2,9efecf41,,,2026-07-15,2026-07-15
9608,f33265c3,668,3,202,5,7ad06864,,,2026-07-15,2026-07-15
9609,94d44a2e,554,1,202,1,3a1572cc,,,2026-07-15,2026-07-15
9610,86f5cc7c,26,7,201,2,57221ec9,,,2026-07-15,2026-07-15
9611,039c2c20,536,5,201,1,8b414a94,,,2026-07-15,2026-07-15
9612,95223165,423,3,205,3,a8a7db6d,,,2026-07-15,2026-07-15
9613,985d2f8a,195,1,204,5,4739f6d9,,,2026-07-15,2026-07-15
9614,b8b79a0f,27,7,202,4,bd4a772f,,,2026-07-15,2026-07-15
9615,56d32b19,680,1,202,2,6f28469e,,,2026-07-15,2026-07-15
9616,a62a8fff,691,4,201,3,7ad06864,,,2026-07-15,2026-07-15
9617,35d25970,148,6,202,3,1e59121b,,,2026-07-15,2026-07-15
9618,acaee50c,407,4,205,1,b4ca029a,,,2026-07-15,2026-07-15
9619,b54484fc,410,1,201,5,fb87e33d,,,2026-07-15,2026-07-15
9620,92964ece,688,4,203,5,f7817da3,,,2026-07-15,2026-07-15
9621,6ff70c08,471,7,203,3,822c1444,,,2026-07-15,2026-07-15
9622,9a012119,549,4,205,2,91c9bcd7,,,2026-07-15,2026-07-15
9623,9f58f3be,521,3,202,3,68f3c4e5,,,2026-07-15,2026-07-15
9624,6cf6ef3b,72,4,202,2,efc887b8,,,2026-07-15,2026-07-15
9625,ffb0063a,335,5,201,1,2b2175cd,,,2026-07-15,2026-07-15
9626,2992d876,84,3,202,3,6b3185b0,,,2026-07-15,2026-07-15
9627,9c3212c1,648,4,202,1,4049e911,,,2026-07-15,2026-07-15
9628,08f5c75d,83,5,202,2,4db20d32,,,2026-07-15,2026-07-15
9629,2603abc8,652,1,202,4,70bfbcda,,,2026-07-15,2026-07-15
9630,5aac6ba1,559,3,203,5,3110a49a,,,2026-07-15,2026-07-15
9631,7903ae18,310,1,204,2,e52f5ed8,,,2026-07-15,2026-07-15
9632,fa5d0dad,301,4,205,1,195b4c1c,,,2026-07-15,2026-07-15
9633,08810a42,626,1,204,2,f2fc7978,,,2026-07-15,2026-07-15
9634,64477685,508,6,203,5,20f9eb9c,,,2026-07-15,2026-07-15
9635,be96b53f,321,7,205,1,fa578b09,,,2026-07-15,2026-07-15
9636,b8e73772,396,1,204,3,cbcf13d1,,,2026-07-15,2026-07-15
9637,cd4bef2a,479,4,205,5,425b1d3d,,,2026-07-15,2026-07-15
9638,4cab9154,352,1,205,4,89c3a817,,,2026-07-15,2026-07-15
9639,19a3dce9,231,7,205,3,0d484e5f,,,2026-07-15,2026-07-15
9640,bb35ccc4,323,6,204,1,57221ec9,,,2026-07-15,2026-07-15
9641,20944cde,322,4,203,4,4bc76ae2,,,2026-07-15,2026-07-15
9642,5c67017c,201,7,205,3,0968f5a7,,,2026-07-15,2026-07-15
9643,021e00d9,527,3,202,5,c88f1b8d,,,2026-07-15,2026-07-15
9644,520b1592,464,5,203,5,fa578b09,,,2026-07-15,2026-07-15
9645,7d4f71e9,441,1,202,4,6b71e7b7,,,2026-07-15,2026-07-15
9646,5630f6e8,558,1,201,1,84b47f93,,,2026-07-15,2026-07-15
9647,d9136240,271,5,203,1,943eab83,,,2026-07-15,2026-07-15
9648,e7391448,457,5,203,1,4739f6d9,,,2026-07-15,2026-07-15
9649,f099d6ba,579,1,202,5,a008a294,,,2026-07-15,2026-07-15
9650,a8156ed3,462,7,204,4,0fbb521a,,,2026-07-15,2026-07-15
9651,51d0f3df,422,4,204,4,a84540d1,,,2026-07-15,2026-07-15
9652,97232346,23,7,205,5,ca496ce9,,,2026-07-15,2026-07-15
9653,962cc36d,444,3,202,5,77c6d634,,,2026-07-15,2026-07-15
9654,c07bbf57,203,1,202,4,4db20d32,,,2026-07-15,2026-07-15
9655,e0b9228c,226,1,203,1,df92d410,,,2026-07-15,2026-07-15
9656,230bfa6a,666,6,201,4,f27a730c,,,2026-07-15,2026-07-15
9657,3ed31242,355,3,202,4,77c6d634,,,2026-07-15,2026-07-15
9658,5e12a369,492,3,203,5,52368d16,,,2026-07-15,2026-07-15
9659,a0e9da8b,1,5,201,1,37354f22,,,2026-07-15,2026-07-15
9660,d22b3a3f,197,1,201,3,3e66160b,,,2026-07-15,2026-07-15
9661,66c62520,4,1,205,3,3929633d,,,2026-07-15,2026-07-15
9662,16ed1c6a,203,1,204,5,434c2454,,,2026-07-15,2026-07-15
9663,f32ebd15,127,3,205,2,943eab83,,,2026-07-15,2026-07-15
9664,e275cc24,19,7,202,1,58954ba4,,,2026-07-15,2026-07-15
9665,5ac70dd2,265,3,205,5,0fbfd231,,,2026-07-15,2026-07-15
9666,75876973,232,3,202,3,9e7dae2e,,,2026-07-15,2026-07-15
9667,1686f086,97,6,205,3,6568690c,,,2026-07-15,2026-07-15
9668,1cc394c2,491,7,204,2,de084e17,,,2026-07-15,2026-07-15
9669,430a73ea,22,5,203,1,febfde98,,,2026-07-15,2026-07-15
9670,e78b3a5c,326,5,203,2,482ffe65,,,2026-07-15,2026-07-15
9671,03534bdd,301,1,203,2,3e66160b,,,2026-07-15,2026-07-15
9672,9830b91a,21,2,203,5,f6ab1ed5,,,2026-07-15,2026-07-15
9673,925f3641,399,4,203,5,d8edbef1,,,2026-07-15,2026-07-15
9674,0b4955c4,570,5,203,3,8993064a,,,2026-07-15,2026-07-15
9675,05e71ab4,122,3,203,3,7704f92c,,,2026-07-15,2026-07-15
9676,2cbc6e45,714,6,205,3,b427b66b,,,2026-07-15,2026-07-15
9677,ae9ed537,234,2,204,2,95f70b4e,,,2026-07-15,2026-07-15
9678,d8b8c566,516,5,205,4,b730e9e6,,,2026-07-15,2026-07-15
9679,3cbdf66d,104,7,203,2,c7ead2cc,,,2026-07-15,2026-07-15
9680,7fe7d2b6,294,3,205,1,19a61dd4,,,2026-07-15,2026-07-15
9681,b1af6646,703,6,203,3,87830e43,,,2026-07-15,2026-07-15
9682,c76411ef,712,7,202,3,4ba49536,,,2026-07-15,2026-07-15
9683,94859faa,265,1,205,3,d2599bb6,,,2026-07-15,2026-07-15
9684,ce64151f,135,7,202,2,1242762d,,,2026-07-15,2026-07-15
9685,37761652,349,6,202,4,3832abbc,,,2026-07-15,2026-07-15
9686,5d8da962,212,4,205,2,77c6d634,,,2026-07-15,2026-07-15
9687,f803e504,388,2,203,2,20f9eb9c,,,2026-07-15,2026-07-15
9688,a9ef3a0b,728,4,201,3,bd47b713,,,2026-07-15,2026-07-15
9689,59194b3e,135,6,205,2,6a0cd270,,,2026-07-15,2026-07-15
9690,33205b05,623,7,205,2,205742d2,,,2026-07-15,2026-07-15
9691,af9ca19c,357,3,201,5,4363b8d6,,,2026-07-15,2026-07-15
9692,ebd7ba2b,124,6,201,5,72b21457,,,2026-07-15,2026-07-15
9693,4aef8c8f,23,7,202,1,63369e6c,,,2026-07-15,2026-07-15
9694,9fc9aa9b,96,3,205,5,9349d295,,,2026-07-15,2026-07-15
9695,36fd74f3,725,3,203,2,89c3a817,,,2026-07-15,2026-07-15
9696,ae3c52e6,256,5,202,4,68f3c4e5,,,2026-07-15,2026-07-15
9697,d4a3ec12,150,2,204,4,99fed753,,,2026-07-15,2026-07-15
9698,1980128a,695,6,205,5,b755ebae,,,2026-07-15,2026-07-15
9699,368a8e62,315,2,205,5,2f730975,,,2026-07-15,2026-07-15
9700,969c2b05,600,4,205,5,91c9bcd7,,,2026-07-15,2026-07-15
9701,7a99c611,122,4,203,3,289b72c4,,,2026-07-15,2026-07-15
9702,35a3f4c7,727,2,203,2,7e1de19d,,,2026-07-15,2026-07-15
9703,f79de79b,116,3,205,5,ef75b4bf,,,2026-07-15,2026-07-15
9704,9f4c111f,605,5,205,4,1d498af8,,,2026-07-15,2026-07-15
9705,a0d5c3ad,339,5,205,4,346c1416,,,2026-07-15,2026-07-15
9706,031d898b,135,3,202,1,8993064a,,,2026-07-15,2026-07-15
9707,bccc5952,284,2,203,4,1e59121b,,,2026-07-15,2026-07-15
9708,ce29e543,705,5,201,3,8d3cc46f,,,2026-07-15,2026-07-15
9709,cb2fa4b6,214,5,202,4,f18b66c1,,,2026-07-15,2026-07-15
9710,ae8a0363,661,2,205,3,cc9f65a9,,,2026-07-15,2026-07-15
9711,870641b9,213,1,202,5,fe86a413,,,2026-07-15,2026-07-15
9712,8db250d1,131,7,204,5,a4e3426c,,,2026-07-15,2026-07-15
9713,596b8506,715,3,203,3,e52f5ed8,,,2026-07-15,2026-07-15
9714,72f346cf,702,2,203,3,6b3185b0,,,2026-07-15,2026-07-15
9715,2d80a522,8,5,203,5,1e6e7fcd,,,2026-07-15,2026-07-15
9716,2a1a5816,139,4,205,5,45592551,,,2026-07-15,2026-07-15
9717,8b12212d,153,6,204,3,84b47f93,,,2026-07-15,2026-07-15
9718,da57a5e0,452,7,204,5,6f2a321a,,,2026-07-15,2026-07-15
9719,918aecd7,10,6,201,1,b755ebae,,,2026-07-15,2026-07-15
9720,83856e22,200,7,205,5,ac2c30bf,,,2026-07-15,2026-07-15
9721,fbb1a505,589,4,203,3,5dff7cb7,,,2026-07-15,2026-07-15
9722,7c597d59,681,1,205,1,4049e911,,,2026-07-15,2026-07-15
9723,84215263,100,4,204,5,b4ca029a,,,2026-07-15,2026-07-15
9724,bbd811a4,274,4,204,5,b51ae2f1,,,2026-07-15,2026-07-15
9725,1681820f,43,7,204,5,dfe6e1ff,,,2026-07-15,2026-07-15
9726,08e44632,685,6,202,4,b755ebae,,,2026-07-15,2026-07-15
9727,18fe1e96,400,2,204,1,9ac47356,,,2026-07-15,2026-07-15
9728,06795aea,444,4,202,1,b51ae2f1,,,2026-07-15,2026-07-15
9729,7771f44a,615,1,205,1,9efecf41,,,2026-07-15,2026-07-15
9730,64eefd26,453,6,203,4,367ca016,,,2026-07-15,2026-07-15
9731,1639e120,242,6,201,1,6f28469e,,,2026-07-15,2026-07-15
9732,725a0d8b,108,4,203,1,487a1dd7,,,2026-07-15,2026-07-15
9733,4d76b1e3,13,6,201,5,548dc0b3,,,2026-07-15,2026-07-15
9734,7776980f,490,3,204,3,66299238,,,2026-07-15,2026-07-15
9735,94868a51,504,4,204,5,eb3c1fb7,,,2026-07-15,2026-07-15
9736,1a62fb37,637,6,205,3,531113e4,,,2026-07-15,2026-07-15
9737,b7e57557,228,4,201,3,8b414a94,,,2026-07-15,2026-07-15
9738,c7933196,700,5,205,2,082d21de,,,2026-07-15,2026-07-15
9739,6cf01d4c,276,6,204,1,3d6a9dc8,,,2026-07-15,2026-07-15
9740,89bf8e8d,588,6,204,4,37166503,,,2026-07-15,2026-07-15
9741,11d1f704,481,5,204,3,8125c6f0,,,2026-07-15,2026-07-15
9742,966b530b,314,4,204,1,9dd48364,,,2026-07-15,2026-07-15
9743,6ef60889,320,4,201,3,ba285e29,,,2026-07-15,2026-07-15
9744,5e69f625,177,6,202,1,c578c38f,,,2026-07-15,2026-07-15
9745,01a4b16d,325,6,204,1,4960cc67,,,2026-07-15,2026-07-15
9746,a2767754,552,3,202,1,c578c38f,,,2026-07-15,2026-07-15
9747,80349cd2,611,6,203,5,0968f5a7,,,2026-07-15,2026-07-15
9748,edd079d0,331,3,205,3,95f70b4e,,,2026-07-15,2026-07-15
9749,ca53136a,24,1,201,3,c49ff99c,,,2026-07-15,2026-07-15
9750,128215c5,331,2,205,4,3e66160b,,,2026-07-15,2026-07-15
9751,84930758,92,5,203,2,37166503,,,2026-07-15,2026-07-15
9752,b693eeb4,269,5,201,4,c84a0390,,,2026-07-15,2026-07-15
9753,34c9a8bf,171,2,204,3,89eec31c,,,2026-07-15,2026-07-15
9754,896437f1,704,6,205,5,4960cc67,,,2026-07-15,2026-07-15
9755,d81c3904,502,3,201,5,860df6aa,,,2026-07-15,2026-07-15
9756,614d42b7,357,4,204,2,25faaa82,,,2026-07-15,2026-07-15
9757,18962d0f,701,5,203,2,0d4d4804,,,2026-07-15,2026-07-15
9758,1d6e613b,95,6,201,4,4049e911,,,2026-07-15,2026-07-15
9759,2d757b2f,575,5,202,5,abeb982e,,,2026-07-15,2026-07-15
9760,faaa784c,27,3,204,2,2d45f6bd,,,2026-07-15,2026-07-15
9761,c82f7633,606,3,205,4,2dcdeda3,,,2026-07-15,2026-07-15
9762,6f25d136,39,7,203,2,4db20d32,,,2026-07-15,2026-07-15
9763,d127596b,63,6,201,2,e03caed0,,,2026-07-15,2026-07-15
9764,33e08661,679,5,203,1,cc9f65a9,,,2026-07-15,2026-07-15
9765,c468a06c,628,5,203,1,35f98e98,,,2026-07-15,2026-07-15
9766,8b0b59ac,64,1,203,1,bde42cc1,,,2026-07-15,2026-07-15
9767,8ec0eefb,495,3,202,1,69b06aa6,,,2026-07-15,2026-07-15
9768,531b4805,478,2,201,2,f6e5fc4d,,,2026-07-15,2026-07-15
9769,27953524,614,5,203,5,58954ba4,,,2026-07-15,2026-07-15
9770,e9d05747,145,3,205,1,4c309170,,,2026-07-15,2026-07-15
9771,0f140a05,504,5,201,1,3f491b77,,,2026-07-15,2026-07-15
9772,ebd1915f,581,6,202,5,e0e8c2a1,,,2026-07-15,2026-07-15
9773,12715786,560,6,201,3,3f26afe9,,,2026-07-15,2026-07-15
9774,de872cfe,528,6,203,2,bd4a772f,,,2026-07-15,2026-07-15
9775,1002487b,184,1,202,4,0a18e760,,,2026-07-15,2026-07-15
9776,3eca6804,652,7,201,5,021c675d,,,2026-07-15,2026-07-15
9777,865d4255,131,5,204,4,f6ab1ed5,,,2026-07-15,2026-07-15
9778,8d740e4a,507,6,201,4,641c61ac,,,2026-07-15,2026-07-15
9779,5f49960e,387,2,203,5,5424e422,,,2026-07-15,2026-07-15
9780,8ab5fa27,57,6,205,1,c4cdb41c,,,2026-07-15,2026-07-15
9781,1ec0cab1,205,3,204,5,082d21de,,,2026-07-15,2026-07-15
9782,1785dcb3,539,7,205,2,c4e558ad,,,2026-07-15,2026-07-15
9783,1ab9344d,495,4,204,4,5ae61d1c,,,2026-07-15,2026-07-15
9784,e94b361c,401,4,201,4,f12d0983,,,2026-07-15,2026-07-15
9785,d9b09f7f,578,4,204,1,b68bef7e,,,2026-07-15,2026-07-15
9786,77e2e6bd,414,4,202,5,1d498af8,,,2026-07-15,2026-07-15
9787,d21c21f2,548,7,203,5,c88f1b8d,,,2026-07-15,2026-07-15
9788,13a3d46d,514,5,202,2,4739f6d9,,,2026-07-15,2026-07-15
9789,bad76558,73,4,201,5,b4ca029a,,,2026-07-15,2026-07-15
9790,e66ed921,671,3,202,5,3a1572cc,,,2026-07-15,2026-07-15
9791,70471697,696,5,201,3,2dcdeda3,,,2026-07-15,2026-07-15
9792,021bfa50,393,5,201,5,1dc2bf91,,,2026-07-15,2026-07-15
9793,3f2d47dd,319,1,204,4,e6d45de3,,,2026-07-15,2026-07-15
9794,5e5ef043,210,6,205,5,41087c74,,,2026-07-15,2026-07-15
9795,e27d0523,332,3,203,3,45c95088,,,2026-07-15,2026-07-15
9796,cb8bc4c4,252,4,203,3,9dd48364,,,2026-07-15,2026-07-15
9797,756f81a7,425,4,201,3,b115a948,,,2026-07-15,2026-07-15
9798,0d992344,170,5,203,5,35acd685,,,2026-07-15,2026-07-15
9799,e8a9c8d0,673,4,204,1,91a6c884,,,2026-07-15,2026-07-15
9800,af26604d,268,6,203,5,b7effad0,,,2026-07-15,2026-07-15
9801,515a2d46,198,6,203,5,3d657bb9,,,2026-07-15,2026-07-15
9802,614de6ce,655,3,204,4,e52f5ed8,,,2026-07-15,2026-07-15
9803,05c93db0,203,6,203,4,fa853203,,,2026-07-15,2026-07-15
9804,21d8d2b2,42,3,201,3,6b6d0941,,,2026-07-15,2026-07-15
9805,3b3edafc,399,6,204,2,9349d295,,,2026-07-15,2026-07-15
9806,f80e6b22,353,4,205,3,6958bb49,,,2026-07-15,2026-07-15
9807,4f849e1e,211,4,202,3,5e91ed7b,,,2026-07-15,2026-07-15
9808,436ee211,386,7,204,4,b3125078,,,2026-07-15,2026-07-15
9809,1505f3e0,484,7,202,3,69956359,,,2026-07-15,2026-07-15
9810,a05bc446,392,2,204,2,c49ff99c,,,2026-07-15,2026-07-15
9811,e8257de3,530,2,202,5,944084a9,,,2026-07-15,2026-07-15
9812,5b024b96,358,4,202,3,aece207c,,,2026-07-15,2026-07-15
9813,1cb5d338,249,3,204,3,63baf574,,,2026-07-15,2026-07-15
9814,c8121ea7,500,3,205,1,fb87e33d,,,2026-07-15,2026-07-15
9815,7e427447,64,6,203,2,6780333b,,,2026-07-15,2026-07-15
9816,ddc66a56,306,4,203,1,63baf574,,,2026-07-15,2026-07-15
9817,ec705b07,588,2,201,3,fdb588e8,,,2026-07-15,2026-07-15
9818,52b46311,290,5,204,2,bd4a772f,,,2026-07-15,2026-07-15
9819,8469e46e,440,1,204,3,a1ba575a,,,2026-07-15,2026-07-15
9820,954c0cf3,635,5,203,1,8b414a94,,,2026-07-15,2026-07-15
9821,e247567f,364,3,201,5,195b4c1c,,,2026-07-15,2026-07-15
9822,c5cb24c2,347,7,205,5,d8b06558,,,2026-07-15,2026-07-15
9823,ae9dc449,265,7,203,2,28741ecd,,,2026-07-15,2026-07-15
9824,843f254e,67,6,205,2,bb9d2955,,,2026-07-15,2026-07-15
9825,777bc596,387,5,202,1,1a601f48,,,2026-07-15,2026-07-15
9826,efec8aba,399,5,201,1,35acd685,,,2026-07-15,2026-07-15
9827,96b77118,292,6,205,5,d2599bb6,,,2026-07-15,2026-07-15
9828,120bc9cb,635,5,204,2,4d5e252e,,,2026-07-15,2026-07-15
9829,cda5dabc,292,6,204,2,9dd48364,,,2026-07-15,2026-07-15
9830,509ec298,647,5,203,2,e0e8c2a1,,,2026-07-15,2026-07-15
9831,2fcde1e5,273,4,201,1,cee867e3,,,2026-07-15,2026-07-15
9832,f6c54ac4,446,7,205,3,4392286c,,,2026-07-15,2026-07-15
9833,4bf3f445,22,6,205,4,ae18638f,,,2026-07-15,2026-07-15
9834,71535c47,491,1,205,4,ae76cc5c,,,2026-07-15,2026-07-15
9835,abd5d97f,568,4,203,4,548dc0b3,,,2026-07-15,2026-07-15
9836,2befee4f,476,2,205,4,f971e386,,,2026-07-15,2026-07-15
9837,e828fa8d,373,1,202,2,1df1fe50,,,2026-07-15,2026-07-15
9838,411dee3e,373,1,204,5,a8a7db6d,,,2026-07-15,2026-07-15
9839,1b436c79,427,5,204,1,827ac471,,,2026-07-15,2026-07-15
9840,1577fdb2,57,1,203,4,60ce4ade,,,2026-07-15,2026-07-15
9841,9709b355,708,7,203,5,9e7dae2e,,,2026-07-15,2026-07-15
9842,ba267ecd,516,7,204,1,4363b8d6,,,2026-07-15,2026-07-15
9843,289a528a,146,1,203,5,f399f8e1,,,2026-07-15,2026-07-15
9844,989a46c4,687,4,202,2,6e76c557,,,2026-07-15,2026-07-15
9845,778ec4c2,276,7,205,1,e5d0ffbb,,,2026-07-15,2026-07-15
9846,ed5c3d91,452,4,202,3,6568690c,,,2026-07-15,2026-07-15
9847,689ceb20,662,3,202,1,bed1ac6c,,,2026-07-15,2026-07-15
9848,48c21f59,262,3,205,1,52368d16,,,2026-07-15,2026-07-15
9849,721ef80a,462,3,204,2,3f491b77,,,2026-07-15,2026-07-15
9850,c8645d2f,46,5,202,1,0fbfd231,,,2026-07-15,2026-07-15
9851,5611bf7c,233,6,203,3,1f937553,,,2026-07-15,2026-07-15
9852,13af34d3,118,1,204,3,abeb982e,,,2026-07-15,2026-07-15
9853,79d1e032,20,5,202,2,822c1444,,,2026-07-15,2026-07-15
9854,971341a6,335,1,204,4,84b47f93,,,2026-07-15,2026-07-15
9855,9f202d95,33,1,205,3,367ca016,,,2026-07-15,2026-07-15
9856,f6c17687,693,4,201,4,a8a7db6d,,,2026-07-15,2026-07-15
9857,f5a9bbdf,371,1,204,1,aece207c,,,2026-07-15,2026-07-15
9858,9a711a82,579,1,203,1,43b89e78,,,2026-07-15,2026-07-15
9859,b6402351,95,1,203,2,8125c6f0,,,2026-07-15,2026-07-15
9860,f30faf4a,483,5,203,1,6b6d0941,,,2026-07-15,2026-07-15
9861,9fbe74df,265,2,205,4,8125c6f0,,,2026-07-15,2026-07-15
9862,9808cf9e,202,7,202,1,d8b06558,,,2026-07-15,2026-07-15
9863,ebfc5062,143,4,205,2,03f0acfa,,,2026-07-15,2026-07-15
9864,61c5ab25,171,7,201,4,2df8b6f4,,,2026-07-15,2026-07-15
9865,a3e37341,627,5,203,2,b68bef7e,,,2026-07-15,2026-07-15
9866,3b9aebdc,95,7,205,3,60ce4ade,,,2026-07-15,2026-07-15
9867,d21e729d,202,5,204,3,3a1756fa,,,2026-07-15,2026-07-15
9868,47f51518,408,5,205,1,b68bef7e,,,2026-07-15,2026-07-15
9869,61e83c91,364,2,204,4,aefc1727,,,2026-07-15,2026-07-15
9870,3e6e3345,248,4,205,2,1b14dcc9,,,2026-07-15,2026-07-15
9871,f73ac229,706,3,202,2,2b2175cd,,,2026-07-15,2026-07-15
9872,f71f0f0d,502,7,204,5,4392286c,,,2026-07-15,2026-07-15
9873,0aeb9862,718,5,201,1,20f9eb9c,,,2026-07-15,2026-07-15
9874,0b41b467,373,3,204,5,d1cd1e4d,,,2026-07-15,2026-07-15
9875,2318ab37,385,5,202,3,43b89e78,,,2026-07-15,2026-07-15
9876,0be734a0,247,3,204,1,dfe6e1ff,,,2026-07-15,2026-07-15
9877,5dac2328,35,7,201,2,a426a28e,,,2026-07-15,2026-07-15
9878,384dfcaf,137,1,203,2,a0d8ebba,,,2026-07-15,2026-07-15
9879,5bf23b2b,217,6,203,1,3e66160b,,,2026-07-15,2026-07-15
9880,d90d0ddc,512,2,201,5,3cc541a7,,,2026-07-15,2026-07-15
9881,5175752a,348,6,205,5,5a53b8e9,,,2026-07-15,2026-07-15
9882,127fc79e,199,6,201,1,bd5892a8,,,2026-07-15,2026-07-15
9883,3c9929fd,84,5,205,4,7e1de19d,,,2026-07-15,2026-07-15
9884,b7ce32e7,89,7,201,1,0fbfd231,,,2026-07-15,2026-07-15
9885,6dd1910f,647,7,203,3,b427b66b,,,2026-07-15,2026-07-15
9886,284519e0,205,4,204,1,ed4939ed,,,2026-07-15,2026-07-15
9887,59d5f3fb,448,7,201,5,5482a297,,,2026-07-15,2026-07-15
9888,2962257e,314,1,201,5,970e594b,,,2026-07-15,2026-07-15
9889,23b9e131,299,5,202,5,ac535caa,,,2026-07-15,2026-07-15
9890,abbcde2e,294,7,203,3,e0e8c2a1,,,2026-07-15,2026-07-15
9891,f73f19b2,268,3,204,1,3c63e5d3,,,2026-07-15,2026-07-15
9892,22fc8108,460,4,203,4,58954ba4,,,2026-07-15,2026-07-15
9893,158cd9d5,287,2,204,4,c88f1b8d,,,2026-07-15,2026-07-15
9894,b33497d9,548,2,205,4,66299238,,,2026-07-15,2026-07-15
9895,cc211621,474,3,203,2,1b14dcc9,,,2026-07-15,2026-07-15
9896,202b187d,419,4,205,1,9efecf41,,,2026-07-15,2026-07-15
9897,b3f50a42,69,1,202,2,1242762d,,,2026-07-15,2026-07-15
9898,ad0c6013,141,3,203,5,aaa7dca8,,,2026-07-15,2026-07-15
9899,abe7582e,464,4,204,5,0d484e5f,,,2026-07-15,2026-07-15
9900,258c3136,175,7,203,5,b7effad0,,,2026-07-15,2026-07-15
9901,a6e0ca57,235,5,202,2,289b72c4,,,2026-07-15,2026-07-15
9902,c931e626,295,1,202,4,95ec6e5b,,,2026-07-15,2026-07-15
9903,57e7679d,258,1,202,5,a008a294,,,2026-07-15,2026-07-15
9904,159f802f,306,3,204,3,c50cc14e,,,2026-07-15,2026-07-15
9905,500943a3,243,1,203,3,bde42cc1,,,2026-07-15,2026-07-15
9906,29c7202c,379,7,204,2,89c3a817,,,2026-07-15,2026-07-15
9907,9cb8c7ce,672,6,202,3,b716556b,,,2026-07-15,2026-07-15
9908,9986b6e1,434,6,204,2,a426a28e,,,2026-07-15,2026-07-15
9909,dfab552c,662,1,202,1,8111bc07,,,2026-07-15,2026-07-15
9910,f0e7ad1f,231,3,203,5,3d6a9dc8,,,2026-07-15,2026-07-15
9911,36611520,424,3,202,1,943eab83,,,2026-07-15,2026-07-15
9912,05e78175,378,4,202,1,4739f6d9,,,2026-07-15,2026-07-15
9913,26aac0f6,547,2,204,5,20f9eb9c,,,2026-07-15,2026-07-15
9914,8be38049,678,7,204,4,95ec6e5b,,,2026-07-15,2026-07-15
9915,7335a9c8,64,1,203,5,01974f0f,,,2026-07-15,2026-07-15
9916,81a57546,231,5,203,5,e03caed0,,,2026-07-15,2026-07-15
9917,21e4571f,156,1,203,3,1f937553,,,2026-07-15,2026-07-15
9918,415bf033,217,7,204,5,92f2fd13,,,2026-07-15,2026-07-15
9919,26f11e2e,39,3,202,3,ada44e5b,,,2026-07-15,2026-07-15
9920,275fa319,35,7,204,5,2df8b6f4,,,2026-07-15,2026-07-15
9921,139f4e4d,618,2,202,5,03f0acfa,,,2026-07-15,2026-07-15
9922,7fe85b9c,359,1,205,5,c50cc14e,,,2026-07-15,2026-07-15
9923,914bd15a,621,7,201,5,5a5bf759,,,2026-07-15,2026-07-15
9924,6c7d8ddb,468,5,204,1,ce1b52ae,,,2026-07-15,2026-07-15
9925,aab004d1,454,4,204,4,13a46227,,,2026-07-15,2026-07-15
9926,baed3140,505,3,202,5,4960cc67,,,2026-07-15,2026-07-15
9927,5dbc9a80,685,6,205,3,6ef9ace3,,,2026-07-15,2026-07-15
9928,65503950,247,7,202,5,abeb982e,,,2026-07-15,2026-07-15
9929,8a455b1f,340,4,201,4,1d9305e2,,,2026-07-15,2026-07-15
9930,2184f4c0,487,3,204,5,19a61dd4,,,2026-07-15,2026-07-15
9931,20237ec9,183,7,204,3,852032b7,,,2026-07-15,2026-07-15
9932,ac2252d8,30,5,201,2,5a5bf759,,,2026-07-15,2026-07-15
9933,e0adb3da,636,1,203,4,50641c23,,,2026-07-15,2026-07-15
9934,157a4e97,404,1,205,1,37354f22,,,2026-07-15,2026-07-15
9935,d3386b9e,624,5,205,2,69956359,,,2026-07-15,2026-07-15
9936,29fa0112,121,3,202,3,aece207c,,,2026-07-15,2026-07-15
9937,77726f95,352,5,205,1,c1b30594,,,2026-07-15,2026-07-15
9938,fbdecfe2,289,5,204,1,0cfefde4,,,2026-07-15,2026-07-15
9939,258169a9,707,6,203,1,2f730975,,,2026-07-15,2026-07-15
9940,1377c052,275,4,204,4,bd4a772f,,,2026-07-15,2026-07-15
9941,9ddbd2f6,664,1,202,3,ddaa1bf9,,,2026-07-15,2026-07-15
9942,6c93e6ed,118,1,205,5,60ce4ade,,,2026-07-15,2026-07-15
9943,743f8ad7,600,5,205,1,550393a0,,,2026-07-15,2026-07-15
9944,8e10b228,722,5,203,3,f27a730c,,,2026-07-15,2026-07-15
9945,d8551bd9,301,3,201,4,1aaa9d3a,,,2026-07-15,2026-07-15
9946,d3dbd353,326,5,205,4,7e1de19d,,,2026-07-15,2026-07-15
9947,04eb3203,368,6,203,4,4739f6d9,,,2026-07-15,2026-07-15
9948,d9fc281e,576,1,204,4,719fa89e,,,2026-07-15,2026-07-15
9949,8de78c01,339,1,202,2,25faaa82,,,2026-07-15,2026-07-15
9950,4939949d,184,5,202,3,a0d8ebba,,,2026-07-15,2026-07-15
9951,dfa5b800,700,1,202,5,482ffe65,,,2026-07-15,2026-07-15
9952,41071ded,148,5,202,2,f248f0c6,,,2026-07-15,2026-07-15
9953,f97315db,682,3,204,5,25b7eced,,,2026-07-15,2026-07-15
9954,bb03615c,520,4,201,4,ee98f97e,,,2026-07-15,2026-07-15
9955,d84d8f35,385,2,202,2,f169683e,,,2026-07-15,2026-07-15
9956,a07c783e,106,6,203,5,3c63e5d3,,,2026-07-15,2026-07-15
9957,e5d04d2f,725,3,202,3,dfcfee6c,,,2026-07-15,2026-07-15
9958,933192e4,108,4,204,3,d8b06558,,,2026-07-15,2026-07-15
9959,0d4c38ca,718,1,205,2,4ba49536,,,2026-07-15,2026-07-15
9960,bd616f3c,216,3,205,3,f0924da4,,,2026-07-15,2026-07-15
9961,d55be4f7,148,7,205,2,2d45f6bd,,,2026-07-15,2026-07-15
9962,f39f5581,647,6,203,5,febfde98,,,2026-07-15,2026-07-15
9963,5af40f3a,619,3,204,1,efc887b8,,,2026-07-15,2026-07-15
9964,dfd89205,409,2,201,3,c7ead2cc,,,2026-07-15,2026-07-15
9965,1e19fc23,49,1,203,5,548dc0b3,,,2026-07-15,2026-07-15
9966,c1d0ac60,419,3,203,3,6b6d0941,,,2026-07-15,2026-07-15
9967,612997cb,453,6,203,4,b115a948,,,2026-07-15,2026-07-15
9968,0d2eb2ed,295,1,204,4,6a0cd270,,,2026-07-15,2026-07-15
9969,d554d539,691,1,201,1,3184736b,,,2026-07-15,2026-07-15
9970,a5cc659a,380,5,201,5,18d773af,,,2026-07-15,2026-07-15
9971,d6d0e97a,251,2,203,5,92f2fd13,,,2026-07-15,2026-07-15
9972,eb310dd7,488,4,202,3,13a46227,,,2026-07-15,2026-07-15
9973,a68aba22,370,3,203,5,ca496ce9,,,2026-07-15,2026-07-15
9974,e29d3e92,324,2,201,3,d8a2bbd7,,,2026-07-15,2026-07-15
9975,5933b936,216,2,202,1,e1e17a72,,,2026-07-15,2026-07-15
9976,91215bc6,491,1,202,1,247dccf1,,,2026-07-15,2026-07-15
9977,0cb92a39,423,7,205,3,20f9eb9c,,,2026-07-15,2026-07-15
9978,651d05a5,101,7,205,1,35acd685,,,2026-07-15,2026-07-15
9979,ffff02ac,540,3,204,3,a79b76cb,,,2026-07-15,2026-07-15
9980,410b2c61,251,4,201,5,3e66160b,,,2026-07-15,2026-07-15
9981,5b0fe116,599,1,203,3,5e91ed7b,,,2026-07-15,2026-07-15
9982,d1127b88,213,6,203,3,7fddfb89,,,2026-07-15,2026-07-15
9983,47565455,115,2,201,4,852032b7,,,2026-07-15,2026-07-15
9984,a179ed80,39,3,203,4,ccde9baa,,,2026-07-15,2026-07-15
9985,b7363cc2,235,5,205,4,3c63e5d3,,,2026-07-15,2026-07-15
9986,0cd8b28b,479,1,203,5,c05e9193,,,2026-07-15,2026-07-15
9987,2be913e5,416,5,205,4,ede49010,,,2026-07-15,2026-07-15
9988,50aae1a2,275,7,201,4,cedf6f69,,,2026-07-15,2026-07-15
9989,1f837bc1,85,4,205,4,208d275a,,,2026-07-15,2026-07-15
9990,608c9fb2,476,2,202,1,86613e2d,,,2026-07-15,2026-07-15
9991,f49dd363,60,7,203,1,ae76cc5c,,,2026-07-15,2026-07-15
9992,aff22396,441,6,201,4,ec5b641f,,,2026-07-15,2026-07-15
9993,3362b7ae,525,5,205,1,4739f6d9,,,2026-07-15,2026-07-15
9994,cd778eec,187,2,204,2,c475f6fc,,,2026-07-15,2026-07-15
9995,3433e7ad,192,1,202,3,482ffe65,,,2026-07-15,2026-07-15
9996,78020141,424,6,203,2,03f0acfa,,,2026-07-15,2026-07-15
9997,716af773,329,1,205,4,ddaa1bf9,,,2026-07-15,2026-07-15
9998,71d2c7f3,134,5,203,5,b68bef7e,,,2026-07-15,2026-07-15
9999,98d84474,409,1,203,3,c50cc14e,,,2026-07-15,2026-07-15
